Assuntos,Desc. física,Ent. princ.,Imprenta,Link,Título,Unidade de descrição,Material,Ent. sec.,Título analítico fonte,Série,ISBN,Forma do registro,Edição,Título não controlado
1. Em processamento,2 v : il.,"Brasil. Ministerio da Agricultura, Industria e Commercio","Rio de Janeiro (BR) : Typographia da Estatistica, 1916.",http://acervos.casaruibarbosa.gov.br/index.asp?codigo_sophia=31313,"Annuario Estatistico do Brazil : (1908-1912) / Ministerio da Agricultura, Industria e Commercio, Directoria Geral de Estatistica.",Livro - Português,,,,,,,,
,,,Rio de Janeiro,http://acervos.casaruibarbosa.gov.br/index.asp?codigo_sophia=7374,Revista do Livro,,Fonte de analítica avulsa,,,,,,,
,247 p.,"Freyre, Gilberto, 1900-1987","Rio de Janeiro (BR) ; Brasília (DF, BR) : Grifo : Mec, INL, 1972.",http://acervos.casaruibarbosa.gov.br/index.asp?codigo_sophia=4987,A condição humana e outros temas / Gilberto Freire.,Livro - Português,,I. Brasil. Ministério da Educação e Cultura. Serviço de Documentação,,,,,,
1. Em processamento,167 p.,"Arinos, Affonso, 1868-1916","Rio de Janeiro (BR) : F. Alves, 1918.",http://acervos.casaruibarbosa.gov.br/index.asp?codigo_sophia=32561,O mestre de campo : romance do século dezoito / Afonso Arinos.,Livro - Português,,,,,,,,
"1. Acióli, Antônio Pinto Nogueira, 1840-1921 2. Ceará",,"Leônidas, 1882-1943",[S.l.: s.n.].,http://acervos.casaruibarbosa.gov.br/index.asp?codigo_sophia=104411,A divisão naval no Ceará (episódio extra-roteiro): / Leônidas.,Charge (Reprodução),,,O Malho,,,,,
,t.1 . 626 p.,"Berthelot, A.","Paris (França) : Ernest Leoux Éditeur, 1885.",http://acervos.casaruibarbosa.gov.br/index.asp?codigo_sophia=119490,"Histoire intérieure de Rome : jusqu'a la batalle d'actium, tirée des roemische alterthümer de L. Lange / A. Berthelot et Didier.",Livro - Português,,I. Didier,,,,,,
,273 p. : il.,"Andrade, Mário de, 1893-1945","São Paulo (BR) : Martins, 1963.",http://acervos.casaruibarbosa.gov.br/index.asp?codigo_sophia=3859,Padre Jesuíno do Monte Carmelo / Mário de Andrade.,Livro,,,,(Obras completas de Mário de Andrade); 16),,,,
1. Em processamento,646 p.,"Cunha, Euclides da, 1866-1909","Rio de Janeiro (BR) : F. Alves, 1950.",http://acervos.casaruibarbosa.gov.br/index.asp?codigo_sophia=26526,Os sertões : campanha de Canudos / Euclydes da Cunha.,Livro - Português,,,,,,,,
"1. Nabuco, Joaquim, 1849-1910 2. Em processamento",309 p. : il.,"Vieira, Celso, 1878-1954","São Paulo (BR) : Instituto Progresso Editorial, 1949.",http://acervos.casaruibarbosa.gov.br/index.asp?codigo_sophia=40577,"Joaquim Nabuco : ""libertador da raça negra"" / Celso Vieira.",Livro - Português,,,,(Pantheon Brasileiro; 001)),,,,
"1. Fontes, Paulo Martins - Candidatura presidencial - 1919 2. Candidatura presidencial - 1919",,Marco Tullio,,http://acervos.casaruibarbosa.gov.br/index.asp?codigo_sophia=72520,A jornada do triundo,Artigo de Periódico - Português,,,Diário de Notícias,,,,,
"1. Pena, Afonso, 1847-1909 2. Peçanha, Nilo 1867-1924",,,[S.l.: s.n.].,http://acervos.casaruibarbosa.gov.br/index.asp?codigo_sophia=96568,Ultimo echo do banquete de Bello Horizonte,Charge (Reprodução),,,O Malho,,,,,
1. Literatura infantojuvenil 2. Folclore 3. Brasil,29 p. : il.,"Rainho, Cleonice, 1919-","Rio de Janeiro (BR) : Memórias Futuras, c1996.",http://acervos.casaruibarbosa.gov.br/index.asp?codigo_sophia=128690,Festas tradicionais brasileiras / Cleonice Rainho ; ilustrações de Ilene Lara.,Livro infantojuvenil - Português,,"I. Lara, Ilene (il)",,,8528700100,,,
1. Anti-herói,8 p.,"Rocha, Custódio","[S.l.] : Rodolfo Coelho Cavalcante, [19- ].",http://acervos.casaruibarbosa.gov.br/index.asp?codigo_sophia=83056,O homem que deu o sangue ao diabo / Custódio Rocha.,Folheto de cordel - Português,,,,,,,,
1. Fundação Casa de Rui Barbosa. Museu 2. Acervo museológico 3. Cachepô 4. Sala Pró-Aliados,01 cromo : color ; 6 x 6 cm.,"Gautherot, Marcel","Rio de Janeiro (BR) : [s.n.], 1974 a 1975.",http://acervos.casaruibarbosa.gov.br/index.asp?codigo_sophia=139683,Organização da Memória Fotográfica,Documento especial de arquivo,,I. Fundação Casa de Rui Barbosa,,,,Cromo.,,
1. Literatura infanto juvenil,10p. : il. color.,"Amorim, Patrícia","Blumenau (SC, BR) ; Vale das Letras, [200?].",http://acervos.casaruibarbosa.gov.br/index.asp?codigo_sophia=207023,O Presépio / Patrícia Amorim; ilustração: Editora Vale das Letras.,Livro infantojuvenil - Português,,I. Editora Vale das Letras,,(Contos de Natal),8576611813,,,
1. Em processamento,324 p.,,"São Paulo (BR) : Hucitec : EDUSP : Associação Brasileira de Pesquisadores em História Econômica : Imprensa Oficial, 2002.",http://acervos.casaruibarbosa.gov.br/index.asp?codigo_sophia=46612,"História econômica da Primeira República / Organização de Tamás Szmrecsányi, Sérgio S. Silva.",Livro - Português,,"I. Szmrecsányi, Tamás (org) II. Silva, Sergio S. (org)",,,,,"2. ed., rev",
"1. Barbosa, Rui 2. Fundação Casa de Rui Barbosa. Museu 3. Abotoadura 4. Campanha eleitoral",01 cromo : color ; 6 x 6 cm.,"Gautherot, Marcel","Rio de Janeiro (BR) : [s.n.], 1974 a 1975.",http://acervos.casaruibarbosa.gov.br/index.asp?codigo_sophia=140979,Organização da Memória Fotográfica,Documento especial de arquivo,,I. Fundação Casa de Rui Barbosa,,,,Cromo.,,
,212 p.,"Delfino, Luís","São Paulo (BR) : Ed. Nacional, [18--?].",http://acervos.casaruibarbosa.gov.br/index.asp?codigo_sophia=18212,Poesias lyricas / Luiz Delfino.,Livro - Português,,,,,,,,
"1. Lacerda, Carlos, 1914-1977 - Biografia",359 p. : il. ; 21 cm.,"Magalhães, Mauro","Rio de Janeiro : Civilização Brasileira, 1993.",http://acervos.casaruibarbosa.gov.br/index.asp?codigo_sophia=209663,"Carlos Lacerda, o sonhador pragmático : recordações na perspectiva do tempodo líder do Governo na Assembléia Legislativa da Guanabara / Mauro Magalhães.",Livro - Português,,"I. Lopes, F. F. (rev.)",,,907215,,3. ed. rev. e ampl.,
1. Reforma administrativa - Brasil 2. Administração pública,254 p. ; 23 cm.,"Costa, Frederico Lustosa da","Rio de Janeiro (BR) : FGV, 2010.",http://acervos.casaruibarbosa.gov.br/index.asp?codigo_sophia=122303,Reforma do Estado e contexto brasileiro : crítica do paradigma gerencialista / Frederico Lustosa da Costa.,Livro - Português,,I. Fundação Getúlio Vargas,,,9788522508235,,,
"1. Cervantes Saavedra, Miguel de, 1574-1616. Don Quixote 2. Literatura espanhola - Ensaios, conferências, etc 3. Literatura espanhola - Poesia",5v.,"Menéndez y Pelayo, Marcelino","Madri (Espanha) : Est. Tip. Sucesores de Rivadeneyra, 1893, 1908.",http://acervos.casaruibarbosa.gov.br/index.asp?codigo_sophia=65368,Estudios de crítica literaria,Livro - Espanhol,,I. Colección de escritores castellanos. Críticos,,(Colección de escritores castellanos; 1)),,,2. ed.,
,15 p.,"Santos, Juvenal Evangelista","[S.l.] : [s.n.], 1981.",http://acervos.casaruibarbosa.gov.br/index.asp?codigo_sophia=50110,Festival no Maranhão / Juvenal Evangelista.,Folheto de cordel - Português,,,,,,,,
1. Literatura - Periódico - Portugal,,,"Porto (Portugal) : Ed. A. Bertrand Neves, 1957-1961.",http://acervos.casaruibarbosa.gov.br/index.asp?codigo_sophia=113028,Bandarra : artes e letras / Ed. A. Bertrand Neves.,Periódico - Português,,,,,,,,
1. Folha 2. Homem,,"Andrade, Carlos Drummond de, 1902-1987",[S.l.: s.n.].,http://acervos.casaruibarbosa.gov.br/index.asp?codigo_sophia=194764,Folha,Documento textual de arquivo,,,Módulo,,,Poema.,,
1. Literatura francesa - Prosa,262 p.,"Halévy, Ludovia","Paris (França) : Guillard, Aillaud, [19--?].",http://acervos.casaruibarbosa.gov.br/index.asp?codigo_sophia=107427,O abade Constantino / Ludovia Halévy ; trad. de Manoel Pinheiro Chagas.,Livro - Português,,"I. Chagas, Manuel Pinheiro (trad)",,,,,,
,,,"Salvador, 09 jul. 1876",http://acervos.casaruibarbosa.gov.br/index.asp?codigo_sophia=73211,Diário da Bahia,,Fonte de analítica avulsa,,,,,,,
"1. Rio Branco, José Maria da Silva Paranhos, Barão do, 1845-1912 2. Cruz, Oswaldo, 1872-1917 3. Candidato 4. Presidente da república 5. Saúde pública 6. Higiene 7. Rio de Janeiro (RJ,BR)",,,,http://acervos.casaruibarbosa.gov.br/index.asp?codigo_sophia=100216,[Notas],Artigo de Periódico,,,O Malho,,,,,
,,,"Londres, 08 dez. 1894",http://acervos.casaruibarbosa.gov.br/index.asp?codigo_sophia=79302,The Times,,Fonte de analítica avulsa,,,,,,,
"1. Frontin, Paulo 1860-1933 2. Renovação urbana 3. Rio de Janeiro (BR) 4. Zé Povo",,"Rocha, ?-1939",[S.l.: s.n.].,http://acervos.casaruibarbosa.gov.br/index.asp?codigo_sophia=96329,Contraste do prefeito / Rocha.,Charge (Reprodução) - Português,,,O Malho,,,,,
,,Não identificado,,http://acervos.casaruibarbosa.gov.br/index.asp?codigo_sophia=194026,Vida literária,Documento textual de arquivo,,,,,,Artigo de periódico.,,
,1 doc : Manuscrito.,"Amado, Jorge","S.l : [s.n.], s.d.",http://acervos.casaruibarbosa.gov.br/index.asp?codigo_sophia=210071,Henrique IV e Gregório VII,Documento textual de arquivo,,,,,,Prova escolar.,,
1. Encontro da Cultura Brasileira - MINC 2. Cultura,Fita Video VHS.,,[S.l.: s.n.].,http://acervos.casaruibarbosa.gov.br/index.asp?codigo_sophia=136525,,Documento especial de arquivo,,,,,,Fita de video.,,
1. Nota de dedicatória 2. Em processamento,1 v. : il.,"Anjos, Cyro dos, 1906-1994","Brasília (DF, BR) : Universidade de Brasília, 1964.",http://acervos.casaruibarbosa.gov.br/index.asp?codigo_sophia=2010,Poemas coronários / Ciro dos Anjos.,Livro - Português,,,,,,,,
1. Higiene pública - Congressos 2. Demografia - Congressos 3. Discursos,128 p.,Congresso Internacional de Higiene e Demografia (1886 : Paris (França),"Paris (França) : J. B. Baillière, 1889.",http://acervos.casaruibarbosa.gov.br/index.asp?codigo_sophia=59054,Discours prononcé a la seánce générale d'ouverture / par M. le professeur Brouardel. Compte rendu des séances par le Dr. Reuss.,Livro - Francês,,"I. Brouardel, Paul Camille Hippolyte II. Reuss, L.",,,,,,
"1. Toledo, Dionísio",1 doc. : Manuscrito.,Cecília,"Paris (França) : [s.n.], de 15 jul. 1971.",http://acervos.casaruibarbosa.gov.br/index.asp?codigo_sophia=198539,,Documento textual de arquivo,,I. Cacaso (Destinatário),,,,Carta.,,
,,,Rio de Janeiro,http://acervos.casaruibarbosa.gov.br/index.asp?codigo_sophia=182566,,,Fonte de analítica avulsa,,,,,,,
,,,[S.l.: s.n.].,http://acervos.casaruibarbosa.gov.br/index.asp?codigo_sophia=183731,,[Sem material definido],,,,,,,,
,1 doc : Datilografado com emenda.,"Octavio Filho, Rodrigo (Rodrigo Octávio Langgaard de Menezes Filho), 1892-1969","[S. l.] : [s.n.], 14 set. 1950.",http://acervos.casaruibarbosa.gov.br/index.asp?codigo_sophia=170738,Tenho para mim - e a confissão que vou fazer não espanta,Documento textual de arquivo - Português,,,,,,Discurso.,,
1. Literatura de cordel brasileira,8 p.,"Dila, José Cavalcanti e Ferreira","Caruaru (PE, BR) : [s.n.], 1976.",http://acervos.casaruibarbosa.gov.br/index.asp?codigo_sophia=218933,São Cipriano e a Bruxa Espady / Autor: José Cavalcanti e Ferreira Dila.,Folheto de cordel - Português,,,,,,,,
,,,,http://acervos.casaruibarbosa.gov.br/index.asp?codigo_sophia=190792,,,Fonte de analítica avulsa,,,,,,,
,,,,http://acervos.casaruibarbosa.gov.br/index.asp?codigo_sophia=36180,O Tempo,,Fonte de analítica avulsa,,,,,,,
,183 p.,"Schmidt, Afonso","São Paulo (BR) : Clube do Livro, 1955.",http://acervos.casaruibarbosa.gov.br/index.asp?codigo_sophia=4029,Mistérios de São Paulo / Afonso Schmidt.,Livro,,,,,,,,
1. Acre (BR) 2. Acre (AC) - História 3. Região Norte - História,142 p. : il.,"Meira, Sílvio, 1919-","Rio de Janeiro (BR) : Record, 1964.",http://acervos.casaruibarbosa.gov.br/index.asp?codigo_sophia=127450,A epopéia do Acre : batalhas do ouro-negro / Sílvio de Bastos Meira ; ilustrações e capa de Armando Pacheco.,Livro infantojuvenil - Português,,"I. Alves, Armando Pacheco, 1913-1965 (il)",,(Enciclopédia Histórica; 013)),,,,
1. Paraíba - História,v.,"Machado, Maximiano Lopes","João Pessoa (PB, BR) : Ed. Universitária, UFPb, 1977.",http://acervos.casaruibarbosa.gov.br/index.asp?codigo_sophia=109947,História da província da Paraíba / Maximiano Lopes Machado.,Livro - Português,,"I. Otávio, José (pref)",,,,,Reprod. da ed. de 1912,
,,,Rio de Janeiro,http://acervos.casaruibarbosa.gov.br/index.asp?codigo_sophia=191420,,,Fonte de analítica avulsa,,,,,,,
1. Literatura infantojuvenil 2. Ecologia 3. Brasil 4. Pantanal Mato-grossense (MT e MS),"98, [1].","Ribeiro, José Hamilton","São Paulo (BR) : Brasiliense, 1974.",http://acervos.casaruibarbosa.gov.br/index.asp?codigo_sophia=123454,"Pantanal, amor-baguá / José Hamilton Ribeiro.",Livro infantojuvenil - Português,,,,(Jovens do Mundo Todo)),,,,
1. Heroi casal,31 p.,"Lima, João Ferreira de, 1902-1972","Juazeiro do Norte (CE, BR) : João Martins de Athayde, 1953.",http://acervos.casaruibarbosa.gov.br/index.asp?codigo_sophia=54004,Romance de José de Sousa Leão / João Ferreira Lima.,Folheto de cordel - Português,,,,,,,,
"1. MOREIRA, Thiers Martins. O Menino e o Palacete",2 docs.,"Gomes, Eugênio","Rio de Janeiro (BR) : [s.n.], 25 out. 1954 e 23 fev. 1962.",http://acervos.casaruibarbosa.gov.br/index.asp?codigo_sophia=165063,Correspondência - Thiers Martins Moreira,Documento textual de arquivo - Português,,"I. Moreira, Thiers Martins (Destinatário)",,,,Correspondência.,,
,221 p.,Paulo Henrique,"São Paulo (BR) : Brasiliense, 1947.",http://acervos.casaruibarbosa.gov.br/index.asp?codigo_sophia=119518,Panoramas da história / Paulo Henrique.,Livro - Português,,,,,,,,
,,,[S.l.: s.n.].,http://acervos.casaruibarbosa.gov.br/index.asp?codigo_sophia=149457,,[Sem material definido],,,,,,,,
,16 p. : il.,"Barros, Leandro Gomes de, 1865-1918","Juazeiro do Norte (CE, BR) : José Bernardo da Silva, 1976.",http://acervos.casaruibarbosa.gov.br/index.asp?codigo_sophia=38942,"Meia noite no cabarét / João Martins de Athayde, [Leandro Gomes de Barros].",Folheto de cordel - Português,,"I. Athayde, João Martins de, 1880-1959",,,,,,
"1. NAVA, Pedro. Poliedro 2. BEYRO FERNANDEZ, Roberto",5 docs : Manuscrito e datilografado.,"Andrade, Maria Julieta Drummond de","Buenos Aires (Argentina) : [s.n.], de 25 jul. 1979 a 15 abr. 1980.",http://acervos.casaruibarbosa.gov.br/index.asp?codigo_sophia=165601,Correspondência - Pedro Nava,Documento textual de arquivo - Português,,"I. Nava, Pedro (Destinatário)",,,,Correspondência.,,
1. Em processamento,3 v : il.,"Tellechea, Domingo I.","São Paulo (BR) : Instituto Domingo Tellechea de Conservação e Restauro, 1998.",http://acervos.casaruibarbosa.gov.br/index.asp?codigo_sophia=16312,Pintura en restauro / Domingo I. Tellechea.,Livro - Português,,,,,,,,
,,,"Rio de Janeiro, 23 dez. 1889",http://acervos.casaruibarbosa.gov.br/index.asp?codigo_sophia=75762,O Paiz,,Fonte de analítica avulsa,,,,,,,
,88 p. : il.,"Fonseca, Eliane","São Paulo (BR) : Massao Ohno Ed, 1990.",http://acervos.casaruibarbosa.gov.br/index.asp?codigo_sophia=2395,Histórias de ventania / Eliane Fonseca ; ilustrações de Maninha Cavalcante.,Livro,,"I. Cavalcante, Maninha",,,,,,
1. Direito penal,vii + 161.,"Géminel, Charles","Paris (França) : A. Rousseau, 1899.",http://acervos.casaruibarbosa.gov.br/index.asp?codigo_sophia=61005,De la responsabilité pénale : des associations,Livro - Francês,,I. Paris. Université. Faculté de Droit,,,,,,
1. Estados Unidos - História - 1801-1809 2. Estados Unidos - História - 1809-1817,9 v : il.,"Adams, Henry (Henry Brooks Adams)","Nova Iorque (EUA) : C.Scribner's, 1889-91.",http://acervos.casaruibarbosa.gov.br/index.asp?codigo_sophia=54613,History of the United States of America / Henry Adams.,Livro - Inglês,,,,,,,,
1. Notas de dedicatória 2. Direito penal - Brasil,208p. ; 21cm.,"Gonçalves, Victor Eduardo Rios","São Paulo (BR) : Saraiva, 2002.",http://acervos.casaruibarbosa.gov.br/index.asp?codigo_sophia=122729,Dos crimes contra os costumes aos crimes contra a administração / Victor Eduardo Rios Gonçalves.,Livro,,,,(Sinopses Jurídicas)),8502023543,,"5.ed., ampl. e atual",
1. Imigrante japonês 2. Imigração,,"Storni, 1881-1966",[S.l.: s.n.].,http://acervos.casaruibarbosa.gov.br/index.asp?codigo_sophia=104943,Os japonezes no Rio / Storni.,Charge (Reprodução) - Português,,,O Malho,,,,,
,,"Barbosa, Rui, 1849-1923",,http://acervos.casaruibarbosa.gov.br/index.asp?codigo_sophia=27926,A reforma em projeto : a mobilização do lastro dos bancos - o imposto em oiro - império e república. Sessão em 13 de janeiro de 1892,Capítulo de livro,,,Discursos parlamentares,,,,,
,17 p.,"Leite Neto, João","Maceió : Indústria Gráfica Alagoana, 1975.",http://acervos.casaruibarbosa.gov.br/index.asp?codigo_sophia=47759,O campus Tamandaré / Etiel da Viçosa.,Folheto de cordel - Português,,,,,,,,
1. Educação e arte 2. Projeto educacional e social 3. Cultura brasileira,152 p. : il. ; 24 cm.,Centro de Documentação e Referência Itaú Cultural,"São Paulo (BR) : Itaú Cultural, 2010.",http://acervos.casaruibarbosa.gov.br/index.asp?codigo_sophia=131534,"Expedições : Rumos Edicação, Cultura e Arte 2008-2010 / Centro de Documentação e Referência Itaú Cultural ; ilustrações de Vânia Medeiros.",Livro infantojuvenil,,"I. Medeiros, Vânia (il)",,,9788579790140,,,
"1. Barbosa, Rui 2. Centenário de Nascimento de Rui Barbosa - 1949 3. Rio de Janeiro (BR) 4. Translado de Rui Barbosa - Rio de Janeiro",,Atlas Publicidade,[S.l.: s.n.].,http://acervos.casaruibarbosa.gov.br/index.asp?codigo_sophia=159480,Translado de Rui Barbosa,Documento especial de arquivo,,,,,,Fotografia.,,
"1. Crítica literária 2. Lebesque, Phileas, 1869-1958 3. Literatura - Historia e Critica",185 p.,"Veiga, Cláudio, 1927-","Rio de Janeiro (BR) : Topbooks, 1998.",http://acervos.casaruibarbosa.gov.br/index.asp?codigo_sophia=16011,Um brasilianista francês : Philéas Lebesgue / Cláudio Veiga ; pref. de Carlos Nejar.,Livro - Português,,"I. Nejar, Carlos (pref) II. Fundação Cultural do Estado da Bahia",,,8586020591,,,
,115 p.,"Castro, Silvia de","Lisboa (Portugal) : Europa América, [19--].",http://acervos.casaruibarbosa.gov.br/index.asp?codigo_sophia=11085,"Antologia de poetas de Língua Portuguesa / Silvia de Castro, Daniel Diniz.",Livro,,"I. Diniz, Daniel",,,,,,
"1. Morny, Charles-Auguste-Louis-Joseph, Duc de, 1811-1865 2. França - História - Segundo império, 1852-1870","x, 366 : il.","Loliée, Frédéric","Paris (França) : Éd. Émile-Paul, 1928.",http://acervos.casaruibarbosa.gov.br/index.asp?codigo_sophia=109619,Frère d'Empereur : Le Duc de Morny et la société du second empire d'après des papiers de famille et les archives secrètes du Ministère de l'Intérieur / Frédéric Loliée.,Livro - Francês,,,,,,,15e. ed.,
"1. Balzac, Honoré de, 1799-1850",288 p : il.,"Cabanès, Augustin, 1862-1928","Paris : Albin Michel, s.d.",http://acervos.casaruibarbosa.gov.br/index.asp?codigo_sophia=40093,Balzac ignoré / D' Cabanès.,Livro - Francês,,,,,,,"12 éd, rev. et augm",
1. Felicitação 2. Política Baiana - O missivista comunica a sucessão governamental na Bahia,10 documentos ; Médio.,"FONTOURA, Propício da","Rio de Janeiro (RJ, BR) : [s.n.] ; Bahia (Bahia) : [s.n.], 06-11-1914 a 05-11-1917.",http://acervos.casaruibarbosa.gov.br/index.asp?codigo_sophia=156742,,Documento textual de arquivo,,"I. SIMÕES FILHO, Ernesto, Doutor II. Barbosa, Rui (Destinatário) III. Barbosa, Alfredo Rui (Destinatário)",,,,"Correspondências usuais; Cartão de visita, telegramas e carta.",,
,1 v.,"Siqueira, Walter","Campos dos Goytacazes (RJ, BR) : Instituto Campista de Literatura, 1992.",http://acervos.casaruibarbosa.gov.br/index.asp?codigo_sophia=118027,O tema é perdão / Walter Siqueira.,Livro - Português,,,,,,,,
1. Cidade 2. Vila 3. Vocabulário,,"Andrade, Carlos Drummond de, 1902-1987","[S.l.: s.n.], [s. d.].",http://acervos.casaruibarbosa.gov.br/index.asp?codigo_sophia=192325,Lugares do Brasil,Documento textual de arquivo,,"I. GHYKA, Matila, 1881-1965 (Citação) II. Carvalho, Daniel de (Citação) III. Instituto Brasileiro de Geografia e Estatística",Leitura,,,crônica.,,
1. Transportes - embarcações,,"ELIOT, Harry",[S.l.: s.n.].,http://acervos.casaruibarbosa.gov.br/index.asp?codigo_sophia=161476,Veleiro,Documento especial de arquivo,,,,,,Estampa.,,
,217 p.,"Assis, Machado de, 1839-1908","São Paulo (BR) : Globo, 1997.",http://acervos.casaruibarbosa.gov.br/index.asp?codigo_sophia=11734,Contos fluminenses : contos / Machado de Assis.,Livro - Português,,,,(Obras completas de Machado de Assis)),,,,
,"01 p. ; Altura do bule: 0,0223m, Comprimento do bule: 0,215m, Altura da armação: 0,393m, Comporimento da armação: 0,192m, Largura da armação: 0,179m.",,"Não especificado : Não especificado, Não especificado.",http://acervos.casaruibarbosa.gov.br/index.asp?codigo_sophia=132999,Samovar,Objeto,,,,,,,,
1. Literatura - Periódico - Brasil,,,"Maceió (AL, BR) : Organizações Brêda, 1961- .",http://acervos.casaruibarbosa.gov.br/index.asp?codigo_sophia=113707,Feira Literária,Periódico - Português,,,,,,,,
1. Impostos - Roma 2. Direito administrativo - França 3. Execuções (Direito civil) - França,204 p.,"Valroger, Raoul Léon Lucien de","Paris (França) : A. Rousseau, 1895.",http://acervos.casaruibarbosa.gov.br/index.asp?codigo_sophia=69037,De la ferme des impots et autres revenus publics : De la contrainte administrative. Thèse pour le doctorat,Livro - Francês,,I. Paris. Université. Faculté de Droit,,,,,,
"1. Descartes, René, 1596-1650 2. Ciência - Metodologia 3. Metafísica",222 p : il.,"Descartes, René, 1596-1650","Paris (França) : Louis-Michaud, s.d.",http://acervos.casaruibarbosa.gov.br/index.asp?codigo_sophia=60189,"Descartes : choix de textes avec etude du système philosophique et notices biographique et bibliographique. Pref. de Labescat, agrégé de philosophie / René Descartes.",Livro - Francês,,"I. Debricon, L. II. Labescat, pref",,(Les Grands Philosophes Français et Étrangers)),,,,
"1. Marx, Karl, 1818-1883 2. Engels, Friedrich, 1820-1895 3. Marxismo",224 p.,"Goldendach, David Borisovich, 1870-1942","Nova Iorque (EUA) : International Publishers, [1927].",http://acervos.casaruibarbosa.gov.br/index.asp?codigo_sophia=91826,Karl Marx and Friedrich Engels / by D. Riazanov [pseud.].,Livro - Inglês,,,,,,,,
"1. Encadernação - Manuais, guias, etc.",190 p. : il. ; 21 cm.,"Parada, Felipe","Buenos Aires (Argentina) : Joaquin Torres, 1943.",http://acervos.casaruibarbosa.gov.br/index.asp?codigo_sophia=214132,"La encuadernacion al alcance de todos : manual para el aficionado (fácil, entretenido, práctico y de utilidad) / Felipe Parada.",Livro - Espanhol,,,,,,,2. ed. cor. y aum.,
"1. Callado, Antonio 2. Espaço urbano",153 f.,"De Benedictis, Barbara","Roma (Itália) : Universitá degli Studi di roma ""La Sapienza"", 1993-1994.",http://acervos.casaruibarbosa.gov.br/index.asp?codigo_sophia=10332,Spazio urbano e metafora silvestre in concerto carioca di Antonio Callado / Barbara De Benedictis.,Tese - Italiano,,"I. Finazzi-Agrò, Ettore (Orient.)",,,,,,
,,,[S.l.: s.n.].,http://acervos.casaruibarbosa.gov.br/index.asp?codigo_sophia=175897,,[Sem material definido],,,,,,,,
1. Sobrenatural,24 p.,"Athayde, João Martins de, 1880-1959","[S.l.] : [s.n.], [19- ].",http://acervos.casaruibarbosa.gov.br/index.asp?codigo_sophia=82461,História completa de Juvenal e o dragão / João Martins de Athayde.,Folheto de cordel - Português,,,,,,,,Historia de Juvenal e o dragão
,205 p.,"Villaça, Antonio Carlos, 1928-2005","Rio de Janeiro (BR) : Zahar, 1975.",http://acervos.casaruibarbosa.gov.br/index.asp?codigo_sophia=119858,O pensamento catolico no Brasil / Antonio Carlos Villaça.,Livro - Português,,,,(Panorama cultural brasileiro)),,,,
1. Em processamento,196 p.,"Teixeira, Maria de Lourdes","São Paulo (BR) : Melhoramentos, 1975.",http://acervos.casaruibarbosa.gov.br/index.asp?codigo_sophia=1978,O banco de 3 lugares : romance / Maria de Lourdes Teixeira.,Livro - Português,,,,(Série Escalada)),,,3. ed.,
1. Literatos ingleses 2. Literatos americanos 3. Literatura inglesa,xx + 760 + 46 p : il.,"Herrig, L.","Brunsvique (Baixa Saxônia, Alemanha) : G. Westermann, 1906.",http://acervos.casaruibarbosa.gov.br/index.asp?codigo_sophia=62129,British classical authors : with biographical notices / L. Herrig. Edited by Max Förster.,Livro - Inglês,,"I. Förster, Max (ed)",,,,,87. ed,
1. Em processamento,15 p.,"Marinho, Josafá","Salvador (BA, BR) : Centro de estudos baianos da Universidade Federal da Banhia, 1985.",http://acervos.casaruibarbosa.gov.br/index.asp?codigo_sophia=7058,"Universidade, cultura e política / Josaphat Marinho.",Folheto,,,,"(Universidade Federal da Bahia. Centro de Estudos Baianos, Publicação; v. 119))",,,,
1. Arquivos e educação - Teses 2. Jogos digitais - Teses 3. Jogos educativos - Teses 4. Fundação Casa de Rui Barbosa. Serviço de Arquivo Histórico e Institucional - Teses,153 f : il.,"Jaccoud, Leandro de Abreu Souza","Rio de Janeiro (RJ,BR) : Fundação Casa de Rui Barbosa, 2018.",http://acervos.casaruibarbosa.gov.br/index.asp?codigo_sophia=218161,"A educação patrimonial com/nos arquivos e o uso de jogos cooperativos on-line : monitoramento e avaliação do módulo educativo do sítio Escravidão, abolição e pós-abolição / Leandro de Abreu Souza Jaccoud; Profa. Dra. Marta Ribeiro Rocha e Silva de Senna (orientadora).",Dissertação de mestrado - Português,,,,,(Enc.),,,
1. Abolicionismo 2. Escravidão,,"Barbosa, Rui, 1849-1923",,http://acervos.casaruibarbosa.gov.br/index.asp?codigo_sophia=20469,O dia máximo,Capítulo de livro,,,Queda do Império : diário de Notícias,,,,,
1. Arianos 2. Civilização - História,"xli, 450 p.","Seillière, Ernest Antoine Aimé Léon, baron de","Paris (França) : Plon-Nourrit, 1903.",http://acervos.casaruibarbosa.gov.br/index.asp?codigo_sophia=44812,Le comte de Gobineau : et l'aryanisme histórique,Livro,,"I. Gobineau, Joseph Arthur, comte, 1816-1882",,"(La Philosophie de l´Imperialisme, 1)",,,,
,1 doc : Datilografado.,"Castelo Branco, Carlos","[S. l.] : [s.n.], s.d.",http://acervos.casaruibarbosa.gov.br/index.asp?codigo_sophia=198490,Eram quatro horas da tarde quando...,Documento textual de arquivo,,,,,,Conto.,,
"1. Nota de dedicatória 2. História de Recife (PE) 3. Viagem - Recife (PB, BR) 4. Recife (PB, BR) - Guia",182 p. : il.,"Freyre, Gilberto, 1900-1987","Rio de Janeiro (BR) : J. Olympio, 1961.",http://acervos.casaruibarbosa.gov.br/index.asp?codigo_sophia=54378,"Guia prático, histórico e sentimental da cidade do Recife / Gilberto Freyre ; ilustrações de Luís Jardim.",Livro - Português,,"I. Jardim, Luis (il)",,(Obras reunidas de Gilberto Freyre)),,,"3. ed., rev., aum. e atual",
,,,"New York, 17 jul. 1890",http://acervos.casaruibarbosa.gov.br/index.asp?codigo_sophia=76514,The Weekly Post,,Fonte de analítica avulsa,,,,,,,
,,,[S.l.: s.n.].,http://acervos.casaruibarbosa.gov.br/index.asp?codigo_sophia=152504,,[Sem material definido],,,,,,CD-ROM.,,
1. Nota de dedicatória 2. São Paulo (Estado) - Politica,165 p.,"Coelho, Henrique José","São Paulo (BR) : Diario Official, 1910.",http://acervos.casaruibarbosa.gov.br/index.asp?codigo_sophia=39939,A organização politica do Estado de São Paulo e as suas leis constitucionaes,Livro - Português,,,,,,,,
1. Literatura francesa - Romance - Século XIX 2. Literatura francesa - Romance - Século XX,,"Capus, Alfred","Paris (França) : Calmann-Lévy, s.d.",http://acervos.casaruibarbosa.gov.br/index.asp?codigo_sophia=57425,Faux départ / Illustrations de Charles Roussel.,Folheto - Francês,,,,,,,,
