Código da Imagem,Palavras Chave,Código de Referência,Fundo / Coleção,Setor de Origem,Autoria,Notas de Documento,Data da Imagem,Cidade,País,Qualidade da Imagem,Texto de Direitos Autorais,Prioridade,Tipo de Captura,Data de Criação,Origem da Imagem,Resolução em DPI,Extensão,Técnico,Titulo,Link
CLS SOC DOS6 CP98,Família Oliveira Castro,BR FCRB,Coleção Lúcia Sanson,Arquivo,L. J. & Cie.,"Nota: ""Presada Hilda Só hoge um postal paque possa escrever muito, já respondo a Nenê. Muito obrigado pelas boas novas e desejo que continues bem. beijos ao Jorginho e nas maninhas. abraços da Mimi; afirmando e de tua tia e amiga (lembranças a Maneco) Elvira Lopes."" Dest: Mademoiselle Hilda d’Oliveira Castro. Ville Aiglon 5 Boulevard Cimiez. Nice.",12/03/1907,Paris (FRA),FRA,Bom,L. J. & Cie.,5,Scanner,2015-06-29,Cartão Postal,600,Tiff,adams,Título: Igreja Notre-Dame Clignacourt,http://iconografia.casaruibarbosa.gov.br/fotoweb/Preview.fwx?&position=1&archiveType=ImageFolder&archiveId=5002&albumId=5002&sorting=ModifiedTimeAsc&search=&fileId=CE29C4840AA53CD6D10ABCAA711A45DA5C7B6A664273B498F3FFF064C42E881824E7E072C2C70B224D037E3F25438E01494AFB3BB21E04AB22D4D85BDEE50CA12D3233BD7E70EA777FC1176462580EF92E7537803F0ABC90C768C8E028110DFC45B01C1BFE9BEFC8446EBE5E932021B11B62E22529A099C8C91D43365A49696EEE4CE2CD4397C5A48277E3367F5C7A9CEBAED4B7E7D08B9EC9D9FA0036D64606C91C00E496C13FC8
CLS SOC DOS6 CP99,Família Oliveira Castro,BR FCRB,Coleção Lúcia Sanson,Arquivo,Stenders Kunstnerbrevkot Eneberettiget,"Nota: ""Querida Hilda envio-vos aqui saudades. Estamos visitando meu cunhado e gozando as belezas da primavera. Como vão todos? Sei que já estão no Rio e com certeza já aproveitando da “saison” A todos muitas recomendações e muitas saudades Sua I. Brandt."" Dest: Mademoiselle Melle Hilda de Oliveira Castro. R. Voluntários da Patria. 128 RJ. S/d",3/05/1911,Berlim (DEU),BEL,Bom,Stenders Kunstnerbrevkot Eneberettiget,5,Scanner,2015-06-29,Cartão Postal,600,Tiff,adams,"Título: Paisagem da cidade de Berlim, Alemanha",http://iconografia.casaruibarbosa.gov.br/fotoweb/Preview.fwx?position=2&archiveType=ImageFolder&albumId=5002&sorting=ModifiedTimeAsc&search=&fileId=CE29C4840AA53CD6D10ABCAA711A45DA5C7B6A664273B498F3FFF064C42E881824E7E072C2C70B224D037E3F25438E01494AFB3BB21E04AB22D4D85BDEE50CA12D3233BD7E70EA777FC1176462580EF92E7537803F0ABC90C768C8E028110DFC98CECC97F8B13291446EBE5E932021B11B62E22529A099C8C91D43365A49696EEE4CE2CD4397C5A48277E3367F5C7A9CEBAED4B7E7D08B9EC9D9FA0036D64606C91C00E496C13FC8
CLS SOC DOS6 CP95,Família Oliveira Castro,BR FCRB,Coleção Lúcia Sanson,Arquivo,Stengel & Co.,Sem nota Dest: Melles Oliveira Castro. Ville Aiglon 5 Boulevard Cimiez. Nice.,s/d,Roma (ITA),ITA,Bom,Stengel & Co.,5,Scanner,2015-06-29,Cartão Postal,600,Tiff,adams,Título: Camponesa italiana,http://iconografia.casaruibarbosa.gov.br/fotoweb/Preview.fwx?position=3&archiveType=ImageFolder&albumId=5002&sorting=ModifiedTimeAsc&search=&fileId=CE29C4840AA53CD6D10ABCAA711A45DA5C7B6A664273B498F3FFF064C42E881824E7E072C2C70B224D037E3F25438E01494AFB3BB21E04AB22D4D85BDEE50CA12D3233BD7E70EA777FC1176462580EF92E7537803F0ABC90C768C8E028110DFCE0CE63398C5A43E8446EBE5E932021B16CF74A5DCD83F84CC91D43365A49696EEE4CE2CD4397C5A48277E3367F5C7A9CEBAED4B7E7D08B9EC9D9FA0036D64606C91C00E496C13FC8
CLS SOC DOS6 CP96,Família Oliveira Castro,BR FCRB,Coleção Lúcia Sanson,Arquivo,Stebbing,"Nota: ""Minha Hilda Muitos beijos da sua mãe muito amiga Dest: Melle. M. de Oliveira Castro. 19 Crescent Grove 19 Claptham Common.""",s/d,Paris (FRA),FRA,Bom,Stebbing,5,Scanner,2015-06-29,Cartão Postal,600,Tiff,adams,Título: Cartão-postal com inscrição: 'le C'est ma lanterne!',http://iconografia.casaruibarbosa.gov.br/fotoweb/Preview.fwx?position=4&archiveType=ImageFolder&albumId=5002&sorting=ModifiedTimeAsc&search=&fileId=CE29C4840AA53CD6D10ABCAA711A45DA5C7B6A664273B498F3FFF064C42E881824E7E072C2C70B224D037E3F25438E01494AFB3BB21E04AB22D4D85BDEE50CA12D3233BD7E70EA777FC1176462580EF92E7537803F0ABC90C768C8E028110DFC268966A2FB410103446EBE5E932021B16CF74A5DCD83F84CC91D43365A49696EEE4CE2CD4397C5A48277E3367F5C7A9CEBAED4B7E7D08B9EC9D9FA0036D64606C91C00E496C13FC8
CLS SOC DOS6 CP97,Família Oliveira Castro,BR FCRB,Coleção Lúcia Sanson,Arquivo,Millicent Sowerby,"Nota: ""Lausanne Savoy Hotel 31/12/18 A boa amiguinha Alda deseja um anno novo muito feliz e alegre. de Beatriz de Oliveira Castro, peço que transmita meus cumprimentos e desejos de bom anno a todos os seus."" Dest: Mademoiselle Alda Teixeira Soares. 546. Rua Souza Franco. Petropolis. RJ.",31/12/1918,Lausane (SUI),SUI,Bom,Millicent Sowerby,5,Scanner,2015-06-29,Cartão Postal,600,Tiff,adams,Título: Cartão-postal de Anne Millicent Sowerby,http://iconografia.casaruibarbosa.gov.br/fotoweb/Preview.fwx?position=5&archiveType=ImageFolder&albumId=5002&sorting=ModifiedTimeAsc&search=&fileId=CE29C4840AA53CD6D10ABCAA711A45DA5C7B6A664273B498F3FFF064C42E881824E7E072C2C70B224D037E3F25438E01494AFB3BB21E04AB22D4D85BDEE50CA12D3233BD7E70EA777FC1176462580EF92E7537803F0ABC90C768C8E028110DFC8048477F53D2DCAB446EBE5E932021B16CF74A5DCD83F84CC91D43365A49696EEE4CE2CD4397C5A48277E3367F5C7A9CEBAED4B7E7D08B9EC9D9FA0036D64606C91C00E496C13FC8
CLS SOC DOS6 CP91,"Família Oliveira Castro  ,  Camponês",BR FCRB,Coleção Lúcia Sanson,Arquivo,Raphael Tuck & Fils Ltd.,Sem nota Dest: Melles Oliveira Castro. Ville Aiglon 5 Boulevard Cimiez. Nice.,15/07/1907,Londres (GBR),FRA,Bom,Raphael Tuck & Fils Ltd.,5,Scanner,2015-06-29,Cartão Postal,600,Tiff,adams,Título: Camponesa ribeirinha na cidade de Nante,http://iconografia.casaruibarbosa.gov.br/fotoweb/Preview.fwx?position=6&archiveType=ImageFolder&albumId=5002&sorting=ModifiedTimeAsc&search=&fileId=CE29C4840AA53CD6D10ABCAA711A45DA5C7B6A664273B498F3FFF064C42E881824E7E072C2C70B224D037E3F25438E01494AFB3BB21E04AB22D4D85BDEE50CA12D3233BD7E70EA777FC1176462580EF92E7537803F0ABC90C768C8E028110DFCF787D55AEBC793FF446EBE5E932021B1FE8168E663F1BB42C91D43365A49696EEE4CE2CD4397C5A48277E3367F5C7A9CEBAED4B7E7D08B9EC9D9FA0036D64606C91C00E496C13FC8
CLS SOC DOS6 CP92,"Família Oliveira Castro  ,  Camponês",BR FCRB,Coleção Lúcia Sanson,Arquivo,Raphael Tuck & Fils Ltd.,Sem nota Dest: Melles Oliveira Castro. Ville Aiglon 5 Boulevard Cimiez. Nice.,04/07/1907,Paris (FRA),FRA,Bom,Raphael Tuck & Fils Ltd.,5,Scanner,2015-06-29,Cartão Postal,600,Tiff,adams,Título: Cartão-postal da família Oliveira Castro de uma pintura de uma camponesa à beira-mar.,http://iconografia.casaruibarbosa.gov.br/fotoweb/Preview.fwx?position=7&archiveType=ImageFolder&albumId=5002&sorting=ModifiedTimeAsc&search=&fileId=CE29C4840AA53CD6D10ABCAA711A45DA5C7B6A664273B498F3FFF064C42E881824E7E072C2C70B224D037E3F25438E01494AFB3BB21E04AB22D4D85BDEE50CA12D3233BD7E70EA777FC1176462580EF92E7537803F0ABC90C768C8E028110DFC7512539EF5D6284E446EBE5E932021B1FE8168E663F1BB42C91D43365A49696EEE4CE2CD4397C5A48277E3367F5C7A9CEBAED4B7E7D08B9EC9D9FA0036D64606C91C00E496C13FC8
CLS SOC DOS6 CP93,"Família Oliveira Castro  ,  Camponês",BR FCRB,Coleção Lúcia Sanson,Arquivo,Raphael Tuck & Fils Ltd.,Sem nota Dest: Melles Oliveira Castro. Ville Aiglon 5 Boulevard Cimiez. Nice.,13/06/1907,Nice (FRA),FRA,Bom,Raphael Tuck & Fils Ltd.,5,Scanner,2015-06-29,Cartão Postal,600,Tiff,adams,Título: Cartão-postal da família Oliveira Castro de uma extirpadiora no campo em Nice.,http://iconografia.casaruibarbosa.gov.br/fotoweb/Preview.fwx?position=8&archiveType=ImageFolder&albumId=5002&sorting=ModifiedTimeAsc&search=&fileId=CE29C4840AA53CD6D10ABCAA711A45DA5C7B6A664273B498F3FFF064C42E881824E7E072C2C70B224D037E3F25438E01494AFB3BB21E04AB22D4D85BDEE50CA12D3233BD7E70EA777FC1176462580EF92E7537803F0ABC90C768C8E028110DFC3BA44A702AFCE022446EBE5E932021B1FE8168E663F1BB42C91D43365A49696EEE4CE2CD4397C5A48277E3367F5C7A9CEBAED4B7E7D08B9EC9D9FA0036D64606C91C00E496C13FC8
CLS SOC DOS6 CP94,Família Oliveira Castro,BR FCRB,Coleção Lúcia Sanson,Arquivo,Haupttreppe,"Nota: ""Boa Nenê estou aqui neste hotel e com muitas saudades de todos Muito beijos de sua mai que te quer muito. Maricota. Dest: Mde. Maria de Oliveira Castro. 19 Crescent Grove 19 Claptham Common London W. 13/10/06"".",13/10/1906,Berlin,ALE,Bom,Haupttreppe,5,Scanner,2015-06-29,Cartão Postal,600,Tiff,adams,Título: Haputtreppe - Central Hotel de Berlin,http://iconografia.casaruibarbosa.gov.br/fotoweb/Preview.fwx?position=9&archiveType=ImageFolder&albumId=5002&sorting=ModifiedTimeAsc&search=&fileId=CE29C4840AA53CD6D10ABCAA711A45DA5C7B6A664273B498F3FFF064C42E881824E7E072C2C70B224D037E3F25438E01494AFB3BB21E04AB22D4D85BDEE50CA12D3233BD7E70EA777FC1176462580EF92E7537803F0ABC90C768C8E028110DFCF2D2B9A5D92478DF446EBE5E932021B1FE8168E663F1BB42C91D43365A49696EEE4CE2CD4397C5A48277E3367F5C7A9CEBAED4B7E7D08B9EC9D9FA0036D64606C91C00E496C13FC8
CLS SOC DOS6 CP88,Família Oliveira Castro,BR FCRB,Coleção Lúcia Sanson,Arquivo,Maria Oliveira de Castro Moreira,"Nota: ""Gratíssima lembrança de Paray Le Monial, da filha que se recommenda as suas orações Maria de Oliveira Castro Moreira. Paray Le Monial .""",01/10/1926,Paris (FRA),FRA,Bom,Maria Oliveira de Castro Moreira,5,Scanner,2015-06-29,Cartão Postal,600,Tiff,adams,Título: Chapelle de la Visitation (Paray-le-Monial),http://iconografia.casaruibarbosa.gov.br/fotoweb/Preview.fwx?position=10&archiveType=ImageFolder&albumId=5002&sorting=ModifiedTimeAsc&search=&fileId=CE29C4840AA53CD6D10ABCAA711A45DA5C7B6A664273B498F3FFF064C42E881824E7E072C2C70B224D037E3F25438E01494AFB3BB21E04AB22D4D85BDEE50CA12D3233BD7E70EA777FC1176462580EF92E7537803F0ABC90C768C8E028110DFC60EC01C01FB4F359446EBE5E932021B19C0E476BF8F3DE18C91D43365A49696EEE4CE2CD4397C5A48277E3367F5C7A9CEBAED4B7E7D08B9EC9D9FA0036D64606C91C00E496C13FC8
CLS SOC DOS6 CP89,Família Oliveira Castro,BR FCRB,Coleção Lúcia Sanson,Arquivo,Great Britain,Sem notas Dest: Miss Castro. Convent of Notre Dame Clapham Common. London.,S/d,Londres (GBR),GBR,Bom,Great Britain,5,Scanner,2015-06-29,Cartão Postal,600,Tiff,adams,Título: Palácio de Cristal em Londres.,http://iconografia.casaruibarbosa.gov.br/fotoweb/Preview.fwx?position=11&archiveType=ImageFolder&albumId=5002&sorting=ModifiedTimeAsc&search=&fileId=CE29C4840AA53CD6D10ABCAA711A45DA5C7B6A664273B498F3FFF064C42E881824E7E072C2C70B224D037E3F25438E01494AFB3BB21E04AB22D4D85BDEE50CA12D3233BD7E70EA777FC1176462580EF92E7537803F0ABC90C768C8E028110DFC77CB3D2733526054446EBE5E932021B19C0E476BF8F3DE18C91D43365A49696EEE4CE2CD4397C5A48277E3367F5C7A9CEBAED4B7E7D08B9EC9D9FA0036D64606C91C00E496C13FC8
CLS SOC DOS6 CP9,Família Oliveira Castro,BR FCRB,Coleção Lúcia Sanson,Arquivo,Castorina de Oliveira Castro,Sem notas DEST.: Melles. Oliveira Castro. Ville Aiglon. 5 Boulevard de Cimiez - Nice,s/d,Nice (FRA),FRA,Bom,Castorina de Oliveira Castro,5,Scanner,2015-06-29,Cartão Postal,600,Tiff,adams,"Título: Cidade de St Valle Caux, França",http://iconografia.casaruibarbosa.gov.br/fotoweb/Preview.fwx?position=12&archiveType=ImageFolder&albumId=5002&sorting=ModifiedTimeAsc&search=&fileId=CE29C4840AA53CD6D10ABCAA711A45DA5C7B6A664273B498F3FFF064C42E881824E7E072C2C70B224D037E3F25438E01494AFB3BB21E04AB22D4D85BDEE50CA12D3233BD7E70EA777FC1176462580EF92E7537803F0ABC90C768C8E028110DFCC99580466BFCCF55C77D2F5CB592EF6C9E878AFE2258D4B31493CBFBA6A583DE697E40B14FD6C0E0AC190DF98603FE9925EE146F4A9126A80690BE4D71992CD22DBFCFAF478A37E2
CLS SOC DOS6 CP90,Família Oliveira Castro,BR FCRB,Coleção Lúcia Sanson,Arquivo,E.F.A.,"Nota: ""Espero que estejas melhor hoje; não durmi a noite inteira, pensando em minha irmã querida. Hoje não fui nem vou ao collegio por achar-me bastante incomodado, em minha impertinente doença. Envio-te o duque da Connaught pois sei que te dará prazer. Muitos beijos da tua Hilda"". Dest: Miss Castro. Convent of Notre Dame Clapham Common. London. S/d",27/11/1906,Londres (GBR),GBR,Bom,E.F.A.,5,Scanner,2015-06-29,Cartão Postal,600,Tiff,adams,Título: Duque de Connaught,http://iconografia.casaruibarbosa.gov.br/fotoweb/Preview.fwx?position=13&archiveType=ImageFolder&albumId=5002&sorting=ModifiedTimeAsc&search=&fileId=CE29C4840AA53CD6D10ABCAA711A45DA5C7B6A664273B498F3FFF064C42E881824E7E072C2C70B224D037E3F25438E01494AFB3BB21E04AB22D4D85BDEE50CA12D3233BD7E70EA777FC1176462580EF92E7537803F0ABC90C768C8E028110DFCDA2047D423B7AFBC446EBE5E932021B19C0E476BF8F3DE18C91D43365A49696EEE4CE2CD4397C5A48277E3367F5C7A9CEBAED4B7E7D08B9EC9D9FA0036D64606C91C00E496C13FC8
CLS SOC DOS6 CP85,Família Oliveira Castro,BR FCRB,Coleção Lúcia Sanson,Arquivo,Atheliers de Phototypie Guende,"Nota: ""Querida Bebesinha Acabo de dar um passeio por Cimiez muito bonito, onde vi esta igreja que está fechada. Como vae? Muito besos do Jorginho e um abracho e muitas saudades da tua Hilda."" Dest: Melle Deolinda Castro 19 Crescent Grove 19 Claptham Common London W.",s/d,Londres (GBR),GBR,Bom,Atheliers de Phototypie Guende,5,Scanner,2015-06-29,Cartão Postal,600,Tiff,adams,Título: A cruz e o monastério,http://iconografia.casaruibarbosa.gov.br/fotoweb/Preview.fwx?position=14&archiveType=ImageFolder&albumId=5002&sorting=ModifiedTimeAsc&search=&fileId=CE29C4840AA53CD6D10ABCAA711A45DA5C7B6A664273B498F3FFF064C42E881824E7E072C2C70B224D037E3F25438E01494AFB3BB21E04AB22D4D85BDEE50CA12D3233BD7E70EA777FC1176462580EF92E7537803F0ABC90C768C8E028110DFCDF16C65FD621E81A446EBE5E932021B13869C3C1A81D3076C91D43365A49696EEE4CE2CD4397C5A48277E3367F5C7A9CEBAED4B7E7D08B9EC9D9FA0036D64606C91C00E496C13FC8
CLS SOC DOS6 CP86,Família Oliveira Castro,BR FCRB,Coleção Lúcia Sanson,Arquivo,Castorina de Oliveira Castro,"Nota: ""Memorias afectuosas E Baze. villa Cécile avenue de l’embarcader Carboug - Calvados Dest: Melle Hilda Mendes d’oliveira Castro. 10, avenida Central, Castro Silva y Cia. 10 RJ. "" .",04/10/1900,Cabourg (FRA),FRA,Bom,Castorina de Oliveira Castro,5,Scanner,2015-06-29,Cartão Postal,600,Tiff,adams,"Título: Avenida do Cassino - Cabourg, França",http://iconografia.casaruibarbosa.gov.br/fotoweb/Preview.fwx?position=15&archiveType=ImageFolder&albumId=5002&sorting=ModifiedTimeAsc&search=&fileId=CE29C4840AA53CD6D10ABCAA711A45DA5C7B6A664273B498F3FFF064C42E881824E7E072C2C70B224D037E3F25438E01494AFB3BB21E04AB22D4D85BDEE50CA12D3233BD7E70EA777FC1176462580EF92E7537803F0ABC90C768C8E028110DFC6291E62AF7DD360A446EBE5E932021B13869C3C1A81D3076C91D43365A49696EEE4CE2CD4397C5A48277E3367F5C7A9CEBAED4B7E7D08B9EC9D9FA0036D64606C91C00E496C13FC8
CLS SOC DOS6 CP87,Família Oliveira Castro,BR FCRB,Coleção Lúcia Sanson,Arquivo,Malusardi,"Nota: ""Aqui estamos há 3 dias tendo feito boa viagem! Desejando-te saúde e felicidade. envio-te um apertado abraço cheia de saudade. Marietta Dest: Maria M. Oliveira Castro. 128 rua Voluntários da Pátria. Botafogo. RJ.""",s/d,São Paulo (SP),BRA,Bom,Malusardi,5,Scanner,2015-06-29,Cartão Postal,600,Tiff,adams,"Título: Jardim da Luz, em São Paulo.",http://iconografia.casaruibarbosa.gov.br/fotoweb/Preview.fwx?position=16&archiveType=ImageFolder&albumId=5002&sorting=ModifiedTimeAsc&search=&fileId=CE29C4840AA53CD6D10ABCAA711A45DA5C7B6A664273B498F3FFF064C42E881824E7E072C2C70B224D037E3F25438E01494AFB3BB21E04AB22D4D85BDEE50CA12D3233BD7E70EA777FC1176462580EF92E7537803F0ABC90C768C8E028110DFCB89A521A941A3458446EBE5E932021B13869C3C1A81D3076C91D43365A49696EEE4CE2CD4397C5A48277E3367F5C7A9CEBAED4B7E7D08B9EC9D9FA0036D64606C91C00E496C13FC8
CLS SOC DOS6 CP81,Família Oliveira Castro,BR FCRB,Coleção Lúcia Sanson,Arquivo,Stengel & Co.,"Nota: ""Querida Hilda. Não imaginas com que anciedade [sic] esperamos notícias sobre teu estado de saúde, felizmente que soubemos hontem. Que alegria para você em estar com teus paes e manos. E Nenê e Bebê como ficaram ellas? De hoje em diante vamos te mandar estes cartões de Touradas você gosta delles. Beijos para você e para todas, da Castorina.""",15/01/1907,Madrid,ESP,Bom,Stengel & Co.,5,Scanner,2015-06-29,Cartão Postal,600,Tiff,adams,Título: Praça dos Touros,http://iconografia.casaruibarbosa.gov.br/fotoweb/Preview.fwx?position=17&archiveType=ImageFolder&albumId=5002&sorting=ModifiedTimeAsc&search=&fileId=CE29C4840AA53CD6D10ABCAA711A45DA5C7B6A664273B498F3FFF064C42E881824E7E072C2C70B224D037E3F25438E01494AFB3BB21E04AB22D4D85BDEE50CA12D3233BD7E70EA777FC1176462580EF92E7537803F0ABC90C768C8E028110DFC45CCAA4744A3BF2C446EBE5E932021B191198C9CB1A8975EC91D43365A49696EEE4CE2CD4397C5A48277E3367F5C7A9CEBAED4B7E7D08B9EC9D9FA0036D64606C91C00E496C13FC8
CLS SOC DOS6 CP82,Família Oliveira Castro,BR FCRB,Coleção Lúcia Sanson,Arquivo,Castorina de Oliveira Castro,"Nota: ""22 julho 1908 Nene – Hilda. Ai vai esta cartão do grande desastre de ballão mais não morreu ninguém. Estamos em Plombieres tomamos banho que são muito bons e agradáveis. Este lugar parece muito com Petrópolis e até a chuva de mulher velha cá está. gente pouca e no hotel também. A comida aqui é petit pois e batata. ou então batata e petit pois e no domingo petit pois e nos dias santos batatas. é muito variável pelo que vês. Um grande abraço a mamãe e papai teu amigo M Camara"".",22 /07/1908,Paris (FRA),FRA,Bom,Castorina de Oliveira Castro,5,Scanner,2015-06-29,Cartão Postal,600,Tiff,adams,Título: O acidente de balão,http://iconografia.casaruibarbosa.gov.br/fotoweb/Preview.fwx?position=18&archiveType=ImageFolder&albumId=5002&sorting=ModifiedTimeAsc&search=&fileId=CE29C4840AA53CD6D10ABCAA711A45DA5C7B6A664273B498F3FFF064C42E881824E7E072C2C70B224D037E3F25438E01494AFB3BB21E04AB22D4D85BDEE50CA12D3233BD7E70EA777FC1176462580EF92E7537803F0ABC90C768C8E028110DFC796D4BE8AC299D71446EBE5E932021B191198C9CB1A8975EC91D43365A49696EEE4CE2CD4397C5A48277E3367F5C7A9CEBAED4B7E7D08B9EC9D9FA0036D64606C91C00E496C13FC8
CLS SOC DOS6 CP83,Família Oliveira Castro,BR FCRB,Coleção Lúcia Sanson,Arquivo,Libraire Papeterie Carnot,"Nota: ""Hilda Ai vai um cartão para tua collecção e portador de muitas saudades e beijos do teu amigo Maneco Camara. Dest: Hilda Oliveira Castro. Casas Novas. Póvoa de Lanhoso. Braga. Porgutal.""",03/09/1906,Berck (FRA),FRA,Bom,Libraire Papeterie Carnot,5,Scanner,2015-06-29,Cartão Postal,600,Tiff,adams,Título: Berck Plage,http://iconografia.casaruibarbosa.gov.br/fotoweb/Preview.fwx?position=19&archiveType=ImageFolder&albumId=5002&sorting=ModifiedTimeAsc&search=&fileId=CE29C4840AA53CD6D10ABCAA711A45DA5C7B6A664273B498F3FFF064C42E881824E7E072C2C70B224D037E3F25438E01494AFB3BB21E04AB22D4D85BDEE50CA12D3233BD7E70EA777FC1176462580EF92E7537803F0ABC90C768C8E028110DFC7A866FFF8F95EDDC446EBE5E932021B191198C9CB1A8975EC91D43365A49696EEE4CE2CD4397C5A48277E3367F5C7A9CEBAED4B7E7D08B9EC9D9FA0036D64606C91C00E496C13FC8
CLS SOC DOS6 CP84,Família Oliveira Castro,BR FCRB,Coleção Lúcia Sanson,Arquivo,,Sem nota Dest: Mademoiselle Marie Mendes d’oliveira Castro. Villa Marie Berthier. Boulevard P. des Galles. Nice. France.,12/01/1907,Nice (FRA),FRA,Bom,,5,Scanner,2015-06-29,Cartão Postal,600,Tiff,adams,Título: Westminter Abey - Londres,http://iconografia.casaruibarbosa.gov.br/fotoweb/Preview.fwx?position=20&archiveType=ImageFolder&albumId=5002&sorting=ModifiedTimeAsc&search=&fileId=CE29C4840AA53CD6D10ABCAA711A45DA5C7B6A664273B498F3FFF064C42E881824E7E072C2C70B224D037E3F25438E01494AFB3BB21E04AB22D4D85BDEE50CA12D3233BD7E70EA777FC1176462580EF92E7537803F0ABC90C768C8E028110DFCAA543D4A120631DC446EBE5E932021B191198C9CB1A8975EC91D43365A49696EEE4CE2CD4397C5A48277E3367F5C7A9CEBAED4B7E7D08B9EC9D9FA0036D64606C91C00E496C13FC8
CLS SOC DOS6 CP76,Família Oliveira Castro,BR FCRB,Coleção Lúcia Sanson,Arquivo,Manoel Pontes Camara,"Nota: ""Penhorada agradece, fazendo sinceramente os mesmos votos, espera anciosa breve matar tanta saudade à tia e amiga certa Nenê"". Dest: Exma. Snas. D. Maria de Oliveira Castro. Rua D. Mariana136A. Rio",s/d,,,Bom,Manoel Pontes Camara,5,Scanner,2015-06-29,Cartão Postal,600,Tiff,adams,Título: Riquixá,http://iconografia.casaruibarbosa.gov.br/fotoweb/Preview.fwx?position=21&archiveType=ImageFolder&albumId=5002&sorting=ModifiedTimeAsc&search=&fileId=CE29C4840AA53CD6D10ABCAA711A45DA5C7B6A664273B498F3FFF064C42E881824E7E072C2C70B224D037E3F25438E01494AFB3BB21E04AB22D4D85BDEE50CA12D3233BD7E70EA777FC1176462580EF92E7537803F0ABC90C768C8E028110DFCF4251C64F1876F9D446EBE5E932021B137D272ED3125BC6AC91D43365A49696EEE4CE2CD4397C5A48277E3367F5C7A9CEBAED4B7E7D08B9EC9D9FA0036D64606C91C00E496C13FC8
CLS SOC DOS6 CP77,,BR FCRB,Coleção Lúcia Sanson,Arquivo,Foucachon,Sem nota Dest: Melles Oliveira Castro. Ville Aiglon 5 Boulevard Cimiez. Nice.,S/d,Paris (FRA),FRA,Bom,Foucachon,5,Scanner,2015-07-17,Cartão Postal,600,Tiff,adams,Título: Puget-Théniers,http://iconografia.casaruibarbosa.gov.br/fotoweb/Preview.fwx?position=22&archiveType=ImageFolder&albumId=5002&sorting=ModifiedTimeAsc&search=&fileId=CE29C4840AA53CD6D10ABCAA711A45DA5C7B6A664273B498F3FFF064C42E881824E7E072C2C70B224D037E3F25438E01494AFB3BB21E04AB22D4D85BDEE50CA12D3233BD7E70EA777FC1176462580EF92E7537803F0ABC90C768C8E028110DFC6CD65F830D29D206446EBE5E932021B137D272ED3125BC6AC91D43365A49696EEE4CE2CD4397C5A48277E3367F5C7A9CEBAED4B7E7D08B9EC9D9FA0036D64606C91C00E496C13FC8
CLS SOC DOS6 CP78,Família Oliveira Castro,BR FCRB,Coleção Lúcia Sanson,Arquivo,Foucachon,Sem nota Dest: Melles Oliveira Castro. Ville Aiglon 5 Boulevard Cimiez. Nice.,00/02/07,Puget-Théniers (FRA),FRA,Bom,Foucachon,5,Scanner,2015-06-29,Cartão Postal,600,Tiff,adams,Título: Puget-Theniers,http://iconografia.casaruibarbosa.gov.br/fotoweb/Preview.fwx?position=23&archiveType=ImageFolder&albumId=5002&sorting=ModifiedTimeAsc&search=&fileId=CE29C4840AA53CD6D10ABCAA711A45DA5C7B6A664273B498F3FFF064C42E881824E7E072C2C70B224D037E3F25438E01494AFB3BB21E04AB22D4D85BDEE50CA12D3233BD7E70EA777FC1176462580EF92E7537803F0ABC90C768C8E028110DFC3391F2FC1581A324446EBE5E932021B137D272ED3125BC6AC91D43365A49696EEE4CE2CD4397C5A48277E3367F5C7A9CEBAED4B7E7D08B9EC9D9FA0036D64606C91C00E496C13FC8
CLS SOC DOS6 CP79,Família Oliveira Castro,BR FCRB,Coleção Lúcia Sanson,Arquivo,J. Geiser,Sem nota Dest: Melles Oliveira Castro. Ville Aiglon 5 Boulevard Cimiez. Nice.,S/d,Tunisia,ALG,Bom,J. Geiser,5,Scanner,2015-06-29,Cartão Postal,600,Tiff,adams,Título: Jovem com trajes típicos da Tunisia,http://iconografia.casaruibarbosa.gov.br/fotoweb/Preview.fwx?position=24&archiveType=ImageFolder&albumId=5002&sorting=ModifiedTimeAsc&search=&fileId=CE29C4840AA53CD6D10ABCAA711A45DA5C7B6A664273B498F3FFF064C42E881824E7E072C2C70B224D037E3F25438E01494AFB3BB21E04AB22D4D85BDEE50CA12D3233BD7E70EA777FC1176462580EF92E7537803F0ABC90C768C8E028110DFC6C03F3F80E5DD0E9446EBE5E932021B137D272ED3125BC6AC91D43365A49696EEE4CE2CD4397C5A48277E3367F5C7A9CEBAED4B7E7D08B9EC9D9FA0036D64606C91C00E496C13FC8
CLS SOC DOS6 CP8,Família Oliveira Castro,BR FCRB,Coleção Lúcia Sanson,Arquivo,Giletto,Sem notas DEST.: Melles. Oliveira Castro. Ville Aiglon. 5 Boulevard de Cimiez - Nice s/d,s/d,Mônaco (FRA),FRA,Bom,Giletto,5,Scanner,2015-06-29,Cartão Postal,600,Tiff,adams,"Título: Cartão-postal de Mônaco, França.",http://iconografia.casaruibarbosa.gov.br/fotoweb/Preview.fwx?position=25&archiveType=ImageFolder&albumId=5002&sorting=ModifiedTimeAsc&search=&fileId=CE29C4840AA53CD6D10ABCAA711A45DA5C7B6A664273B498F3FFF064C42E881824E7E072C2C70B224D037E3F25438E01494AFB3BB21E04AB22D4D85BDEE50CA12D3233BD7E70EA777FC1176462580EF92E7537803F0ABC90C768C8E028110DFC51813C2163BA680CC77D2F5CB592EF6C71E786CD95F18EAB1493CBFBA6A583DE697E40B14FD6C0E0AC190DF98603FE9925EE146F4A9126A80690BE4D71992CD22DBFCFAF478A37E2
CLS SOC DOS6 CP80,Família Oliveira Castro,BR FCRB,Coleção Lúcia Sanson,Arquivo,Castorina de Oliveira Castro,"Nota: ""Beijos de Papai e de mamãe para Hilda"".",s/d,Sevilla,ESP,Bom,Castorina de Oliveira Castro,5,Scanner,2015-06-29,Cartão Postal,600,Tiff,adams,Título: Bailes Andalucias - Sevilla,http://iconografia.casaruibarbosa.gov.br/fotoweb/Preview.fwx?position=26&archiveType=ImageFolder&albumId=5002&sorting=ModifiedTimeAsc&search=&fileId=CE29C4840AA53CD6D10ABCAA711A45DA5C7B6A664273B498F3FFF064C42E881824E7E072C2C70B224D037E3F25438E01494AFB3BB21E04AB22D4D85BDEE50CA12D3233BD7E70EA777FC1176462580EF92E7537803F0ABC90C768C8E028110DFC1683E85DEA28B757446EBE5E932021B137D272ED3125BC6AC91D43365A49696EEE4CE2CD4397C5A48277E3367F5C7A9CEBAED4B7E7D08B9EC9D9FA0036D64606C91C00E496C13FC8
CLS SOC DOS6 CP71,Família Oliveira Castro,BR FCRB,Coleção Lúcia Sanson,Arquivo,Manoel Pontes Camara,"""23/11/904 Americo. Demorei pouco em B. Aires, achei como uma cidade europea calçamento de madeira e asphalto, movimento de carry é extraordinário porém as de Montevideo são melhores. Tenho divertido bastante. Não sei quando voltarei. lembranças Santos do querido amigo Felix"". Dest: Illmo. Snr. Dr. Americo Oliveira Castro. Catete 273 (Pensão Verdi). RJ. Br.",23/11/904,Montevideo,URU,Bom,Manoel Pontes Camara,5,Scanner,2015-06-29,Cartão Postal,600,Tiff,adams,Título: Montevideo,http://iconografia.casaruibarbosa.gov.br/fotoweb/Preview.fwx?position=27&archiveType=ImageFolder&albumId=5002&sorting=ModifiedTimeAsc&search=&fileId=CE29C4840AA53CD6D10ABCAA711A45DA5C7B6A664273B498F3FFF064C42E881824E7E072C2C70B224D037E3F25438E01494AFB3BB21E04AB22D4D85BDEE50CA12D3233BD7E70EA777FC1176462580EF92E7537803F0ABC90C768C8E028110DFCABBB0D97D7D0AF4D446EBE5E932021B160E424596764AFE1C91D43365A49696EEE4CE2CD4397C5A48277E3367F5C7A9CEBAED4B7E7D08B9EC9D9FA0036D64606C91C00E496C13FC8
CLS SOC DOS6 CP72,Família Oliveira Castro,BR FCRB,Coleção Lúcia Sanson,Arquivo,José Mendes de Oliveira Castro II,Sem nota Dest: Melle Oliveira Castro. Ville Aiglon 5 Boulevard Cimiez. Nice. S/d,S/d,Roma (ITA),ITA,Bom,José Mendes de Oliveira Castro II,5,Scanner,2015-06-29,Cartão Postal,600,Tiff,adams,Título: Catacumbas,http://iconografia.casaruibarbosa.gov.br/fotoweb/Preview.fwx?position=28&archiveType=ImageFolder&albumId=5002&sorting=ModifiedTimeAsc&search=&fileId=CE29C4840AA53CD6D10ABCAA711A45DA5C7B6A664273B498F3FFF064C42E881824E7E072C2C70B224D037E3F25438E01494AFB3BB21E04AB22D4D85BDEE50CA12D3233BD7E70EA777FC1176462580EF92E7537803F0ABC90C768C8E028110DFCB0CD6AA58FD4DD8B446EBE5E932021B160E424596764AFE1C91D43365A49696EEE4CE2CD4397C5A48277E3367F5C7A9CEBAED4B7E7D08B9EC9D9FA0036D64606C91C00E496C13FC8
CLS SOC DOS6 CP73,Família Oliveira Castro,BR FCRB,Coleção Lúcia Sanson,Arquivo,Musee d'Louvre,"Nota: ""A minha querida Nenê. Um muito risonho novo anno e boas festas, são os votos sinceros da dedicada amiguinha Neiva."" Dest: Mademoiselle M. de Oliveira Castro. 392 Rua de S. Clemente, Botafogo",01/071914,Paris (FRA),FRA,Bom,Musee d'Louvre,5,Scanner,2015-06-29,Cartão Postal,600,Tiff,adams,Título: Mona Lisa - Museu do Louvre,http://iconografia.casaruibarbosa.gov.br/fotoweb/Preview.fwx?position=29&archiveType=ImageFolder&albumId=5002&sorting=ModifiedTimeAsc&search=&fileId=CE29C4840AA53CD6D10ABCAA711A45DA5C7B6A664273B498F3FFF064C42E881824E7E072C2C70B224D037E3F25438E01494AFB3BB21E04AB22D4D85BDEE50CA12D3233BD7E70EA777FC1176462580EF92E7537803F0ABC90C768C8E028110DFCCEF0E2C6462E291F446EBE5E932021B160E424596764AFE1C91D43365A49696EEE4CE2CD4397C5A48277E3367F5C7A9CEBAED4B7E7D08B9EC9D9FA0036D64606C91C00E496C13FC8
CLS SOC DOS6 CP74,Família Oliveira Castro,BR FCRB,Coleção Lúcia Sanson,Arquivo,Manoel Pontes Camara,Sem nota Dest: Miss Castro. Convent of Notre Dame Clapham Common. London.,S/d,Londres (GBR),GBR,Bom,Manoel Pontes Camara,5,Scanner,2015-06-29,Cartão Postal,600,Tiff,adams,Título: Bank and Exchange of London,http://iconografia.casaruibarbosa.gov.br/fotoweb/Preview.fwx?position=30&archiveType=ImageFolder&albumId=5002&sorting=ModifiedTimeAsc&search=&fileId=CE29C4840AA53CD6D10ABCAA711A45DA5C7B6A664273B498F3FFF064C42E881824E7E072C2C70B224D037E3F25438E01494AFB3BB21E04AB22D4D85BDEE50CA12D3233BD7E70EA777FC1176462580EF92E7537803F0ABC90C768C8E028110DFC771E77B85005C548446EBE5E932021B160E424596764AFE1C91D43365A49696EEE4CE2CD4397C5A48277E3367F5C7A9CEBAED4B7E7D08B9EC9D9FA0036D64606C91C00E496C13FC8
CLS SOC DOS6 CP75,Família Oliveira Castro,BR FCRB,Coleção Lúcia Sanson,Arquivo,Manoel Pontes Camara,"Sem nota Dest: Mademoiselle Marie Mendes d’oliveira Castro. 10, avenida Central, 10 RJ.",11/12/1909,,,Bom,Manoel Pontes Camara,5,Scanner,2015-06-29,Cartão Postal,600,Tiff,adams,Título: The Phoenix Estatimet,http://iconografia.casaruibarbosa.gov.br/fotoweb/Preview.fwx?position=31&archiveType=ImageFolder&albumId=5002&sorting=ModifiedTimeAsc&search=&fileId=CE29C4840AA53CD6D10ABCAA711A45DA5C7B6A664273B498F3FFF064C42E881824E7E072C2C70B224D037E3F25438E01494AFB3BB21E04AB22D4D85BDEE50CA12D3233BD7E70EA777FC1176462580EF92E7537803F0ABC90C768C8E028110DFC59C256F845EFF56B446EBE5E932021B160E424596764AFE1C91D43365A49696EEE4CE2CD4397C5A48277E3367F5C7A9CEBAED4B7E7D08B9EC9D9FA0036D64606C91C00E496C13FC8
CLS SOC DOS6 CP64,Família Oliveira Castro,BR FCRB,Coleção Lúcia Sanson,Arquivo,Maria de Oliveira Castro Moreira,Sem nota Souvenir de Solange Gréau a sa cousine Hilda Castro.,00/00/1905,Paris (FRA),FRA,Bom,Maria de Oliveira Castro Moreira,5,Scanner,2015-06-29,Cartão Postal,600,Tiff,adams,Título: Alphonsus XIII rei da Espanha,http://iconografia.casaruibarbosa.gov.br/fotoweb/Preview.fwx?position=32&archiveType=ImageFolder&albumId=5002&sorting=ModifiedTimeAsc&search=&fileId=CE29C4840AA53CD6D10ABCAA711A45DA5C7B6A664273B498F3FFF064C42E881824E7E072C2C70B224D037E3F25438E01494AFB3BB21E04AB22D4D85BDEE50CA12D3233BD7E70EA777FC1176462580EF92E7537803F0ABC90C768C8E028110DFCDCB93BBA38DC95BD446EBE5E932021B1A865D455575F7B29C91D43365A49696EEE4CE2CD4397C5A48277E3367F5C7A9CEBAED4B7E7D08B9EC9D9FA0036D64606C91C00E496C13FC8
CLS SOC DOS6 CP68,Família Oliveira Castro,BR FCRB,Coleção Lúcia Sanson,Arquivo,BCI,Sem nota Dest: Melle Oliveira Castro. Ville Aiglon 5 Boulevard Cimiez. Nice.,S/d,,,Bom,BCI,5,Scanner,2015-06-29,Cartão Postal,600,Tiff,adams,Título: Cartão Postal Charitè (Caridade),http://iconografia.casaruibarbosa.gov.br/fotoweb/Preview.fwx?position=33&archiveType=ImageFolder&albumId=5002&sorting=ModifiedTimeAsc&search=&fileId=CE29C4840AA53CD6D10ABCAA711A45DA5C7B6A664273B498F3FFF064C42E881824E7E072C2C70B224D037E3F25438E01494AFB3BB21E04AB22D4D85BDEE50CA12D3233BD7E70EA777FC1176462580EF92E7537803F0ABC90C768C8E028110DFC061F4C38AA7289F4446EBE5E932021B1A865D455575F7B29C91D43365A49696EEE4CE2CD4397C5A48277E3367F5C7A9CEBAED4B7E7D08B9EC9D9FA0036D64606C91C00E496C13FC8
CLS SOC DOS6 CP69,Família Oliveira Castro,BR FCRB,Coleção Lúcia Sanson,Arquivo,Família Oliveira Castro,"Nota: ""Paris 17 março 1901 Prezada irmã aqui temos tido tempo sempre chuva e bastante frio. Meu padrinho Gomes continua melhorando em Lisboa. Seu irmão MP Camara."" Dest: Maria Camara Castro. Rua Souza Franco 8. Petrópolis, Brasil.",04/04/1901,Madri,ESP,Bom,Família Oliveira Castro,5,Scanner,2015-06-29,Cartão Postal,600,Tiff,adams,Título: Palácio Real - Madrid,http://iconografia.casaruibarbosa.gov.br/fotoweb/Preview.fwx?position=34&archiveType=ImageFolder&albumId=5002&sorting=ModifiedTimeAsc&search=&fileId=CE29C4840AA53CD6D10ABCAA711A45DA5C7B6A664273B498F3FFF064C42E881824E7E072C2C70B224D037E3F25438E01494AFB3BB21E04AB22D4D85BDEE50CA12D3233BD7E70EA777FC1176462580EF92E7537803F0ABC90C768C8E028110DFC36B1E8546D3D02BE446EBE5E932021B1A865D455575F7B29C91D43365A49696EEE4CE2CD4397C5A48277E3367F5C7A9CEBAED4B7E7D08B9EC9D9FA0036D64606C91C00E496C13FC8
CLS SOC DOS6 CP7,Família Oliveira Castro,BR FCRB,Coleção Lúcia Sanson,Arquivo,Manoel Pontes Camara,Sem notas para: Hilda Oliveira Castro. Paris Gare St. Lazare. Hotel Terminus data,18/08/1907,Berlim (DEU),DEU,Bom,Manoel Pontes Camara,5,Scanner,2015-06-29,Cartão Postal,600,Tiff,adams,"Título: Cartão-postal da cidade de Berlim, Alemanha. Soldado",http://iconografia.casaruibarbosa.gov.br/fotoweb/Preview.fwx?position=35&archiveType=ImageFolder&albumId=5002&sorting=ModifiedTimeAsc&search=&fileId=CE29C4840AA53CD6D10ABCAA711A45DA5C7B6A664273B498F3FFF064C42E881824E7E072C2C70B224D037E3F25438E01494AFB3BB21E04AB22D4D85BDEE50CA12D3233BD7E70EA777FC1176462580EF92E7537803F0ABC90C768C8E028110DFC5744DF6623C9A699C77D2F5CB592EF6C1A2351604C13707E1493CBFBA6A583DE697E40B14FD6C0E0AC190DF98603FE9925EE146F4A9126A80690BE4D71992CD22DBFCFAF478A37E2
CLS SOC DOS6 CP70,Família Oliveira Castro,BR FCRB,Coleção Lúcia Sanson,Arquivo,Foucachon,"Nota: ""Hilda Souvenir do passeio do tio Maneco em Automovel e 22 / fevereiro 1907 Lindo passeio!!!"" Dest: Melle Hilda O. Castro. 5 Boul. Cimiez Ville Aiglon. Nice. 23/02/1907",23/02/1907,Puget-Théniers (FRA),FRA,Bom,Foucachon,5,Scanner,2015-06-29,Cartão Postal,600,Tiff,adams,Título: Saint-Martin Du Vesubies,http://iconografia.casaruibarbosa.gov.br/fotoweb/Preview.fwx?position=36&archiveType=ImageFolder&albumId=5002&sorting=ModifiedTimeAsc&search=&fileId=CE29C4840AA53CD6D10ABCAA711A45DA5C7B6A664273B498F3FFF064C42E881824E7E072C2C70B224D037E3F25438E01494AFB3BB21E04AB22D4D85BDEE50CA12D3233BD7E70EA777FC1176462580EF92E7537803F0ABC90C768C8E028110DFC5857CA9A35A5EC1B446EBE5E932021B1A865D455575F7B29C91D43365A49696EEE4CE2CD4397C5A48277E3367F5C7A9CEBAED4B7E7D08B9EC9D9FA0036D64606C91C00E496C13FC8
CLS SOC DOS6 CP61,Família Oliveira Castro,BR FCRB,Coleção Lúcia Sanson,Arquivo,Maria de Oliveira Castro Moreira,"Nota: ""Ao meu querido “noivo” abraço e beijo com carinhoso affecto pedindo lhe que não se esqueça da Hilda."" DEST.: Monsieur Alfredo Bastos Casas Novas – Póvoa de Lanhoso – Minho",s/d,Póvoa de Lanhoso (PRT),PRT,Bom,Maria de Oliveira Castro Moreira,5,Scanner,2015-06-29,Cartão Postal,600,Tiff,adams,Título: D. Carlos I Rei de Portugal,http://iconografia.casaruibarbosa.gov.br/fotoweb/Preview.fwx?position=37&archiveType=ImageFolder&albumId=5002&sorting=ModifiedTimeAsc&search=&fileId=CE29C4840AA53CD6D10ABCAA711A45DA5C7B6A664273B498F3FFF064C42E881824E7E072C2C70B224D037E3F25438E01494AFB3BB21E04AB22D4D85BDEE50CA12D3233BD7E70EA777FC1176462580EF92E7537803F0ABC90C768C8E028110DFC7BAA505FCB204DDF446EBE5E932021B1B7794CCE8A8F9C54C91D43365A49696EEE4CE2CD4397C5A48277E3367F5C7A9CEBAED4B7E7D08B9EC9D9FA0036D64606C91C00E496C13FC8
CLS SOC DOS6 CP62,Família Oliveira Castro,BR FCRB,Coleção Lúcia Sanson,Arquivo,Maria de Oliveira Castro Moreira,"sem nota DEST.: Mme. Maria Camara Castro. Paris. 8 Rua Souza Franco 8, Petrópolis RJ .",31/00/01,Londres (GBR),GBR,Bom,Maria de Oliveira Castro Moreira,5,Scanner,2015-06-29,Cartão Postal,600,Tiff,adams,Título: Edoard VII Rei da Inglaterra,http://iconografia.casaruibarbosa.gov.br/fotoweb/Preview.fwx?position=38&archiveType=ImageFolder&albumId=5002&sorting=ModifiedTimeAsc&search=&fileId=CE29C4840AA53CD6D10ABCAA711A45DA5C7B6A664273B498F3FFF064C42E881824E7E072C2C70B224D037E3F25438E01494AFB3BB21E04AB22D4D85BDEE50CA12D3233BD7E70EA777FC1176462580EF92E7537803F0ABC90C768C8E028110DFCE2E09ABB6919AE85446EBE5E932021B1B7794CCE8A8F9C54C91D43365A49696EEE4CE2CD4397C5A48277E3367F5C7A9CEBAED4B7E7D08B9EC9D9FA0036D64606C91C00E496C13FC8
CLS SOC DOS6 CP63,Família Oliveira Castro,BR FCRB,Coleção Lúcia Sanson,Arquivo,Maria de Oliveira Castro Moreira,"Nota: ""I think this a good portrait o four.. Princess Maud now queen Norway. I hope you …. Will be pleaseant … ours compliement GHY"" DEST.: Mdlle Hilda Castro Avenida da Liberdade – Lisboa – Portugal (encaminhado para Grand Hotel Terminus – Paris)",s/d,Londres (GBR),GBR,Bom,Maria de Oliveira Castro Moreira,5,Scanner,2015-06-29,Cartão Postal,600,Tiff,adams,Título: Rainha Margareth da Noruega,http://iconografia.casaruibarbosa.gov.br/fotoweb/Preview.fwx?position=39&archiveType=ImageFolder&albumId=5002&sorting=ModifiedTimeAsc&search=&fileId=CE29C4840AA53CD6D10ABCAA711A45DA5C7B6A664273B498F3FFF064C42E881824E7E072C2C70B224D037E3F25438E01494AFB3BB21E04AB22D4D85BDEE50CA12D3233BD7E70EA777FC1176462580EF92E7537803F0ABC90C768C8E028110DFC82170D5B2ED55C27446EBE5E932021B1B7794CCE8A8F9C54C91D43365A49696EEE4CE2CD4397C5A48277E3367F5C7A9CEBAED4B7E7D08B9EC9D9FA0036D64606C91C00E496C13FC8
CLS SOC DOS6 CP64,Família Oliveira Castro,BR FCRB,Coleção Lúcia Sanson,Arquivo,Maria de Oliveira Castro Moreira,"Nota: ""Hildinha você me falou que queria postais de reis. que procuras hoje não encontrei da Espanha são os mais procurados envio te da família da Rainha Maria. Aqui tem muito"".",s/d,Londres (GBR),GBR,Bom,Maria de Oliveira Castro Moreira,5,Scanner,2015-06-29,Cartão Postal,600,Tiff,adams,Título: Família imperial do Canadá,http://iconografia.casaruibarbosa.gov.br/fotoweb/Preview.fwx?position=40&archiveType=ImageFolder&albumId=5002&sorting=ModifiedTimeAsc&search=&fileId=CE29C4840AA53CD6D10ABCAA711A45DA5C7B6A664273B498F3FFF064C42E881824E7E072C2C70B224D037E3F25438E01494AFB3BB21E04AB22D4D85BDEE50CA12D3233BD7E70EA777FC1176462580EF92E7537803F0ABC90C768C8E028110DFC37C418EE5F89DF15446EBE5E932021B1B7794CCE8A8F9C54C91D43365A49696EEE4CE2CD4397C5A48277E3367F5C7A9CEBAED4B7E7D08B9EC9D9FA0036D64606C91C00E496C13FC8
CLS SOC DOS6 CP65,Família Oliveira Castro,BR FCRB,Coleção Lúcia Sanson,Arquivo,Maria de Oliveira Castro Moreira,Presada Edetrudes Envio- te a rainha e e o rei di Hespanha como tinha prometido estes ao dia bem parecidos desejo que mamãe e todos tivessem feito boa viagem não tivemos boas novas Armando ia ficando cego com uma pancada que levou com uma malla de um passageiro saudades de tua tia Edeutrudes Dest.: Mademoiselle Hilda Castro. Hotel de Iles Britaniques. La Bourboule. Les Bains. France –,21/06/06,Madrid,ESP,Bom,Maria de Oliveira Castro Moreira,5,Scanner,2015-06-29,Cartão Postal,600,Tiff,adams,Título: Rainha da Espanha Ena de Battenberg,http://iconografia.casaruibarbosa.gov.br/fotoweb/Preview.fwx?position=41&archiveType=ImageFolder&albumId=5002&sorting=ModifiedTimeAsc&search=&fileId=CE29C4840AA53CD6D10ABCAA711A45DA5C7B6A664273B498F3FFF064C42E881824E7E072C2C70B224D037E3F25438E01494AFB3BB21E04AB22D4D85BDEE50CA12D3233BD7E70EA777FC1176462580EF92E7537803F0ABC90C768C8E028110DFC93C1BEEDBD155159446EBE5E932021B1B7794CCE8A8F9C54C91D43365A49696EEE4CE2CD4397C5A48277E3367F5C7A9CEBAED4B7E7D08B9EC9D9FA0036D64606C91C00E496C13FC8
CLS SOC DOS6 CP66,Família Oliveira Castro,BR FCRB,Coleção Lúcia Sanson,Arquivo,Weltpost Verein,"Nota: ""Inúmeras saudades de Castorina e ..... para a querida Hilda e muitas saudades a todos"". Dest: Ao Monsieur Barão de Oliveira Castro. Rue Martel 15 Paris. Hotel de Iles Britanique. La Bourboule.",18/06/1906,Paris (FRA),FRA,Bom,Weltpost Verein,5,Scanner,2015-06-29,Cartão Postal,600,Tiff,adams,Título: Família Real não identificada,http://iconografia.casaruibarbosa.gov.br/fotoweb/Preview.fwx?position=42&archiveType=ImageFolder&albumId=5002&sorting=ModifiedTimeAsc&search=&fileId=CE29C4840AA53CD6D10ABCAA711A45DA5C7B6A664273B498F3FFF064C42E881824E7E072C2C70B224D037E3F25438E01494AFB3BB21E04AB22D4D85BDEE50CA12D3233BD7E70EA777FC1176462580EF92E7537803F0ABC90C768C8E028110DFC22AD3454F383120B446EBE5E932021B1B7794CCE8A8F9C54C91D43365A49696EEE4CE2CD4397C5A48277E3367F5C7A9CEBAED4B7E7D08B9EC9D9FA0036D64606C91C00E496C13FC8
CLS SOC DOS6 CP58,"Família Oliveira Castro  ,  Praia  ,  Orla",BR FCRB,Coleção Lúcia Sanson,Arquivo,Família Oliveira Castro,Texto no verso não identificado,s/d,Bexhill-on-sea (GBR),GBR,Bom,Família Oliveira Castro,5,Scanner,2015-06-29,Cartão Postal,600,Tiff,adams,"Título: Praia de Bexhill-on-sea, País de Gales",http://iconografia.casaruibarbosa.gov.br/fotoweb/Preview.fwx?position=43&archiveType=ImageFolder&albumId=5002&sorting=ModifiedTimeAsc&search=&fileId=CE29C4840AA53CD6D10ABCAA711A45DA5C7B6A664273B498F3FFF064C42E881824E7E072C2C70B224D037E3F25438E01494AFB3BB21E04AB22D4D85BDEE50CA12D3233BD7E70EA777FC1176462580EF92E7537803F0ABC90C768C8E028110DFCA427CAE679209D85446EBE5E932021B1363F3B8EE5457ED7C91D43365A49696EEE4CE2CD4397C5A48277E3367F5C7A9CEBAED4B7E7D08B9EC9D9FA0036D64606C91C00E496C13FC8
CLS SOC DOS6 CP59,Família Oliveira Castro,BR FCRB,Coleção Lúcia Sanson,Arquivo,Hotel Majestic,"Nota: ""à querida Hilda uma lembrança de Chamonix e affectuosas [sic] saudades de Bellinha"".",00/00/1907,Chamonix Mont-Blanc (FRA),FRA,Bom,Hotel Majestic,5,Scanner,2015-06-29,Cartão Postal,600,Tiff,adams,"Título: Hotel Majestic situado nos alpes de Chamonix Mont-Blanc, França.",http://iconografia.casaruibarbosa.gov.br/fotoweb/Preview.fwx?position=44&archiveType=ImageFolder&albumId=5002&sorting=ModifiedTimeAsc&search=&fileId=CE29C4840AA53CD6D10ABCAA711A45DA5C7B6A664273B498F3FFF064C42E881824E7E072C2C70B224D037E3F25438E01494AFB3BB21E04AB22D4D85BDEE50CA12D3233BD7E70EA777FC1176462580EF92E7537803F0ABC90C768C8E028110DFCF199A767EBB070A2446EBE5E932021B1363F3B8EE5457ED7C91D43365A49696EEE4CE2CD4397C5A48277E3367F5C7A9CEBAED4B7E7D08B9EC9D9FA0036D64606C91C00E496C13FC8
CLS SOC DOS6 CP6,Família Oliveira Castro,BR FCRB,Coleção Lúcia Sanson,Arquivo,Maria de Oliveira Castro Moreira,"Nota: ""Minha muito querida Hilda Receba neste cartão a visita de seu Papai que manda-te muitos beijos e que deseja saber se você já está melhor. Muitos beijos de suas irmãs. Saudades para a tua boa tia e primo e um longo abraço com um milhão de beijos de sua mãe que muito te quer. Maricota""",s/d,Berlim (DEU),DEU,Bom,Maria de Oliveira Castro Moreira,5,Scanner,2015-06-29,Cartão Postal,600,Tiff,adams,"Título: Cartão-postal ""Un Baiser de papa e mamam"".",http://iconografia.casaruibarbosa.gov.br/fotoweb/Preview.fwx?position=45&archiveType=ImageFolder&albumId=5002&sorting=ModifiedTimeAsc&search=&fileId=CE29C4840AA53CD6D10ABCAA711A45DA5C7B6A664273B498F3FFF064C42E881824E7E072C2C70B224D037E3F25438E01494AFB3BB21E04AB22D4D85BDEE50CA12D3233BD7E70EA777FC1176462580EF92E7537803F0ABC90C768C8E028110DFCBD76EE66767D9967C77D2F5CB592EF6C8DAA28EFB1A62DD01493CBFBA6A583DE697E40B14FD6C0E0AC190DF98603FE9925EE146F4A9126A80690BE4D71992CD22DBFCFAF478A37E2
CLS SOC DOS6 CP60,Família Oliveira Castro,BR FCRB,Coleção Lúcia Sanson,Arquivo,Maria de Oliveira Castro Moreira,sem nota DEST.: Melle. Hilda Oliveira Castro. Paris. Gare St. Lazare. Hotel Terminus,16/07/07,Londres (GBR),GBR,Bom,Maria de Oliveira Castro Moreira,5,Scanner,2015-06-29,Cartão Postal,600,Tiff,adams,Título: Família Real Britânica,http://iconografia.casaruibarbosa.gov.br/fotoweb/Preview.fwx?position=46&archiveType=ImageFolder&albumId=5002&sorting=ModifiedTimeAsc&search=&fileId=CE29C4840AA53CD6D10ABCAA711A45DA5C7B6A664273B498F3FFF064C42E881824E7E072C2C70B224D037E3F25438E01494AFB3BB21E04AB22D4D85BDEE50CA12D3233BD7E70EA777FC1176462580EF92E7537803F0ABC90C768C8E028110DFC6FECC5407226784E446EBE5E932021B1363F3B8EE5457ED7C91D43365A49696EEE4CE2CD4397C5A48277E3367F5C7A9CEBAED4B7E7D08B9EC9D9FA0036D64606C91C00E496C13FC8
CLS SOC DOS6 CP53,Família Oliveira Castro,BR FCRB,Coleção Lúcia Sanson,Arquivo,Família Oliveira Castro,Sem Nota Dest: Mademoiselle Oliveira Castro. Villa Aiglon 5 Boulevard Cimiez. Nice.,s/d,Bruxelas,BEL,Bom,Família Oliveira Castro,5,Scanner,2015-06-29,Cartão Postal,600,Tiff,adams,Título: Cartão-postal de l'esclave repris par les chiens,http://iconografia.casaruibarbosa.gov.br/fotoweb/Preview.fwx?position=47&archiveType=ImageFolder&albumId=5002&sorting=ModifiedTimeAsc&search=&fileId=CE29C4840AA53CD6D10ABCAA711A45DA5C7B6A664273B498F3FFF064C42E881824E7E072C2C70B224D037E3F25438E01494AFB3BB21E04AB22D4D85BDEE50CA12D3233BD7E70EA777FC1176462580EF92E7537803F0ABC90C768C8E028110DFC6BEC1DD6EFF4E4DC446EBE5E932021B1489204477075E822C91D43365A49696EEE4CE2CD4397C5A48277E3367F5C7A9CEBAED4B7E7D08B9EC9D9FA0036D64606C91C00E496C13FC8
CLS SOC DOS6 CP54,Família Oliveira Castro,BR FCRB,Coleção Lúcia Sanson,Arquivo,,Sem Nota Dest: Mademoiselle Oliveira Castro. Villa Aiglon 5 Boulevard Cimiez. Nice.,s/d,Berlim (DEU),DEU,Bom,,5,Scanner,2015-06-29,Cartão Postal,600,Tiff,adams,Título: Cartão-postal do parlamento alemão (Palácio do Reichstag) antes do incêndio de 1933,http://iconografia.casaruibarbosa.gov.br/fotoweb/Preview.fwx?position=48&archiveType=ImageFolder&albumId=5002&sorting=ModifiedTimeAsc&search=&fileId=CE29C4840AA53CD6D10ABCAA711A45DA5C7B6A664273B498F3FFF064C42E881824E7E072C2C70B224D037E3F25438E01494AFB3BB21E04AB22D4D85BDEE50CA12D3233BD7E70EA777FC1176462580EF92E7537803F0ABC90C768C8E028110DFC26FFE3E7DF945CED446EBE5E932021B1489204477075E822C91D43365A49696EEE4CE2CD4397C5A48277E3367F5C7A9CEBAED4B7E7D08B9EC9D9FA0036D64606C91C00E496C13FC8
CLS SOC DOS6 CP55,Família Oliveira Castro,BR FCRB,Coleção Lúcia Sanson,Arquivo,Família Oliveira Castro,"Nota: ""Querida e prezada Hilda com imensa alegria recebemos teu cartão postal. Não imaginas como nosso Rio está lindo! Que pena vocês não estarem aqui. Beijos da Castorina"" Dest. Mademoiselle Hilda Mendes de Oliveira Castro Rue Martel 15 Paris. encaminhado para Grand Hotel Terminus",16/08/1906,Rio de Janeiro (RJ),BRA,Bom,Família Oliveira Castro,5,Scanner,2015-06-29,Cartão Postal,600,Tiff,adams,"Título: Avenida Central, RJ",http://iconografia.casaruibarbosa.gov.br/fotoweb/Preview.fwx?position=49&archiveType=ImageFolder&albumId=5002&sorting=ModifiedTimeAsc&search=&fileId=CE29C4840AA53CD6D10ABCAA711A45DA5C7B6A664273B498F3FFF064C42E881824E7E072C2C70B224D037E3F25438E01494AFB3BB21E04AB22D4D85BDEE50CA12D3233BD7E70EA777FC1176462580EF92E7537803F0ABC90C768C8E028110DFCC303E9871D425C2A446EBE5E932021B1489204477075E822C91D43365A49696EEE4CE2CD4397C5A48277E3367F5C7A9CEBAED4B7E7D08B9EC9D9FA0036D64606C91C00E496C13FC8
CLS SOC DOS6 CP56,Família Oliveira Castro,BR FCRB,Coleção Lúcia Sanson,Arquivo,,Sem Nota Dest: Mademoiselle Oliveira Castro. Villa Aiglon 5 Boulevard Cimiez. Nice.,s/d,Gand (BEL),BEL,Bom,,5,Scanner,2015-06-29,Cartão Postal,600,Tiff,adams,"Título: Igreja de Saint-Nicolas na cidade de Gand, Bélgica",http://iconografia.casaruibarbosa.gov.br/fotoweb/Preview.fwx?position=50&archiveType=ImageFolder&albumId=5002&sorting=ModifiedTimeAsc&search=&fileId=CE29C4840AA53CD6D10ABCAA711A45DA5C7B6A664273B498F3FFF064C42E881824E7E072C2C70B224D037E3F25438E01494AFB3BB21E04AB22D4D85BDEE50CA12D3233BD7E70EA777FC1176462580EF92E7537803F0ABC90C768C8E028110DFC835989322A7BF632446EBE5E932021B1489204477075E822C91D43365A49696EEE4CE2CD4397C5A48277E3367F5C7A9CEBAED4B7E7D08B9EC9D9FA0036D64606C91C00E496C13FC8
CLS SOC DOS6 CP57,Família Oliveira Castro,BR FCRB,Coleção Lúcia Sanson,Arquivo,Família Oliveira Castro,"Nota: ""Dearest Nenê sweet little town of Hampton Court I sent you my Best Love. I’ll remain your love Mimi"" DEST.: Miss Castro (Maria Mendes Oliveira) 125 Avenida da Liberdade Lisboa",27/04/06,Londres (GBR),GBR,Bom,Família Oliveira Castro,5,Scanner,2015-06-29,Cartão Postal,600,Tiff,adams,Título: Hampton Court Palace,http://iconografia.casaruibarbosa.gov.br/fotoweb/Preview.fwx?position=51&archiveType=ImageFolder&albumId=5002&sorting=ModifiedTimeAsc&search=&fileId=CE29C4840AA53CD6D10ABCAA711A45DA5C7B6A664273B498F3FFF064C42E881824E7E072C2C70B224D037E3F25438E01494AFB3BB21E04AB22D4D85BDEE50CA12D3233BD7E70EA777FC1176462580EF92E7537803F0ABC90C768C8E028110DFC5FC7CCF6150AC115446EBE5E932021B1489204477075E822C91D43365A49696EEE4CE2CD4397C5A48277E3367F5C7A9CEBAED4B7E7D08B9EC9D9FA0036D64606C91C00E496C13FC8
CLS SOC DOS6 CP47,Família Oliveira Castro,BR FCRB,Coleção Lúcia Sanson,Arquivo,LESCO,sem nota DEST.: Miss Castro. Convent of Notre Dame. Clapham Common London – s/d,s/d,Londres (GBR),GBR,Bom,LESCO,5,Scanner,2015-06-29,Cartão Postal,600,Tiff,adams,"Título: London's Hyde Park, na Inglaterra",http://iconografia.casaruibarbosa.gov.br/fotoweb/Preview.fwx?position=52&archiveType=ImageFolder&albumId=5002&sorting=ModifiedTimeAsc&search=&fileId=CE29C4840AA53CD6D10ABCAA711A45DA5C7B6A664273B498F3FFF064C42E881824E7E072C2C70B224D037E3F25438E01494AFB3BB21E04AB22D4D85BDEE50CA12D3233BD7E70EA777FC1176462580EF92E7537803F0ABC90C768C8E028110DFC3C3A2884284D2C6E446EBE5E932021B15E52989FE46BF450C91D43365A49696EEE4CE2CD4397C5A48277E3367F5C7A9CEBAED4B7E7D08B9EC9D9FA0036D64606C91C00E496C13FC8
CLS SOC DOS6 CP48,"Virgem  ,  Madonna",BR FCRB,Coleção Lúcia Sanson,Arquivo,Stengel & Co.,"Nota: ""Querida Maricota muito te agradeço por teu cartão com boas notícias tuas e de Castro por cá vamos indo bem da saúde Graças a Deus. Menos várias que apesar de muito melhor ainda não está boa. Sinto não ter cartão do compadre e vejo as acções dos tecidos baixarem sem saber o motivo e só elle é quem poderia e pode aconselhar sobre este respeito de outra pessoa. De ... Tenho noticia que muitos estão bons e nada sobre o outro motivo. digo sobre .... pois espera se conselhos do Advogado. Mandei esta semana muitos cartão postaes para nossa sobrinha Castorina e Santinha. Espero saber que receberam. Agradeço desde já os cartão postaes da Exposição que mais me mandar. abraços do Manuelito e ... Irmão amigo compadre Maneco.""",25/09/1908,Dresden (ALE),ALE,Bom,Stengel & Co.,5,Scanner,2015-07-17,Cartão Postal,600,Tiff,adams,Título: La Vierge Consolatrice,http://iconografia.casaruibarbosa.gov.br/fotoweb/Preview.fwx?position=53&archiveType=ImageFolder&albumId=5002&sorting=ModifiedTimeAsc&search=&fileId=CE29C4840AA53CD6D10ABCAA711A45DA5C7B6A664273B498F3FFF064C42E881824E7E072C2C70B224D037E3F25438E01494AFB3BB21E04AB22D4D85BDEE50CA12D3233BD7E70EA777FC1176462580EF92E7537803F0ABC90C768C8E028110DFC8CAFB8432B5EB43F446EBE5E932021B15E52989FE46BF450C91D43365A49696EEE4CE2CD4397C5A48277E3367F5C7A9CEBAED4B7E7D08B9EC9D9FA0036D64606C91C00E496C13FC8
CLS SOC DOS6 CP49,Família Oliveira Castro,BR FCRB,Coleção Lúcia Sanson,Arquivo,Barão de Oliveira Castro,"Nota: ""Com muito carinho e aflição, lembrei-me dos queridos irmãos e sobrinhos e Lisieux, pedindo a boa Santinha para todos paz, saúde, felicidade e um punhado de afeição para a muito saudosa, Nenê."" De: Luis Pereira e Família",s/d,Vichy (FRA),FRA,Bom,Barão de Oliveira Castro,5,Scanner,2015-06-29,Cartão Postal,600,Tiff,adams,Título: Altar de Igreja,http://iconografia.casaruibarbosa.gov.br/fotoweb/Preview.fwx?position=54&archiveType=ImageFolder&albumId=5002&sorting=ModifiedTimeAsc&search=&fileId=CE29C4840AA53CD6D10ABCAA711A45DA5C7B6A664273B498F3FFF064C42E881824E7E072C2C70B224D037E3F25438E01494AFB3BB21E04AB22D4D85BDEE50CA12D3233BD7E70EA777FC1176462580EF92E7537803F0ABC90C768C8E028110DFCA33EDAB5DC4B0A42446EBE5E932021B15E52989FE46BF450C91D43365A49696EEE4CE2CD4397C5A48277E3367F5C7A9CEBAED4B7E7D08B9EC9D9FA0036D64606C91C00E496C13FC8
CLS SOC DOS6 CP5,Família Oliveira Castro,BR FCRB,Coleção Lúcia Sanson,Arquivo,Rathaus,"Nota: ""Estivemos em Cologne aonde visitamos a linda cathedral a cidade não é bonita porém o dom é maravilhoso fizemos uma linda viagem a borda do Rheno viemos de Weisbaden até Cologne em 7 horas. O tempo está se chegando para ver te minha saudosa Nenê. Tua .... Mimi."" DEST.: Mademoiselle Maria Castro. Casas Novas Póvoa de Lanhoso Portugal",20/08/06,Colônia,ALE,Bom,Rathaus,5,Scanner,2015-06-29,Cartão Postal,600,Tiff,adams,"Título: Cartão-postal da cidade de Colônia, Alemanha",http://iconografia.casaruibarbosa.gov.br/fotoweb/Preview.fwx?position=55&archiveType=ImageFolder&albumId=5002&sorting=ModifiedTimeAsc&search=&fileId=CE29C4840AA53CD6D10ABCAA711A45DA5C7B6A664273B498F3FFF064C42E881824E7E072C2C70B224D037E3F25438E01494AFB3BB21E04AB22D4D85BDEE50CA12D3233BD7E70EA777FC1176462580EF92E7537803F0ABC90C768C8E028110DFC4AAB800DB56CB0A4C77D2F5CB592EF6CF9EA41DDB4D965B81493CBFBA6A583DE697E40B14FD6C0E0AC190DF98603FE9925EE146F4A9126A80690BE4D71992CD22DBFCFAF478A37E2
CLS SOC DOS6 CP50,"Família Oliveira Castro  ,  Neve",BR FCRB,Coleção Lúcia Sanson,Arquivo,J. T. D.,Documento com mensagem no verso.,00/00/1907,Chamonix Mont-Blanc (FRA),FRA,Bom,J. T. D.,5,Scanner,2015-06-29,Cartão Postal,600,Tiff,adams,"Título: Chamonix Mont-Blanc, França.",http://iconografia.casaruibarbosa.gov.br/fotoweb/Preview.fwx?position=56&archiveType=ImageFolder&albumId=5002&sorting=ModifiedTimeAsc&search=&fileId=CE29C4840AA53CD6D10ABCAA711A45DA5C7B6A664273B498F3FFF064C42E881824E7E072C2C70B224D037E3F25438E01494AFB3BB21E04AB22D4D85BDEE50CA12D3233BD7E70EA777FC1176462580EF92E7537803F0ABC90C768C8E028110DFCCEA3F7E951B2F708446EBE5E932021B15E52989FE46BF450C91D43365A49696EEE4CE2CD4397C5A48277E3367F5C7A9CEBAED4B7E7D08B9EC9D9FA0036D64606C91C00E496C13FC8
CLS SOC DOS6 CP51,"Família Oliveira Castro  ,  Praia",BR FCRB,Coleção Lúcia Sanson,Arquivo,Família Oliveira Castro,"Nota: ""Many thanks for the pretty cards. Iam very pleased IF you wroten like of I should be pleased to send. Dest: Miss Oliveira Castro Hotel Terminus. Gare St. Lazare. Paris France""",09/11/06,Bexhill-on-sea (GBR),GBR,Bom,Família Oliveira Castro,5,Scanner,2015-06-29,Cartão Postal,600,Tiff,adams,"Título: Cartão-postal da praia de Bexhill-on-sea, País de Gales.",http://iconografia.casaruibarbosa.gov.br/fotoweb/Preview.fwx?position=57&archiveType=ImageFolder&albumId=5002&sorting=ModifiedTimeAsc&search=&fileId=CE29C4840AA53CD6D10ABCAA711A45DA5C7B6A664273B498F3FFF064C42E881824E7E072C2C70B224D037E3F25438E01494AFB3BB21E04AB22D4D85BDEE50CA12D3233BD7E70EA777FC1176462580EF92E7537803F0ABC90C768C8E028110DFCEAF6AAB36EEFD04F446EBE5E932021B15E52989FE46BF450C91D43365A49696EEE4CE2CD4397C5A48277E3367F5C7A9CEBAED4B7E7D08B9EC9D9FA0036D64606C91C00E496C13FC8
CLS SOC DOS6 CP52,Família Oliveira Castro,BR FCRB,Coleção Lúcia Sanson,Arquivo,Stengel & Co.,Sem Nota Dest: Melle Oliveira Castro Villa Aiglon 5 Boulevard Cimiez. Nice.,s/d,Roma (ITA),ITA,Bom,Stengel & Co.,5,Scanner,2015-06-29,Cartão Postal,600,Tiff,adams,"Título: Cartão-postal da família Oliveira Castro da cidade de Roma, Itália.",http://iconografia.casaruibarbosa.gov.br/fotoweb/Preview.fwx?position=58&archiveType=ImageFolder&albumId=5002&sorting=ModifiedTimeAsc&search=&fileId=CE29C4840AA53CD6D10ABCAA711A45DA5C7B6A664273B498F3FFF064C42E881824E7E072C2C70B224D037E3F25438E01494AFB3BB21E04AB22D4D85BDEE50CA12D3233BD7E70EA777FC1176462580EF92E7537803F0ABC90C768C8E028110DFC68110EED985BFED9446EBE5E932021B15E52989FE46BF450C91D43365A49696EEE4CE2CD4397C5A48277E3367F5C7A9CEBAED4B7E7D08B9EC9D9FA0036D64606C91C00E496C13FC8
CLS SOC DOS6 CP42,Família Oliveira Castro,BR FCRB,Coleção Lúcia Sanson,Arquivo,Ed. Malusardi,"Nota: ""Saudades te envio um apertado abraço. Marietta"" DEST.: Elvira O. Castro. 128 Rua Voluntários da Pátria botafogo RJ –",s/d,São Paulo (SP),BRA,Bom,,5,Scanner,2015-06-29,Cartão Postal,600,Tiff,adams,"Título: Estação da Luz, SP",http://iconografia.casaruibarbosa.gov.br/fotoweb/Preview.fwx?position=59&archiveType=ImageFolder&albumId=5002&sorting=ModifiedTimeAsc&search=&fileId=CE29C4840AA53CD6D10ABCAA711A45DA5C7B6A664273B498F3FFF064C42E881824E7E072C2C70B224D037E3F25438E01494AFB3BB21E04AB22D4D85BDEE50CA12D3233BD7E70EA777FC1176462580EF92E7537803F0ABC90C768C8E028110DFC5392D70A38028BDA446EBE5E932021B1EBDEAF59352AC9EDC91D43365A49696EEE4CE2CD4397C5A48277E3367F5C7A9CEBAED4B7E7D08B9EC9D9FA0036D64606C91C00E496C13FC8
CLS SOC DOS6 CP43,Família Oliveira Castro,BR FCRB,Coleção Lúcia Sanson,Arquivo,Ed. Broekaert,sem nota Melles Oliveira Castro – Villa Aiglon – 5 Boulevard Cimiez Nice,s/d,Província de Flandres,BEL,Bom,,5,Scanner,2015-06-29,Cartão Postal,600,Tiff,adams,Título: Grammont - Fontaine Du Marbol,http://iconografia.casaruibarbosa.gov.br/fotoweb/Preview.fwx?position=60&archiveType=ImageFolder&albumId=5002&sorting=ModifiedTimeAsc&search=&fileId=CE29C4840AA53CD6D10ABCAA711A45DA5C7B6A664273B498F3FFF064C42E881824E7E072C2C70B224D037E3F25438E01494AFB3BB21E04AB22D4D85BDEE50CA12D3233BD7E70EA777FC1176462580EF92E7537803F0ABC90C768C8E028110DFCCFE9704CE84E89BC446EBE5E932021B1EBDEAF59352AC9EDC91D43365A49696EEE4CE2CD4397C5A48277E3367F5C7A9CEBAED4B7E7D08B9EC9D9FA0036D64606C91C00E496C13FC8
CLS SOC DOS6 CP44,Família Oliveira Castro,BR FCRB,Coleção Lúcia Sanson,Arquivo,Houser Y Menet,"Nota: ""Paris 15/03/1901 prezada irmã Maricota esse cartão para a colleção lembranças a todos teus escreve assim MP Camara"" Melles Maria Camara Castro – Rua Souza Franco Petrópolis – RJ Brazil",15/03/1901,Madrid (ESP),ESP,Bom,Houser Y Menet,5,Scanner,2015-06-29,Cartão Postal,600,Tiff,adams,Título: Callen de Bailen,http://iconografia.casaruibarbosa.gov.br/fotoweb/Preview.fwx?position=61&archiveType=ImageFolder&albumId=5002&sorting=ModifiedTimeAsc&search=&fileId=CE29C4840AA53CD6D10ABCAA711A45DA5C7B6A664273B498F3FFF064C42E881824E7E072C2C70B224D037E3F25438E01494AFB3BB21E04AB22D4D85BDEE50CA12D3233BD7E70EA777FC1176462580EF92E7537803F0ABC90C768C8E028110DFCC1F9CA25A4526FFA446EBE5E932021B1EBDEAF59352AC9EDC91D43365A49696EEE4CE2CD4397C5A48277E3367F5C7A9CEBAED4B7E7D08B9EC9D9FA0036D64606C91C00E496C13FC8
CLS SOC DOS6 CP45,Família Oliveira Castro,BR FCRB,Coleção Lúcia Sanson,Arquivo,Georg Stilke,"Nota: ""Boa Bebê Aqui chegamos depois de uma boa viagem em que pensamos muito em vocês todos. Muito beijos ... de sua mai que muito te quer Maria"" DEST.: Melle. Deolinda de Oliveira Castro – 12 Crescent Grove Clapham Common London",13/10/06,Berlim (DEU),GBR,Bom,Georg Stilke,5,Scanner,2015-06-29,Cartão Postal,600,Tiff,adams,Título: Central-Hotel Berlin,http://iconografia.casaruibarbosa.gov.br/fotoweb/Preview.fwx?position=62&archiveType=ImageFolder&albumId=5002&sorting=ModifiedTimeAsc&search=&fileId=CE29C4840AA53CD6D10ABCAA711A45DA5C7B6A664273B498F3FFF064C42E881824E7E072C2C70B224D037E3F25438E01494AFB3BB21E04AB22D4D85BDEE50CA12D3233BD7E70EA777FC1176462580EF92E7537803F0ABC90C768C8E028110DFCADFEF0489C80A4FF446EBE5E932021B1EBDEAF59352AC9EDC91D43365A49696EEE4CE2CD4397C5A48277E3367F5C7A9CEBAED4B7E7D08B9EC9D9FA0036D64606C91C00E496C13FC8
CLS SOC DOS6 CP46,Família Oliveira Castro,BR FCRB,Coleção Lúcia Sanson,Arquivo,,"Nota: ""Chére Maricota..."" DEST.: Madame M. Camara de Oliveira Castro. Hotel Terminus. Paris. 1906",00/00/1906,Nice (FRA),FRA,Bom,,5,Scanner,2015-06-29,Cartão Postal,600,Tiff,adams,Título: Plateau Mont Revard no sul da França,http://iconografia.casaruibarbosa.gov.br/fotoweb/Preview.fwx?position=63&archiveType=ImageFolder&albumId=5002&sorting=ModifiedTimeAsc&search=&fileId=CE29C4840AA53CD6D10ABCAA711A45DA5C7B6A664273B498F3FFF064C42E881824E7E072C2C70B224D037E3F25438E01494AFB3BB21E04AB22D4D85BDEE50CA12D3233BD7E70EA777FC1176462580EF92E7537803F0ABC90C768C8E028110DFC38E592FB0C927874446EBE5E932021B1EBDEAF59352AC9EDC91D43365A49696EEE4CE2CD4397C5A48277E3367F5C7A9CEBAED4B7E7D08B9EC9D9FA0036D64606C91C00E496C13FC8
CLS SOC DOS6 CP37,Família Oliveira Castro,BR FCRB,Coleção Lúcia Sanson,Arquivo,T. S. N.,"Nota: ""Chère cousine merci pour ta gentille carte postale m’apportant un souvenir de ta bonne affection. Je vais mieux mes non guérie, je dois avoir mille soins encore avec ma petite personne. Depuis doze jurs je sors déjâ un peu cela undique du (melhoras). Mes amities a tes bons parents je t’embrasse de tout Coeur. Ta cousine amie Alice"" Melles Oliveira Castro – Villa Aiglon – 5 Boulevard Cimiez Nice. 1907",00/00/1907,Paris (FRA),FRA,Bom,T. S. N.,5,Scanner,2015-06-29,Cartão Postal,600,Tiff,adams,Título: Cartão-postal de Feliz Páscoa (Joyeues Pãques),http://iconografia.casaruibarbosa.gov.br/fotoweb/Preview.fwx?position=64&archiveType=ImageFolder&albumId=5002&sorting=ModifiedTimeAsc&search=&fileId=CE29C4840AA53CD6D10ABCAA711A45DA5C7B6A664273B498F3FFF064C42E881824E7E072C2C70B224D037E3F25438E01494AFB3BB21E04AB22D4D85BDEE50CA12D3233BD7E70EA777FC1176462580EF92E7537803F0ABC90C768C8E028110DFCC443D14E034F1291446EBE5E932021B11BFB7631531189C1C91D43365A49696EEE4CE2CD4397C5A48277E3367F5C7A9CEBAED4B7E7D08B9EC9D9FA0036D64606C91C00E496C13FC8
CLS SOC DOS6 CP38,Família Oliveira Castro,BR FCRB,Coleção Lúcia Sanson,Arquivo,Castorina Oliveira Castro,"Nota: ""Muitas saudades da sua Mimi"". Melles Castro – Rua das Benedictinas – RJ Brazil –",23/08/1905,Gand (BEL),BEL,Bom,Castorina Oliveira Castro,5,Scanner,2015-06-29,Cartão Postal,600,Tiff,adams,Título: Trummelbach - cachoeiras na Suíça,http://iconografia.casaruibarbosa.gov.br/fotoweb/Preview.fwx?position=65&archiveType=ImageFolder&albumId=5002&sorting=ModifiedTimeAsc&search=&fileId=CE29C4840AA53CD6D10ABCAA711A45DA5C7B6A664273B498F3FFF064C42E881824E7E072C2C70B224D037E3F25438E01494AFB3BB21E04AB22D4D85BDEE50CA12D3233BD7E70EA777FC1176462580EF92E7537803F0ABC90C768C8E028110DFCEFB95635468E7C9B446EBE5E932021B11BFB7631531189C1C91D43365A49696EEE4CE2CD4397C5A48277E3367F5C7A9CEBAED4B7E7D08B9EC9D9FA0036D64606C91C00E496C13FC8
CLS SOC DOS6 CP39,Família Oliveira Castro,BR FCRB,Coleção Lúcia Sanson,Arquivo,Castorina Oliveira Castro,Sem Nota. MP Camara Mademoiselle Maria Oliveira Castro. 8 Rua Souza Franco. Petrópolis.,10/04/01,Londres (GBR),GBR,Bom,Castorina Oliveira Castro,5,Scanner,2015-06-29,Cartão Postal,600,Tiff,adams,Título: Chantry lLne - Bexhill,http://iconografia.casaruibarbosa.gov.br/fotoweb/Preview.fwx?position=66&archiveType=ImageFolder&albumId=5002&sorting=ModifiedTimeAsc&search=&fileId=CE29C4840AA53CD6D10ABCAA711A45DA5C7B6A664273B498F3FFF064C42E881824E7E072C2C70B224D037E3F25438E01494AFB3BB21E04AB22D4D85BDEE50CA12D3233BD7E70EA777FC1176462580EF92E7537803F0ABC90C768C8E028110DFC2A0A02CE01B0A116446EBE5E932021B11BFB7631531189C1C91D43365A49696EEE4CE2CD4397C5A48277E3367F5C7A9CEBAED4B7E7D08B9EC9D9FA0036D64606C91C00E496C13FC8
CLS SOC DOS6 CP4,Família Oliveira Castro,BR FCRB,Coleção Lúcia Sanson,Arquivo,RMSP Amazon,"Nota: ""Minha boa Tia. Tenho feito esta viagem pensando sempre em todos.""",s/d,Londres (GBR),GBR,Bom,RMSP Amazon,5,Scanner,2015-06-29,Cartão Postal,600,Tiff,adams,Título: Cabine de Luxo do Navio RMSP Amazon,http://iconografia.casaruibarbosa.gov.br/fotoweb/Preview.fwx?position=67&archiveType=ImageFolder&albumId=5002&sorting=ModifiedTimeAsc&search=&fileId=CE29C4840AA53CD6D10ABCAA711A45DA5C7B6A664273B498F3FFF064C42E881824E7E072C2C70B224D037E3F25438E01494AFB3BB21E04AB22D4D85BDEE50CA12D3233BD7E70EA777FC1176462580EF92E7537803F0ABC90C768C8E028110DFCF7EA4ACD291C44A9C77D2F5CB592EF6C89881FC2E7D9255D1493CBFBA6A583DE697E40B14FD6C0E0AC190DF98603FE9925EE146F4A9126A80690BE4D71992CD22DBFCFAF478A37E2
CLS SOC DOS6 CP40,Família Oliveira Castro,BR FCRB,Coleção Lúcia Sanson,Arquivo,Manuel Pontes Camara,Documento com mensagem no verso. Assinado por Manuel Pontes Camara,s/d,Paris (FRA),FRA,Bom,Manuel Pontes Camara,5,Scanner,2015-06-29,Cartão Postal,600,Tiff,adams,Título: Tour de L'Horloge,http://iconografia.casaruibarbosa.gov.br/fotoweb/Preview.fwx?position=68&archiveType=ImageFolder&albumId=5002&sorting=ModifiedTimeAsc&search=&fileId=CE29C4840AA53CD6D10ABCAA711A45DA5C7B6A664273B498F3FFF064C42E881824E7E072C2C70B224D037E3F25438E01494AFB3BB21E04AB22D4D85BDEE50CA12D3233BD7E70EA777FC1176462580EF92E7537803F0ABC90C768C8E028110DFCE44D06C56D44CF69446EBE5E932021B11BFB7631531189C1C91D43365A49696EEE4CE2CD4397C5A48277E3367F5C7A9CEBAED4B7E7D08B9EC9D9FA0036D64606C91C00E496C13FC8
CLS SOC DOS6 CP41,Família Oliveira Castro,BR FCRB,Coleção Lúcia Sanson,Arquivo,Manuel Pontes Camara,"Nota: ""Estamos em Wiesbaden que não calculao como é bonito. A natureza é linda e tenho pensado muito em ti. Mimi"" DEST.: Melle Maria Castro – Casas Novas – Póvoa de Lanhoso – Portugal –",11/08/06,Wiesbaden (DEU),DEU,Bom,Manuel Pontes Camara,5,Scanner,2015-06-29,Cartão Postal,600,Tiff,adams,Título: Wiesbaden,http://iconografia.casaruibarbosa.gov.br/fotoweb/Preview.fwx?position=69&archiveType=ImageFolder&albumId=5002&sorting=ModifiedTimeAsc&search=&fileId=CE29C4840AA53CD6D10ABCAA711A45DA5C7B6A664273B498F3FFF064C42E881824E7E072C2C70B224D037E3F25438E01494AFB3BB21E04AB22D4D85BDEE50CA12D3233BD7E70EA777FC1176462580EF92E7537803F0ABC90C768C8E028110DFC9B95A27CEC864CB9446EBE5E932021B11BFB7631531189C1C91D43365A49696EEE4CE2CD4397C5A48277E3367F5C7A9CEBAED4B7E7D08B9EC9D9FA0036D64606C91C00E496C13FC8
CLS SOC DOS6 CP30,Família Oliveira Castro,BR FCRB,Coleção Lúcia Sanson,Arquivo,Costa,"""Lisboa 1out 1905. Minha sempre lembrada menina como tem passado e toda sua excelentíssima família didinha e padrinho fico bons graças a Deus. Já escreveu a sua ama pois Ella todos os dias esta esperando carta sua pesso que não esqueça de me escrever pois me da sempre muito prazer em ter notícias. Alice está melhor do braço? Muitos beijinhos para Jorgesinho a Josefina já esta ahi em caza saudades de sua Rosa Costa."" DEST.: Mademoiselle Hilda de Oliveira Castro. Rua de Sousa Franco nº 16 Petrópolis –",01/10/1905,Lisboa (PRT),PRT,Bom,Costa,5,Scanner,2015-06-29,Cartão Postal,600,Tiff,adams,Título: Rainha Maria Amélia de Portugal,http://iconografia.casaruibarbosa.gov.br/fotoweb/Preview.fwx?position=70&archiveType=ImageFolder&albumId=5002&sorting=ModifiedTimeAsc&search=&fileId=CE29C4840AA53CD6D10ABCAA711A45DA5C7B6A664273B498F3FFF064C42E881824E7E072C2C70B224D037E3F25438E01494AFB3BB21E04AB22D4D85BDEE50CA12D3233BD7E70EA777FC1176462580EF92E7537803F0ABC90C768C8E028110DFCE1EA804425D45539446EBE5E932021B1DC03B2DAA37B0C79C91D43365A49696EEE4CE2CD4397C5A48277E3367F5C7A9CEBAED4B7E7D08B9EC9D9FA0036D64606C91C00E496C13FC8
CLS SOC DOS6 CP31,"Família Oliveira Castro  ,  Camponês",BR FCRB,Coleção Lúcia Sanson,Arquivo,Raphael Tuck & Fils Ltd.,Sem nota Melles Oliveira Castro – Villa Aiglon – 5 Boulevard Cimiez Nice.,13/06/1907,Nice (FRA),FRA,Bom,Raphael Tuck & Fils Ltd.,5,Scanner,2015-06-29,Cartão Postal,600,Tiff,adams,Título: Cartão-postal da família Oliveira Castro de uma família de camponeses,http://iconografia.casaruibarbosa.gov.br/fotoweb/Preview.fwx?position=71&archiveType=ImageFolder&albumId=5002&sorting=ModifiedTimeAsc&search=&fileId=CE29C4840AA53CD6D10ABCAA711A45DA5C7B6A664273B498F3FFF064C42E881824E7E072C2C70B224D037E3F25438E01494AFB3BB21E04AB22D4D85BDEE50CA12D3233BD7E70EA777FC1176462580EF92E7537803F0ABC90C768C8E028110DFC07403196B5D834D1446EBE5E932021B1DC03B2DAA37B0C79C91D43365A49696EEE4CE2CD4397C5A48277E3367F5C7A9CEBAED4B7E7D08B9EC9D9FA0036D64606C91C00E496C13FC8
CLS SOC DOS6 CP32,"Família Oliveira Castro  ,  Camponês",BR FCRB,Coleção Lúcia Sanson,Arquivo,Raphael Tuck & Fils Ltd.,Sem nota Melles Oliveira Castro – Villa Aiglon – 5 Boulevard Cimiez Nice,13/06/1907,Nice (FRA),FRA,Bom,Raphael Tuck & Fils Ltd.,5,Scanner,2015-06-29,Cartão Postal,600,Tiff,adams,Título: Cartão-postal da família Oliveira Castro de uma camponesa,http://iconografia.casaruibarbosa.gov.br/fotoweb/Preview.fwx?position=72&archiveType=ImageFolder&albumId=5002&sorting=ModifiedTimeAsc&search=&fileId=CE29C4840AA53CD6D10ABCAA711A45DA5C7B6A664273B498F3FFF064C42E881824E7E072C2C70B224D037E3F25438E01494AFB3BB21E04AB22D4D85BDEE50CA12D3233BD7E70EA777FC1176462580EF92E7537803F0ABC90C768C8E028110DFCC0BC83D81C8643D6446EBE5E932021B1DC03B2DAA37B0C79C91D43365A49696EEE4CE2CD4397C5A48277E3367F5C7A9CEBAED4B7E7D08B9EC9D9FA0036D64606C91C00E496C13FC8
CLS SOC DOS6 CP33,Família Oliveira Castro,BR FCRB,Coleção Lúcia Sanson,Arquivo,Foucachon,Sem nota Melles Oliveira Castro – Villa Aiglon – 5 Boulevard Cimiez Nice,s/d,Nice (FRA),FRA,Bom,Foucachon,5,Scanner,2015-06-29,Cartão Postal,600,Tiff,adams,Título: Ponte metálica no sul da França.,http://iconografia.casaruibarbosa.gov.br/fotoweb/Preview.fwx?position=73&archiveType=ImageFolder&albumId=5002&sorting=ModifiedTimeAsc&search=&fileId=CE29C4840AA53CD6D10ABCAA711A45DA5C7B6A664273B498F3FFF064C42E881824E7E072C2C70B224D037E3F25438E01494AFB3BB21E04AB22D4D85BDEE50CA12D3233BD7E70EA777FC1176462580EF92E7537803F0ABC90C768C8E028110DFCB13F4F93880C2A41446EBE5E932021B1DC03B2DAA37B0C79C91D43365A49696EEE4CE2CD4397C5A48277E3367F5C7A9CEBAED4B7E7D08B9EC9D9FA0036D64606C91C00E496C13FC8
CLS SOC DOS6 CP34,Família Oliveira Castro,BR FCRB,Coleção Lúcia Sanson,Arquivo,E. Killinger & Favret,Sem nota Melles Oliveira Castro – Villa Aiglon – 5 Boulevard Cimiez Nice –,s/d,Paris (FRA),FRA,Bom,E. Killinger,5,Scanner,2015-06-29,Cartão Postal,600,Tiff,adams,Título: Cartão-postal do Valle du Lis na França. Valle du lys,http://iconografia.casaruibarbosa.gov.br/fotoweb/Preview.fwx?position=74&archiveType=ImageFolder&albumId=5002&sorting=ModifiedTimeAsc&search=&fileId=CE29C4840AA53CD6D10ABCAA711A45DA5C7B6A664273B498F3FFF064C42E881824E7E072C2C70B224D037E3F25438E01494AFB3BB21E04AB22D4D85BDEE50CA12D3233BD7E70EA777FC1176462580EF92E7537803F0ABC90C768C8E028110DFC7D6ADC17FEDBC351446EBE5E932021B1DC03B2DAA37B0C79C91D43365A49696EEE4CE2CD4397C5A48277E3367F5C7A9CEBAED4B7E7D08B9EC9D9FA0036D64606C91C00E496C13FC8
CLS SOC DOS6 CP35,Família Oliveira Castro,BR FCRB,Coleção Lúcia Sanson,Arquivo,B. W. & Cie.,"Transcrição no verso: ""Bra Hilda Aqui é entrada para sala de jantar que é muito bonita. Estamos com saudade de todos. Beijos nosso. Sua mãe que te quer. Maria""",s/d,Berlim (DEU),DEU,Bom,B. W. & Cie.,5,Scanner,2015-06-29,Cartão Postal,600,Tiff,adams,"Título: Cartão-postal do Central Hotel na cidade de Berlim, na Alemanha.",http://iconografia.casaruibarbosa.gov.br/fotoweb/Preview.fwx?position=75&archiveType=ImageFolder&albumId=5002&sorting=ModifiedTimeAsc&search=&fileId=CE29C4840AA53CD6D10ABCAA711A45DA5C7B6A664273B498F3FFF064C42E881824E7E072C2C70B224D037E3F25438E01494AFB3BB21E04AB22D4D85BDEE50CA12D3233BD7E70EA777FC1176462580EF92E7537803F0ABC90C768C8E028110DFC05B733A19AF16E9B446EBE5E932021B1DC03B2DAA37B0C79C91D43365A49696EEE4CE2CD4397C5A48277E3367F5C7A9CEBAED4B7E7D08B9EC9D9FA0036D64606C91C00E496C13FC8
CLS SOC DOS6 CP36,Família Oliveira Castro,BR FCRB,Coleção Lúcia Sanson,Arquivo,Giletta,"Nota: ""Acha bonito esta carta? Em natural é mais bonito."" Tio Maneco Melles Oliveira Castro – Villa Aiglon – 5 Boulevard Cimiez Nice –",2/02/1907,Nice (FRA),FRA,Bom,Giletta,5,Scanner,2015-06-29,Cartão Postal,600,Tiff,adams,Título: Cartão-postal da Avenida Félix-Poullan em Nice,http://iconografia.casaruibarbosa.gov.br/fotoweb/Preview.fwx?position=76&archiveType=ImageFolder&albumId=5002&sorting=ModifiedTimeAsc&search=&fileId=CE29C4840AA53CD6D10ABCAA711A45DA5C7B6A664273B498F3FFF064C42E881824E7E072C2C70B224D037E3F25438E01494AFB3BB21E04AB22D4D85BDEE50CA12D3233BD7E70EA777FC1176462580EF92E7537803F0ABC90C768C8E028110DFCC81CC458E166D0B7446EBE5E932021B1DC03B2DAA37B0C79C91D43365A49696EEE4CE2CD4397C5A48277E3367F5C7A9CEBAED4B7E7D08B9EC9D9FA0036D64606C91C00E496C13FC8
CLS SOC DOS6 CP24,Família Oliveira Castro,BR FCRB,Coleção Lúcia Sanson,Arquivo,Castorina Oliveira Castro,"Nota: ""Vi este artista representar Werther agradou muito. Lembranças da Hilda"" DEST.: Me0demoiselles Castorina e Elisa de Oliveira Castro. Petrópolis – s/d",s/d,Paris (FRA),FRA,Bom,Castorina Oliveira Castro,5,Scanner,2015-06-29,Cartão Postal,600,Tiff,adams,Título: Leon Beyle,http://iconografia.casaruibarbosa.gov.br/fotoweb/Preview.fwx?position=77&archiveType=ImageFolder&albumId=5002&sorting=ModifiedTimeAsc&search=&fileId=CE29C4840AA53CD6D10ABCAA711A45DA5C7B6A664273B498F3FFF064C42E881824E7E072C2C70B224D037E3F25438E01494AFB3BB21E04AB22D4D85BDEE50CA12D3233BD7E70EA777FC1176462580EF92E7537803F0ABC90C768C8E028110DFC6D5176DF8B242DB7446EBE5E932021B14F47352F83E6E1E0C91D43365A49696EEE4CE2CD4397C5A48277E3367F5C7A9CEBAED4B7E7D08B9EC9D9FA0036D64606C91C00E496C13FC8
CLS SOC DOS6 CP25,Família Oliveira Castro,BR FCRB,Coleção Lúcia Sanson,Arquivo,Castorina Oliveira Castro,"Nota: ""Envio lhe o chemin de table como ficou combinado. não me parecendo ficar muito bom. Já comecei uma almofada para a senhora não ficar zangada com a discípula que affectuosamente a saúda. Maria Mendes de Oliveira Castro"" DEST.: Madame Brandt. Rua Barão de Itamby 47 Rio de Janeiro – s/d",s/d,Berlim (DEU),DEU,Bom,Castorina Oliveira Castro,5,Scanner,2015-06-29,Cartão Postal,600,Tiff,adams,Título: Charles Gounod,http://iconografia.casaruibarbosa.gov.br/fotoweb/Preview.fwx?position=78&archiveType=ImageFolder&albumId=5002&sorting=ModifiedTimeAsc&search=&fileId=CE29C4840AA53CD6D10ABCAA711A45DA5C7B6A664273B498F3FFF064C42E881824E7E072C2C70B224D037E3F25438E01494AFB3BB21E04AB22D4D85BDEE50CA12D3233BD7E70EA777FC1176462580EF92E7537803F0ABC90C768C8E028110DFC09883C51A2B7E390446EBE5E932021B14F47352F83E6E1E0C91D43365A49696EEE4CE2CD4397C5A48277E3367F5C7A9CEBAED4B7E7D08B9EC9D9FA0036D64606C91C00E496C13FC8
CLS SOC DOS6 CP26,Família Oliveira Castro,BR FCRB,Coleção Lúcia Sanson,Arquivo,Castorina Oliveira Castro,Mª I. Maurisset – 17 Place de l’Hotel de Ville Rouen s-Infse) Francia – s/d,s/d,Rio de Janeiro (RJ),BRA,Bom,Castorina Oliveira Castro,5,Scanner,2015-06-29,Cartão Postal,600,Tiff,adams,Título: Botafogo vista do Pão de Açúcar,http://iconografia.casaruibarbosa.gov.br/fotoweb/Preview.fwx?position=79&archiveType=ImageFolder&albumId=5002&sorting=ModifiedTimeAsc&search=&fileId=CE29C4840AA53CD6D10ABCAA711A45DA5C7B6A664273B498F3FFF064C42E881824E7E072C2C70B224D037E3F25438E01494AFB3BB21E04AB22D4D85BDEE50CA12D3233BD7E70EA777FC1176462580EF92E7537803F0ABC90C768C8E028110DFC31D6A56F473EF69D446EBE5E932021B14F47352F83E6E1E0C91D43365A49696EEE4CE2CD4397C5A48277E3367F5C7A9CEBAED4B7E7D08B9EC9D9FA0036D64606C91C00E496C13FC8
CLS SOC DOS6 CP27,Família Oliveira Castro,BR FCRB,Coleção Lúcia Sanson,Arquivo,Castorina Oliveira Castro,Sem nota Melles Oliveira Castro – Villa Aiglon – 5 Boulevard Cimiez Nice -– s/d,s/d,Cannes (FRA),FRA,Bom,Castorina Oliveira Castro,5,Scanner,2015-06-29,Cartão Postal,600,Tiff,adams,Título: Chateau Saint-Honorat - Ile de Lerins,http://iconografia.casaruibarbosa.gov.br/fotoweb/Preview.fwx?position=80&archiveType=ImageFolder&albumId=5002&sorting=ModifiedTimeAsc&search=&fileId=CE29C4840AA53CD6D10ABCAA711A45DA5C7B6A664273B498F3FFF064C42E881824E7E072C2C70B224D037E3F25438E01494AFB3BB21E04AB22D4D85BDEE50CA12D3233BD7E70EA777FC1176462580EF92E7537803F0ABC90C768C8E028110DFC8126315634F071AE446EBE5E932021B14F47352F83E6E1E0C91D43365A49696EEE4CE2CD4397C5A48277E3367F5C7A9CEBAED4B7E7D08B9EC9D9FA0036D64606C91C00E496C13FC8
CLS SOC DOS6 CP28,Família Oliveira Castro,BR FCRB,Coleção Lúcia Sanson,Arquivo,Castorina Oliveira Castro,"Nota: ""Muito te agradecemos os postaes que você nos enviou em troca delles te mandamos este, desejando que esteja com saúde e que tenhas gostado do collegio beijo da Castorina Santinha"" DEST.: Miss Mary O. Castro. Convent of Notre Dame. Clapham Common London",23/10/1906,Rio de Janeiro (RJ),BRA,Bom,Castorina Oliveira Castro,5,Scanner,2015-06-29,Cartão Postal,600,Tiff,adams,Título: Forte de Imbuhy,http://iconografia.casaruibarbosa.gov.br/fotoweb/Preview.fwx?position=81&archiveType=ImageFolder&albumId=5002&sorting=ModifiedTimeAsc&search=&fileId=CE29C4840AA53CD6D10ABCAA711A45DA5C7B6A664273B498F3FFF064C42E881824E7E072C2C70B224D037E3F25438E01494AFB3BB21E04AB22D4D85BDEE50CA12D3233BD7E70EA777FC1176462580EF92E7537803F0ABC90C768C8E028110DFC7A9FDBC4695A5AEE446EBE5E932021B14F47352F83E6E1E0C91D43365A49696EEE4CE2CD4397C5A48277E3367F5C7A9CEBAED4B7E7D08B9EC9D9FA0036D64606C91C00E496C13FC8
CLS SOC DOS6 CP29,"Família Oliveira Castro  ,  RIo Antigo",BR FCRB,Coleção Lúcia Sanson,Arquivo,Castorina Oliveira Castro,"Nota: ""Minha boa Nenê, é com profunda magua que meu pensamento que acompanha desde que entraste no collegio, principalmente ultimamente!!!! Graças a Deus agora quase que estás no fim de tamanho sacrifício. Muito obrigada pelo teu cartão de boas-festas. Sua tia e grande amiga Nenê""",s/d,Rio de Janeiro (RJ),BRA,Bom,Castorina Oliveira Castro,5,Scanner,2015-06-29,Cartão Postal,600,Tiff,adams,Título: Escola Militar da Praia Vermelha,http://iconografia.casaruibarbosa.gov.br/fotoweb/Preview.fwx?position=82&archiveType=ImageFolder&albumId=5002&sorting=ModifiedTimeAsc&search=&fileId=CE29C4840AA53CD6D10ABCAA711A45DA5C7B6A664273B498F3FFF064C42E881824E7E072C2C70B224D037E3F25438E01494AFB3BB21E04AB22D4D85BDEE50CA12D3233BD7E70EA777FC1176462580EF92E7537803F0ABC90C768C8E028110DFC9CFCBF4635944261446EBE5E932021B14F47352F83E6E1E0C91D43365A49696EEE4CE2CD4397C5A48277E3367F5C7A9CEBAED4B7E7D08B9EC9D9FA0036D64606C91C00E496C13FC8
CLS SOC DOS6 CP3,Família Oliveira Castro,BR FCRB,Coleção Lúcia Sanson,Arquivo,Stengel & Co.,Sem notas DEST.: Melles. Oliveira Castro. Ville Aiglon. 5 de Cimiez - Nice,s/d,Roma (ITA),ITA,Bom,Stengel & Co.,5,Scanner,2015-06-29,Cartão Postal,600,Tiff,adams,"Título: Cartão-postal da família Oliveira Castro da cidade de Roma, Itália. Camponesa",http://iconografia.casaruibarbosa.gov.br/fotoweb/Preview.fwx?position=83&archiveType=ImageFolder&albumId=5002&sorting=ModifiedTimeAsc&search=&fileId=CE29C4840AA53CD6D10ABCAA711A45DA5C7B6A664273B498F3FFF064C42E881824E7E072C2C70B224D037E3F25438E01494AFB3BB21E04AB22D4D85BDEE50CA12D3233BD7E70EA777FC1176462580EF92E7537803F0ABC90C768C8E028110DFCDD74B4B3D303129AC77D2F5CB592EF6C47353D28DFE5A6B61493CBFBA6A583DE697E40B14FD6C0E0AC190DF98603FE9925EE146F4A9126A80690BE4D71992CD22DBFCFAF478A37E2
CLS SOC DOS6 CP20,Família Oliveira Castro,BR FCRB,Coleção Lúcia Sanson,Arquivo,Castorina Oliveira Castro,"Nota: ""Miss Castro, Convent od Notre Dame, Clapham Common London""",s/d,Londres (GBR),GBR,Bom,Castorina Oliveira Castro,5,Scanner,2015-06-29,Cartão Postal,600,Tiff,adams,"Título: Cartão-postal da família Oliveira Castro da cidade de Londres, Inglaterra. The Coliseum",http://iconografia.casaruibarbosa.gov.br/fotoweb/Preview.fwx?position=84&archiveType=ImageFolder&albumId=5002&sorting=ModifiedTimeAsc&search=&fileId=CE29C4840AA53CD6D10ABCAA711A45DA5C7B6A664273B498F3FFF064C42E881824E7E072C2C70B224D037E3F25438E01494AFB3BB21E04AB22D4D85BDEE50CA12D3233BD7E70EA777FC1176462580EF92E7537803F0ABC90C768C8E028110DFCAC11D58F1717EAE4446EBE5E932021B19BC4D5739BA8A8B8C91D43365A49696EEE4CE2CD4397C5A48277E3367F5C7A9CEBAED4B7E7D08B9EC9D9FA0036D64606C91C00E496C13FC8
CLS SOC DOS6 CP21,Família Oliveira Castro,BR FCRB,Coleção Lúcia Sanson,Arquivo,Castorina Oliveira Castro,"Texto escrito na frente: ""Souvenir affectueux de Cabourg et bons baisers. Edmée. Paris 45 rue de Maubege."" Tradução: ""Lembrança afetuosa de Cabourg e beijos de Edmée. Paris, Rua de Maubege, 45""",s/d,Paris (FRA),FRA,Bom,Castorina Oliveira Castro,5,Scanner,2015-06-29,Cartão Postal,600,Tiff,adams,"Título: Cartão-postal da família Oliveira Castro da cidade costeira de Cabourg, França.",http://iconografia.casaruibarbosa.gov.br/fotoweb/Preview.fwx?position=85&archiveType=ImageFolder&albumId=5002&sorting=ModifiedTimeAsc&search=&fileId=CE29C4840AA53CD6D10ABCAA711A45DA5C7B6A664273B498F3FFF064C42E881824E7E072C2C70B224D037E3F25438E01494AFB3BB21E04AB22D4D85BDEE50CA12D3233BD7E70EA777FC1176462580EF92E7537803F0ABC90C768C8E028110DFCD70E069EF835EF7E446EBE5E932021B19BC4D5739BA8A8B8C91D43365A49696EEE4CE2CD4397C5A48277E3367F5C7A9CEBAED4B7E7D08B9EC9D9FA0036D64606C91C00E496C13FC8
CLS SOC DOS6 CP22,Família Oliveira Castro,BR FCRB,Coleção Lúcia Sanson,Arquivo,Castorina Oliveira Castro,"Nota: ""Bôa Hilda Sonhei que estavas doente então por meio deste venho saber se já está melhor. Porque não me escreves mais? Escreva-me um cartão com o retrato do tenor Zenatello aqui na ha em parte alguma Um abraço apertado e um beijo de Hermínia [...]""",21/04/1907,Petrópolis (RJ),BRA,Bom,Castorina Oliveira Castro,5,Scanner,2015-06-29,Cartão Postal,600,Tiff,adams,"Título: Cartão-postal da família Oliveira Castro da cidade de Petrópolis, Rio de Janeiro.",http://iconografia.casaruibarbosa.gov.br/fotoweb/Preview.fwx?position=86&archiveType=ImageFolder&albumId=5002&sorting=ModifiedTimeAsc&search=&fileId=CE29C4840AA53CD6D10ABCAA711A45DA5C7B6A664273B498F3FFF064C42E881824E7E072C2C70B224D037E3F25438E01494AFB3BB21E04AB22D4D85BDEE50CA12D3233BD7E70EA777FC1176462580EF92E7537803F0ABC90C768C8E028110DFCE19563008EBCF67F446EBE5E932021B19BC4D5739BA8A8B8C91D43365A49696EEE4CE2CD4397C5A48277E3367F5C7A9CEBAED4B7E7D08B9EC9D9FA0036D64606C91C00E496C13FC8
CLS SOC DOS6 CP23,Família Oliveira Castro,BR FCRB,Coleção Lúcia Sanson,Arquivo,Castorina Oliveira Castro,"Nota: ""Boa Hilda soube que estavas doente então por meio deste venho a saber se já estás melhor. Porque não me escreve mais? Escreva me um cartão com o retrato do tenor .... aqui não há em parte alguma. Um abraço apertado e um beijo de Herminia farofa DEST.: Monsieur Le Baron de Oliveira Castro. Ave Bons... """,21/04/1907,Londres (GBR),GBR,Bom,Castorina Oliveira Castro,5,Scanner,2015-06-29,Cartão Postal,600,Tiff,adams,"Título: Cartão-postal da família Oliveira Castro da cidade de Londres, Inglaterra. Boscombe",http://iconografia.casaruibarbosa.gov.br/fotoweb/Preview.fwx?position=87&archiveType=ImageFolder&albumId=5002&sorting=ModifiedTimeAsc&search=&fileId=CE29C4840AA53CD6D10ABCAA711A45DA5C7B6A664273B498F3FFF064C42E881824E7E072C2C70B224D037E3F25438E01494AFB3BB21E04AB22D4D85BDEE50CA12D3233BD7E70EA777FC1176462580EF92E7537803F0ABC90C768C8E028110DFC6C67F68ECA4DF4FC446EBE5E932021B19BC4D5739BA8A8B8C91D43365A49696EEE4CE2CD4397C5A48277E3367F5C7A9CEBAED4B7E7D08B9EC9D9FA0036D64606C91C00E496C13FC8
CLS SOC DOS6 CP16,Família Oliveira Castro,BR FCRB,Coleção Lúcia Sanson,Arquivo,Castorina Oliveira Castro,"Nota: ""26 7bro/1926 Minha Prima No momento que atravessa sua alma nenhum bálsamo melhor encontrará, estou certo do que a oração na capelinha da visitação onde Nosso Senhor fez as suas promessas de amor do seo Santíssimo Coração. O seu coração de filha, esposa e mãe encontrará agasalho de suas doces esperanças naquelle divino Coração. Saudades do primo Heitor da Silva Costa."" Dest: Madame Mme. Vve. Leopoldo Moreira. Hotel Lutetia. Vichy. France.",26/09/1906,Lourdes (FRA),GBR,Bom,Castorina Oliveira Castro,5,Scanner,2015-06-29,Cartão Postal,600,Tiff,adams,Título: paray le monial,http://iconografia.casaruibarbosa.gov.br/fotoweb/Preview.fwx?position=88&archiveType=ImageFolder&albumId=5002&sorting=ModifiedTimeAsc&search=&fileId=CE29C4840AA53CD6D10ABCAA711A45DA5C7B6A664273B498F3FFF064C42E881824E7E072C2C70B224D037E3F25438E01494AFB3BB21E04AB22D4D85BDEE50CA12D3233BD7E70EA777FC1176462580EF92E7537803F0ABC90C768C8E028110DFCCF0EA7CB457F8F71446EBE5E932021B1F3FDBFAF07411DE1C91D43365A49696EEE4CE2CD4397C5A48277E3367F5C7A9CEBAED4B7E7D08B9EC9D9FA0036D64606C91C00E496C13FC8
CLS SOC DOS6 CP17,Família Oliveira Castro,BR FCRB,Coleção Lúcia Sanson,Arquivo,,"Nota: ""M. Henri Farman va passer le poteau d'arrivée dans le Grand Prix d'aviation. Le 13 Janvier 1908. Parcour 1 Klm 300 en Circuit fermé en 1m 28s"" Tradução: ""M. Henri Farman passará o cargo de vencedor no Grande Prémio de Aviação. Em 13 de Janeiro de 1908. Percurso 1,3 Km em circuito fechado em 1 minuto e 28 segundos.""",13/01/1908,Paris (FRA),FRA,Bom,,5,Scanner,2015-06-29,Cartão Postal,600,Tiff,adams,"Título: Cartão-postal da família Oliveira Castro de um vôo feito na cidade Paris, França. m. Henri Farman",http://iconografia.casaruibarbosa.gov.br/fotoweb/Preview.fwx?position=89&archiveType=ImageFolder&albumId=5002&sorting=ModifiedTimeAsc&search=&fileId=CE29C4840AA53CD6D10ABCAA711A45DA5C7B6A664273B498F3FFF064C42E881824E7E072C2C70B224D037E3F25438E01494AFB3BB21E04AB22D4D85BDEE50CA12D3233BD7E70EA777FC1176462580EF92E7537803F0ABC90C768C8E028110DFC54B6DB4D2A6FACB6446EBE5E932021B1F3FDBFAF07411DE1C91D43365A49696EEE4CE2CD4397C5A48277E3367F5C7A9CEBAED4B7E7D08B9EC9D9FA0036D64606C91C00E496C13FC8
CLS SOC DOS6 C18,Família Oliveira Castro,BR FCRB,Coleção Lúcia Sanson,Arquivo,Castorina Oliveira Castro,"Nota: ""Cara Hilda, Como tens passado? Aqui temos ido bem, temos um mar lindissimo, estou como uma tola, vou me meter dentro da agua, recebendo a carícia doce das ondas. Tua irmã que te beija. Nenê""",00/00/1907,Londres (GBR),GBR,Bom,Castorina Oliveira Castro,5,Scanner,2015-06-29,Cartão Postal,600,Tiff,adams,"Título: Cartão-postal da família Oliveira Castro da cidade de Bournemouth, Inglaterra. Souvenir of 1907",http://iconografia.casaruibarbosa.gov.br/fotoweb/Preview.fwx?position=90&archiveType=ImageFolder&albumId=5002&sorting=ModifiedTimeAsc&search=&fileId=CE29C4840AA53CD6D10ABCAA711A45DA5C7B6A664273B498F3FFF064C42E881824E7E072C2C70B224D037E3F25438E01494AFB3BB21E04AB22D4D85BDEE50CA12D3233BD7E70EA777FC1176462580EF92E7537803F0ABC90C768C8E028110DFC2A816167BFF5357B446EBE5E932021B1F3FDBFAF07411DE1C91D43365A49696EEE4CE2CD4397C5A48277E3367F5C7A9CEBAED4B7E7D08B9EC9D9FA0036D64606C91C00E496C13FC8
CLS SOC DOS6 CP19,Família Oliveira Castro,BR FCRB,Coleção Lúcia Sanson,Arquivo,Castorina Oliveira Castro,"Nota: ""Hilda espero.... que recebestes mais cartas ... para tua ... mandei para .... e Nenê, muitas saudades de"" DEST.: Mde. Hilda Oliveira Castro 10 avenida Central 10 Rio de Janeiro Brazil –",07/07/06,Buenos Aires (ARG),ARG,Bom,Castorina Oliveira Castro,5,Scanner,2015-06-29,Cartão Postal,600,Tiff,adams,Título: Cartão-postal da família Oliveira Castro de índios argentinos.,http://iconografia.casaruibarbosa.gov.br/fotoweb/Preview.fwx?position=91&archiveType=ImageFolder&albumId=5002&sorting=ModifiedTimeAsc&search=&fileId=CE29C4840AA53CD6D10ABCAA711A45DA5C7B6A664273B498F3FFF064C42E881824E7E072C2C70B224D037E3F25438E01494AFB3BB21E04AB22D4D85BDEE50CA12D3233BD7E70EA777FC1176462580EF92E7537803F0ABC90C768C8E028110DFC3805B75ADB37E648446EBE5E932021B1F3FDBFAF07411DE1C91D43365A49696EEE4CE2CD4397C5A48277E3367F5C7A9CEBAED4B7E7D08B9EC9D9FA0036D64606C91C00E496C13FC8
CLS SOC DOS6 CP2,Família Oliveira Castro,BR FCRB,Coleção Lúcia Sanson,Arquivo,Castorina Oliveira Castro,"Nota no verso do cartão: ""Querida irmã Maricota Duas palavras para dizer-te que amanhã partimos para Paris onde iremos encontrar Elvira que ja saiu de [...] para encontrar um médico em Paris pois escreveu-me [...] e diz que passeia todo o mês de Setembro em Paris. Estimo que voce esteja passando bem assim como o cumpadre do qual não tenho carta sem haver motivo para este grande silêncio pois tenho escrito muito. Abraços a ele e as sobrinhas. Saudades suas e saudoso abraço do irmão cumpadre e amigo. Maneco""",s/d,Londres (GBR),GBR,Bom,Castorina Oliveira Castro,5,Scanner,2015-06-29,Cartão Postal,600,Tiff,adams,Título: Camponeses da Armenia,http://iconografia.casaruibarbosa.gov.br/fotoweb/Preview.fwx?position=92&archiveType=ImageFolder&albumId=5002&sorting=ModifiedTimeAsc&search=&fileId=CE29C4840AA53CD6D10ABCAA711A45DA5C7B6A664273B498F3FFF064C42E881824E7E072C2C70B224D037E3F25438E01494AFB3BB21E04AB22D4D85BDEE50CA12D3233BD7E70EA777FC1176462580EF92E7537803F0ABC90C768C8E028110DFC331F15A35F4FD175C77D2F5CB592EF6C9B93866B62C60DF81493CBFBA6A583DE697E40B14FD6C0E0AC190DF98603FE9925EE146F4A9126A80690BE4D71992CD22DBFCFAF478A37E2
CLS SOC DOS6 CP137,Família Oliveira Castro,BR FCRB,Coleção Lúcia Sanson,Arquivo,B. C. I.,sem nota Dest: Melle Castro. Villa Aiglon nº5. Avenue de Cimiez Nice. s/d,s/d,Nice (FRA),FRA,Bom,B. C. I.,5,Scanner,2015-06-29,Cartão Postal,600,Tiff,adams,"Título: Cartão-postal da família Oliveira Castro da cidade de Nice, França.",http://iconografia.casaruibarbosa.gov.br/fotoweb/Preview.fwx?position=93&archiveType=ImageFolder&albumId=5002&sorting=ModifiedTimeAsc&search=&fileId=CE29C4840AA53CD6D10ABCAA711A45DA5C7B6A664273B498F3FFF064C42E881824E7E072C2C70B224D037E3F25438E01494AFB3BB21E04AB22D4D85BDEE50CA12D3233BD7E70EA777FC1176462580EF92E7537803F0ABC90C768C8E028110DFCBF508C21E864FCB7D68FC972614388322C5F7CE074144C4777358417DAD641716C5FA2684FD31DC6354FF03A0722C71D74200EE80456450555ADC775ECEDD8458D0BA9B356BCA3DA
CLS SOC DOS6 CP138,Família Oliveira Castro,BR FCRB,Coleção Lúcia Sanson,Arquivo,B. C. I.,sem nota Dest: Melle Castro. Villa Aiglon nº5. Avenue de Cimiez Nice. s/d,s/d,Nice (FRA),FRA,Bom,B. C. I.,5,Scanner,2015-06-29,Cartão Postal,600,Tiff,adams,"Título: Cartão-postal da família Oliveira Castro da cidade de Nice, França.",http://iconografia.casaruibarbosa.gov.br/fotoweb/Preview.fwx?position=94&archiveType=ImageFolder&albumId=5002&sorting=ModifiedTimeAsc&search=&fileId=CE29C4840AA53CD6D10ABCAA711A45DA5C7B6A664273B498F3FFF064C42E881824E7E072C2C70B224D037E3F25438E01494AFB3BB21E04AB22D4D85BDEE50CA12D3233BD7E70EA777FC1176462580EF92E7537803F0ABC90C768C8E028110DFC92657FBA368D0B3ED68FC972614388322C5F7CE074144C4777358417DAD641716C5FA2684FD31DC6354FF03A0722C71D74200EE80456450555ADC775ECEDD8458D0BA9B356BCA3DA
CLS SOC DOS6 CP14,Família Oliveira Castro,BR FCRB,Coleção Lúcia Sanson,Arquivo,G. Broekaert,No verso: 'Mademoiselle Oliveira Castro',s/d,Nice (FRA),FRA,Bom,G. Broekaert,5,Scanner,2015-06-29,Cartão Postal,600,Tiff,adams,Título: Chapelle de la Montagne,http://iconografia.casaruibarbosa.gov.br/fotoweb/Preview.fwx?position=95&archiveType=ImageFolder&albumId=5002&sorting=ModifiedTimeAsc&search=&fileId=CE29C4840AA53CD6D10ABCAA711A45DA5C7B6A664273B498F3FFF064C42E881824E7E072C2C70B224D037E3F25438E01494AFB3BB21E04AB22D4D85BDEE50CA12D3233BD7E70EA777FC1176462580EF92E7537803F0ABC90C768C8E028110DFCE79CACACE05A7C0C446EBE5E932021B1D4E0C5B690939B78C91D43365A49696EEE4CE2CD4397C5A48277E3367F5C7A9CEBAED4B7E7D08B9EC9D9FA0036D64606C91C00E496C13FC8
CLS SOC DOS6 CP15,Família Oliveira Castro,BR FCRB,Coleção Lúcia Sanson,Arquivo,Castorina Oliveira Castro,Sem notas DEST.: Miss Castro. Convento f Notre Dame. Clapham Common. London,s/d,Londres (GBR),GBR,Bom,Castorina Oliveira Castro,5,Scanner,2015-06-29,Cartão Postal,600,Tiff,adams,Título: Monumento em Londres,http://iconografia.casaruibarbosa.gov.br/fotoweb/Preview.fwx?position=96&archiveType=ImageFolder&albumId=5002&sorting=ModifiedTimeAsc&search=&fileId=CE29C4840AA53CD6D10ABCAA711A45DA5C7B6A664273B498F3FFF064C42E881824E7E072C2C70B224D037E3F25438E01494AFB3BB21E04AB22D4D85BDEE50CA12D3233BD7E70EA777FC1176462580EF92E7537803F0ABC90C768C8E028110DFCA4262C770451BE64446EBE5E932021B1D4E0C5B690939B78C91D43365A49696EEE4CE2CD4397C5A48277E3367F5C7A9CEBAED4B7E7D08B9EC9D9FA0036D64606C91C00E496C13FC8
CLS SOC DOS6 C13,Família Oliveira Castro,BR FCRB,Coleção Lúcia Sanson,Arquivo,Castorina Oliveira Castro,Sem notas DEST.: Miss Castro. Convento f Notre Dame. Clapham Common. London. s/d,s/d,Londres (GBR),GBR,Bom,Castorina Oliveira Castro,5,Scanner,2015-06-29,Cartão Postal,600,Tiff,adams,Título: Hampton Court Palace,http://iconografia.casaruibarbosa.gov.br/fotoweb/Preview.fwx?position=97&archiveType=ImageFolder&albumId=5002&sorting=ModifiedTimeAsc&search=&fileId=CE29C4840AA53CD6D10ABCAA711A45DA5C7B6A664273B498F3FFF064C42E881824E7E072C2C70B224D037E3F25438E01494AFB3BB21E04AB22D4D85BDEE50CA12D3233BD7E70EA777FC1176462580EF92E7537803F0ABC90C768C8E028110DFCD79908A2CB12B0BB446EBE5E932021B184C859D6D1F78148C91D43365A49696EEE4CE2CD4397C5A48277E3367F5C7A9CEBAED4B7E7D08B9EC9D9FA0036D64606C91C00E496C13FC8
CLS SOC DOS6 CP130,Família Oliveira Castro,BR FCRB,Coleção Lúcia Sanson,Arquivo,Convent of Notre Dame,"Nota: ""16-9-06 Boa madrinha Aqui estou há dois dias, já mais não posso com saudades da casa! Peço lhes que me escreva breve Milhões de beijos para meus bons tios Lopes da Nenê"" DEST.: Madame Elvira C. Lopes Casas Novas Póvoa de Lanhoso. 16/01/06",16/09/1906,Londres (GBR),GBR,Ruim,Convent of Notre Dame,5,Scanner,2015-06-29,Fotografia,600,Tiff,adams,Título: Convent of Notre Dame - Clapham,http://iconografia.casaruibarbosa.gov.br/fotoweb/Preview.fwx?position=98&archiveType=ImageFolder&albumId=5002&sorting=ModifiedTimeAsc&search=&fileId=CE29C4840AA53CD6D10ABCAA711A45DA5C7B6A664273B498F3FFF064C42E881824E7E072C2C70B224D037E3F25438E01494AFB3BB21E04AB22D4D85BDEE50CA12D3233BD7E70EA777FC1176462580EF92E7537803F0ABC90C768C8E028110DFC14CF604BB283F6C8D68FC97261438832B11A613B9D5E0A9577358417DAD641716C5FA2684FD31DC6354FF03A0722C71D74200EE80456450555ADC775ECEDD8458D0BA9B356BCA3DA
CLS SOC DOS6 CP131,Família Oliveira Castro,BR FCRB,Coleção Lúcia Sanson,Arquivo,Convent of Notre Dame,"Nota: ""Dear Mana e Deolinda Please don’t think I have forgotten you. Did you enjoy your voyage. We were all very sorry to loose you and we miss you so much. We all …. excellent cards se we had the pony. Goodbye With I and have from your friend xxxx Isabel. PS I have written to Albertine but I have not had na another yet."" DEST.: M.elles De M. Castro 17 Rue de la Isemville Paris France. s/d",s/d,Londres (GBR),GBR,Ruim,Convent of Notre Dame,5,Scanner,2015-06-29,Fotografia,600,Tiff,adams,Título: Convent of Notre Dame - Clapham,http://iconografia.casaruibarbosa.gov.br/fotoweb/Preview.fwx?position=99&archiveType=ImageFolder&albumId=5002&sorting=ModifiedTimeAsc&search=&fileId=CE29C4840AA53CD6D10ABCAA711A45DA5C7B6A664273B498F3FFF064C42E881824E7E072C2C70B224D037E3F25438E01494AFB3BB21E04AB22D4D85BDEE50CA12D3233BD7E70EA777FC1176462580EF92E7537803F0ABC90C768C8E028110DFC2719D9C657EAC38AD68FC97261438832B11A613B9D5E0A9577358417DAD641716C5FA2684FD31DC6354FF03A0722C71D74200EE80456450555ADC775ECEDD8458D0BA9B356BCA3DA
CLS SOC DOS6 CP132,Família Oliveira Castro,BR FCRB,Coleção Lúcia Sanson,Arquivo,Convent of Notre Dame,"Nota: ""Estou aqui no Collegio há 2 dias e já não posso mais com as saudades de casa! Felizmente o collegio por hora não é muito ruim, a comida é a meu gosto o jantar compõe se de um prato de O parque é lindo, temos um ponny, 3 vaccas um lago com cysnes. Mas tudo isso nem a dança a noite pode aliviar - as saudades da pobre Nenê"". DEST.: Mademoiseille Castorina de Oliveira Castro 19 rua da Imperatriz Petrópolis data em Petrópolis: 00/10/06",00/011906,Londres (GBR),GBR,Ruim,Convent of Notre Dame,5,Scanner,2015-06-29,Fotografia,600,Tiff,adams,Título: Convent of Notre Dame - Clapham,http://iconografia.casaruibarbosa.gov.br/fotoweb/Preview.fwx?position=100&archiveType=ImageFolder&albumId=5002&sorting=ModifiedTimeAsc&search=&fileId=CE29C4840AA53CD6D10ABCAA711A45DA5C7B6A664273B498F3FFF064C42E881824E7E072C2C70B224D037E3F25438E01494AFB3BB21E04AB22D4D85BDEE50CA12D3233BD7E70EA777FC1176462580EF92E7537803F0ABC90C768C8E028110DFC69E7B57842284187D68FC97261438832B11A613B9D5E0A9577358417DAD641716C5FA2684FD31DC6354FF03A0722C71D74200EE80456450555ADC775ECEDD8458D0BA9B356BCA3DA
CLS SOC DOS6 CP133,Família Oliveira Castro,BR FCRB,Coleção Lúcia Sanson,Arquivo,Convent of Notre Dame,"Nota: ""Ingrata prima Há um mês que não me escreve, isso prova que tens se divertido muito no Rio! Espero"" Sem Dest.",s/d,Londres (GBR),GBR,Ruim,Convent of Notre Dame,5,Scanner,2015-06-29,Fotografia,600,Tiff,adams,Título: Convent of Notre Dame - Clapham,http://iconografia.casaruibarbosa.gov.br/fotoweb/Preview.fwx?position=101&archiveType=ImageFolder&albumId=5002&sorting=ModifiedTimeAsc&search=&fileId=CE29C4840AA53CD6D10ABCAA711A45DA5C7B6A664273B498F3FFF064C42E881824E7E072C2C70B224D037E3F25438E01494AFB3BB21E04AB22D4D85BDEE50CA12D3233BD7E70EA777FC1176462580EF92E7537803F0ABC90C768C8E028110DFCF23C04D7E299B28ED68FC97261438832B11A613B9D5E0A9577358417DAD641716C5FA2684FD31DC6354FF03A0722C71D74200EE80456450555ADC775ECEDD8458D0BA9B356BCA3DA
