Altura,Autor,Classificação,Data de aquisição,Data de produção,Denominação,Document,Largura,Link do Item,Local de produção,Material,Modo de aquisição,Número de registro,Procedência,Resumo descritivo,Situação,Técnica,Título,Histórico/Observação,Outros números,Profundidade,Peso,Marcas/Inscrições,Diâmetro
"0,17 m",Não identificado,02 Artes Visuais/Cinematográfica > 02.3 Escultura,Não identificada,Século XX,Escultura,77756,"0,09 m",http://museusibramgoias.acervos.museus.gov.br/museu-casa-da-boa-morte/escultura-170/,Não identificado,Metal > Bronze | Madeira,Não identificado,GO.99.029.848,Não identificada,Cristo em broze e cruz de madeira com detalhes geométricos em toda a sua extensão. Detalhes em plastico branco duro  e detalhes em madrepérola.,Localizado,Não identificada,Crucifixo,,,,,,
"0,22 m",Não identificado,02 Artes Visuais/Cinematográfica > 02.3 Escultura,Não identificada,Não identificada,Escultura,77754,"0,13 m",http://museusibramgoias.acervos.museus.gov.br/museu-casa-da-boa-morte/escultura-169/,Não identificado,Metal > Bronze | Madeira,Não identificado,GO.99.029.849,Não identificada,Cristo crucificado em bronze. Cruz de madeira e a imagem de Nossa Senhora na parte inferior feita de bronze.,Localizado,Não identificada,Cruz com Cristo e Nossa Senhora,Na descrição da ficha amarela diz que havia uma caveira na extremidade do crucifico. Item não encontrado. Há somente a ficha amarela.,,,,,
,Não identificado,02 Artes Visuais/Cinematográfica > 02.3 Escultura,Não identificada,Século XX,Escultura,77752,,http://museusibramgoias.acervos.museus.gov.br/museu-casa-da-boa-morte/escultura-168/,Itália,Pedra > Cristal,Doação,GO.99.029.520,Dom Cândido Bento Maria Penso,Tamanho diversos. Com douramento dentro delas parecidas com ouro desfragmentados dentro delas.,Localizado,Técnica em Madeira > Entalhe,Presépio,Possui seis peças em diversos tamanhos,,,,,
,Sandra,02 Artes Visuais/Cinematográfica > 02.3 Escultura,Não identificada,Não identificada,Escultura,77750,,http://museusibramgoias.acervos.museus.gov.br/museu-casa-da-boa-morte/escultura-167/,Não identificado,Rocha > Argila | Madeira,Não identificado,GO.99.029.880,Não identificada,Peças feita de argila com madeira.,Localizado,Técnica em Louça > Modelagem | Técnica em Argila/Barro,Presépio,Possui 29 peças. Descrito como arte popular.,,,,,
,Ailton,02 Artes Visuais/Cinematográfica > 02.3 Escultura,Não identificada,Não identificada,Escultura,77748,,http://museusibramgoias.acervos.museus.gov.br/museu-casa-da-boa-morte/escultura-166/,Não identificado,Madeira > Casca de Cajá,Não identificado,GO.99.029.891,Não identificada,Presépio esculpido com casca de cajá,Localizado,Técnica em Madeira > Entalhe,Presépio,Possui 17 peças com base feita de lasca de madeira.,,,,,
,Ailton,02 Artes Visuais/Cinematográfica > 02.3 Escultura,Não identificada,Não identificada,Escultura,77746,,http://museusibramgoias.acervos.museus.gov.br/museu-casa-da-boa-morte/escultura-165/,Brasil > Goiás,Pedra > Pedra sabão,Não identificado,GO.99.029.879,Não identificada,Presépio esculpido em pedra sabão,Localizado,Técnica em Madeira > Entalhe,Presépio,Totalizam 14 peças em tamanhos diversos,,,,,
"1,57 m",Não identificado,09 Objetos Cerimoniais > 09.3 Objeto de Culto,Não identificada,Século XX,Escultura,78854,"0,62 m",http://museusibramgoias.acervos.museus.gov.br/museu-casa-da-boa-morte/escultura-164/,Não identificado,Madeira,Não identificado,GO.99.029.265,Não identificada,"Cristo crucificado. Escultura em madeira policromada, de pé com braços e pernas presos na cruz, cabeça levemente inclinada para baixo.",Localizado,Técnica em Madeira > Entalhe | Técnica em Madeira > Policromia | Técnica em Pintura,Cristo Morto,,83114029265,,,,
"0,75 m",José Joaquim da Veiga Valle,02 Artes Visuais/Cinematográfica > 02.3 Escultura,1971,Século XIX,Escultura,77740,"0,41 m",http://museusibramgoias.acervos.museus.gov.br/museu-casa-da-boa-morte/escultura-163/,Brasil > Goiás > Cidade de Goiás,Madeira,Custória,GO.99.029.461,"Cidade de Goiás, Goiás | Igreja de Nossa Senhora do Rosário","Figura masculina de pé, esculpida em madeira, preso ao tronco, corpo nu.",Localizado,Técnica em Madeira > Entalhe | Técnica em Madeira > Policromia | Técnica em Pintura,São Sebastião,"No modo de aquisição está escrito ""Custódia 1971""",41,,,,
"0,31 m",José Joaquim da Veiga Valle,09 Objetos Cerimoniais > 09.3 Objeto de Culto,Não identificada,Século XIX,Escultura,77738,"0,13",http://museusibramgoias.acervos.museus.gov.br/museu-casa-da-boa-morte/escultura-162/,Não identificado,Madeira,Compra,GO.99.029.340,Goiânia | Goiás,"Escultura do Menino Deus em madeira esculpida e policromada. Base quadrada, almofada com bambolins, na cabeça resplendor de ouro.",Localizado,Técnica em Madeira > Entalhe,Menino Deus,Adquirida através de compra pelo MinC em 1986 para o MASBM.,86003029340,,,,
"0,69 m",José Joaquim da Veiga Valle,09 Objetos Cerimoniais > 09.3 Objeto de Culto,Não identificada,Século XIX,Escultura,77736,"0,26 m",http://museusibramgoias.acervos.museus.gov.br/museu-casa-da-boa-morte/escultura-161/,Não identificado,Madeira,Não identificado,GO.99.029.254,"Cidade de Goiás, Goiás | Igreja de Santa Bárbara","Escultura de São Jerônimo esculpida e policromada, pintada em preto.",Localizado,Técnica em Madeira > Entalhe | Técnica em Pintura,São Jerônimo,,83103029254 | 88,,,,
"0,22 m",Não identificado,09 Objetos Cerimoniais > 09.3 Objeto de Culto,Não identificada,Século XVIII,Escultura,77734,"0,04 m",http://museusibramgoias.acervos.museus.gov.br/museu-casa-da-boa-morte/escultura-159/,Não identificado,Matéria Orgânica > Marfim,Doação,GO.99.029.211,Não identificada,"Escultura em marfim de Jesus crucificado, entalhada. Perizônio decorado com bolas, gregas e frisos.",Localizado,Técnica em Madeira > Entalhe,Jesus Crucificado,,83060029211 | E-39,,,,
"0,44 m",José Joaquim da Veiga Valle,09 Objetos Cerimoniais > 09.3 Objeto de Culto,Não identificada,Século XIX,Escultura,77732,"0,29 m",http://museusibramgoias.acervos.museus.gov.br/museu-casa-da-boa-morte/escultura-158/,Não identificado,Madeira > Cedro,Doação,GO.99.029.208,D. Maria Peclat,"Sant'Ana Mestra em madeira esculpida e policromada, dourado, rosa, azul escuro e claro, vermelho, carnação rosa, marmorizado.",Localizado,Técnica em Madeira > Entalhe,Sant'Ana Mestra,"Foto solta, colorida, dentro da ficha e foto em p/b. Doação de D. Maria Peclat.",83057029208 | 32,,,,
"0,21 m",Não identificado,09 Objetos Cerimoniais > 09.3 Objeto de Culto,Não identificada,Século XVIII,Escultura,77730,"0,05 m",http://museusibramgoias.acervos.museus.gov.br/museu-casa-da-boa-morte/escultura-157/,Não identificado,Matéria Orgânica > Marfim,Doação,GO.99.029.212,Dom Cândido Bento Maria Penso,"Imagem de Cristo crucificado,entalhado  em marfim, com chagas pelo corpo.",Localizado,Técnica em Madeira > Entalhe,Jesus Crucificado,Adquirido por Dom Cândido Penso e doado ao MASBM.,83061029212 | 40,,,,
"0,30 m",José Joaquim da Veiga Valle,09 Objetos Cerimoniais > 09.3 Objeto de Culto,Não identificada,Século XIX,Escultura,77728,"0,27 m",http://museusibramgoias.acervos.museus.gov.br/museu-casa-da-boa-morte/escultura-155/,Não identificado,Madeira > Cedro,Compra,GO.99.029.342,Goiânia | Goiás,"Nossa Senhora das Mercês em madeeira cedro esculpida e policromada, peanha quadrangular, almofada com bambolins, braços abertos, coroa na cabeça.",Localizado,Técnica em Madeira > Entalhe,Nossa Senhora das Mercês,Adquirida através de compra pelo MinC em 1986 para o MASBM.,86.005.29.342,,,,
"1,52 m",José Joaquim da Veiga Valle,09 Objetos Cerimoniais > 09.3 Objeto de Culto,Não identificada,Século XIX,Escultura,77726,"0,17 m",http://museusibramgoias.acervos.museus.gov.br/museu-casa-da-boa-morte/escultura-153/,Brasil > Goiás,Madeira > Cedro,Doação,GO.99.029.458,"Cidade de Goiás, Goiás | Igreja de Nossa Senhora da Boa Morte",Escultura em madeira cedro esculpida. Braços e mãos articulados.,Localizado,Técnica em Madeira > Entalhe,Nossa Senhora das Dores,,GO.99.029.458 | 2,,,,
"0,43 m",Não identificado,09 Objetos Cerimoniais > 09.3 Objeto de Culto,Não identificada,Século XX,Escultura,77724,"0,30 m",http://museusibramgoias.acervos.museus.gov.br/museu-casa-da-boa-morte/escultura-152/,Não identificado,Porcelana,Não identificado,GO.99.029.506,Não identificada,"Figura feminida sentada, em porcelana píntada em policromia.",Localizado,Técnica em Pintura,Sant'Ana,,,,,,
"1,26 m",Não identificado,09 Objetos Cerimoniais > 09.3 Objeto de Culto,Não identificada,Século XVIII,Escultura,77722,"0,53 m",http://museusibramgoias.acervos.museus.gov.br/museu-casa-da-boa-morte/escultura-151/,Não identificado,Madeira > Cedro,Custória,GO.99.029.462,"Cidade de Goiás, Goiás | Igreja de Nossa Senhora do Rosário",Escultura em madeira esculpida e policromada. Menino Deus encaixado no manto da Virgem.,Localizado,Técnica em Madeira > Entalhe,Nossa Senhora do Rosário,,GO.99.029.464 | 33,,,,
"0,76 m",Não identificado,09 Objetos Cerimoniais > 09.3 Objeto de Culto,Não identificada,Século XVIII,Escultura,77720,"0,33 m",http://museusibramgoias.acervos.museus.gov.br/museu-casa-da-boa-morte/escultura-150/,Portugal,Madeira,Custódia,GO.99.029.463,"Cidade de Goiás, Goiás | Igreja de Nossa Senhora do Rosário | Portugal","Imagem de Santa Luzia em madeira esculpida e policromada em amarelo, rosa azul claro, azul escuro, prata e dourado.",Localizado,Técnica em Madeira > Entalhe | Técnica em Pintura,Santa Luzia,"Aquisição da peça: Igreja Nossa Senhora do Rosário em 04/10/1969, reg. em 21/09/1971.",GO.99.029.463 | 17,,,,
"0,725 m",Não identificado,09 Objetos Cerimoniais > 09.3 Objeto de Culto,Não identificada,Século XIX,Escultura,77718,"0,32 m",http://museusibramgoias.acervos.museus.gov.br/museu-casa-da-boa-morte/escultura-149/,Não identificado,Madeira,Não identificado,GO.99.029.465,Arraial de barro,Peça esculpida em madeira.,Localizado,Técnica em Madeira > Entalhe | Técnica em Madeira > Policromia,São Sebastião,,,,,,
"0,453 m",Henrique Veiga Valle,09 Objetos Cerimoniais > 09.3 Objeto de Culto,Não identificada,Século XIX,Escultura,77716,"0,11 m",http://museusibramgoias.acervos.museus.gov.br/museu-casa-da-boa-morte/escultura-143/,Não identificado,Madeira,Não identificado,GO.99.029.466,Não identificada,Figura de menino de pé em posição frontal.,Localizado,Técnica em Madeira > Douramento | Técnica em Madeira > Entalhe | Técnica em Madeira > Policromia,Menino Jesus,,,,,,
"1,16 m",Não identificado,09 Objetos Cerimoniais > 09.3 Objeto de Culto,Não identificada,Século XIX,Escultura,78836,"0,33 m",http://museusibramgoias.acervos.museus.gov.br/museu-casa-da-boa-morte/escultura-139/,Não identificado,Madeira,Não identificado,GO.99.029.474,"Cidade de Goiás, Goiás | Igreja de Nossa Senhora da Abadia","Imagem em madeira policromada, esculpida, pintada, com carnação bege e chagas no corpo.",Localizado,Técnica em Madeira > Entalhe | Técnica em Pintura,Cristo Morto,,,,,,
"0,175 m",Henrique Veiga Valle,09 Objetos Cerimoniais > 09.3 Objeto de Culto,Não identificada,Século XIX,Escultura,77712,"0,6 m",http://museusibramgoias.acervos.museus.gov.br/museu-casa-da-boa-morte/escultura-138/,Brasil > Goiás > Cidade de Goiás,Madeira | Metal > Ouro,Não identificado,GO.99.029.476,"Cidade de Goiás, Goiás","Peça em madeira cedro, base em cor vermelha que sustenta o menino Jesus.",Localizado,Técnica em Madeira > Douramento | Técnica em Madeira > Entalhe | Técnica em Madeira > Policromia,Menino Jesus,,,"0,03 m",,,
"0,255 m",José Joaquim da Veiga Valle,09 Objetos Cerimoniais > 09.3 Objeto de Culto,Não identificada,Século XIX,Escultura,78836,"0,10 m",http://museusibramgoias.acervos.museus.gov.br/museu-casa-da-boa-morte/escultura-136/,Não identificado,Madeira,Doação,GO.99.029.474,"Cidade de Goiás, Goiás | Dona Maria José Bragança Berquó","Peça em madeira cedro século XIX, esculpida pelo artista Veiga Valle, base quadrada em vermelho.",Não localizado,Técnica em Madeira > Douramento | Técnica em Madeira > Entalhe | Técnica em Madeira > Policromia,Menino Jesus,,,"0,11 m",,,
"0,69 m",Não identificado,09 Objetos Cerimoniais > 09.3 Objeto de Culto,Não identificada,Século XVIII,Escultura,77708,"0,28 m",http://museusibramgoias.acervos.museus.gov.br/museu-casa-da-boa-morte/escultura-134/,Não identificado,Madeira | Metal > Ouro,Não identificado,GO.99.029.480,Não identificada,Peça em madeira policromada do sécuo XIX de autoria desconhecida. Base em madeira  octagonal em cores vermelho e verde.,Localizado,Técnica em Madeira > Entalhe | Técnica em Madeira > Policromia,Nossa Senhora do Amparo,,,"0,20 m",,,
"0,82 m",Não identificado,09 Objetos Cerimoniais > 09.3 Objeto de Culto,Não identificada,Século XVIII,Escultura,77706,"0,36 m",http://museusibramgoias.acervos.museus.gov.br/museu-casa-da-boa-morte/escultura-132/,Portugal,Madeira,Doação,GO.99.029.481,Buenolândia,"Figura feminina de pé, segurando menino Jesus. Peça esculpida em madeira com pintura em policromia.",Localizado,Técnica em Madeira > Entalhe | Técnica em Madeira > Policromia,Nossa Senhora do Rosário,,,"0,17 m",,,
"0,61 m",Não identificado,09 Objetos Cerimoniais > 09.3 Objeto de Culto,Não identificada,Século XIX,Crucifixo,77704,"0,30 m",http://museusibramgoias.acervos.museus.gov.br/museu-casa-da-boa-morte/crucifixo-2/,Não identificado,Madeira,Não identificado,GO.99.029.479,"Cidade de Goiás, Goiás | Diocese de Goiás | Igreja de Nossa Senhora do Rosário",,Localizado,Técnica em Madeira > Entalhe,Crucifixo com Cristo,,Go.88-002-012,,,,
"0,84 m",Não identificado,09 Objetos Cerimoniais > 09.3 Objeto de Culto,Não identificada,Século XVIII,Escultura,77702,"0,36 m",http://museusibramgoias.acervos.museus.gov.br/museu-casa-da-boa-morte/escultura-125/,Portugal,Madeira,Não identificado,GO.99.029.478,"Cidade de Goiás, Goiás | Diocese de Goiás | Igreja de Nossa Senhora do Rosário",Cristo Cruxificado em Madeira policromada.,Localizado,Técnica em Madeira > Entalhe,Cristo crucificado,,GO.88-002-0013,,,,
"0,19 m",Não identificado,09 Objetos Cerimoniais > 09.3 Objeto de Culto,Não identificada,Século XX,Escultura,77700,"0,18 m",http://museusibramgoias.acervos.museus.gov.br/museu-casa-da-boa-morte/escultura-124/,Não identificado,Madeira,Não identificado,GO.99.029.564,Não identificada,Peça em madeira com asas semi-abertas inacabada.,Não localizado,Técnica em Madeira > Entalhe,Águia,,,,,,
"1,63 m",Não identificado,02 Artes Visuais/Cinematográfica > 02.3 Escultura,Não identificada,Século XX,Escultura,78860,"0,48 m",http://museusibramgoias.acervos.museus.gov.br/museu-casa-da-boa-morte/escultura-123/,Não identificado,Madeira,Não identificado,GO.99.029.094,"Casa Açucena | Cidade de Goiás, Goiás | Igreja de Nossa Senhora da Boa Morte","Figura masculina de meia idade de pé, com uma mão aberta e outra apontando para o coração.",Localizado,Técnica em Madeira > Policromia,Sagrado Coração de Jesus,,68062029094,,,,
"0,18 m",Não identificado,02 Artes Visuais/Cinematográfica > 02.3 Escultura,Não identificada,Século XVIII,Escultura,77696,"0,6 m",http://museusibramgoias.acervos.museus.gov.br/museu-casa-da-boa-morte/escultura-121/,Não identificado,Madeira | Matéria Orgânica > Marfim,Doação,GO.99.029.008,Não identificada,Figura feminina em posição frontal.,Localizado,Técnica em Madeira > Entalhe | Técnica em Madeira > Policromia,Nossa Senhora,,68008029008,"0,6 m",,,
"0,22 m",Não identificado,02 Artes Visuais/Cinematográfica > 02.3 Escultura,Não identificada,Século XIX,Escultura,77694,"0,9 m",http://museusibramgoias.acervos.museus.gov.br/museu-casa-da-boa-morte/escultura-120/,Não identificado,Matéria Orgânica > Marfim,Doação,GO.99.029.009,Dom Cândido Bento Maria Penso,Figura masculina segurando cajado com a mão direita. Peça se abre formando um pequeno oratório com passagem bíblica.,Localizado,Técnica em Pintura,Bispo,,68.009.029.009 | 37,,,,
"0,36 m",José Joaquim da Veiga Valle,02 Artes Visuais/Cinematográfica > 02.3 Escultura,Não identificada,Século XIX,Escultura,77692,"0,12 m",http://museusibramgoias.acervos.museus.gov.br/museu-casa-da-boa-morte/escultura-118/,Brasil > Goiás > Goiânia,Madeira,Compra,GO.99.029.128,Rua do Cemitério,"Figura feminina de pé posição frontal cabeça erguida, cabelos longos partidos ao meio caindo sobre os ombros, braço direito flexionado, mão espalmada apoiada à frente e  esquerdo flexionado com a mão espalmada segurando o manto e o menino Deus com corpo torcido olhando para a virgem. Pernas flexionadas braço esquerdo estendido, véu curto vermelho caindo em pontas nas costas, ricamente ornamentado, círculos com buquês de flores ramadas em barra de ouro. Xale sobre os ombros drapeado pintado nas cores de verde, azul, rosa e vermelho. Veste túnica azul pastel longa presa na cintura estampado em flores e ramagens douradas. Manga dobrada na altura do cotovelo com uma manga justa vermelha de coração quadriculada com pequenas bolas douradas. Manto azul ultramar com verso vermelho caindo sobre o ombro esquerdo e volta ao corpo terminado em ponta.  Ornato compõem todo o campo, medalhão emoldurado com volutas ramagens rosas flores de acantos, quadrinhos com bolas. Perna direita flexionada apoiada no pedestal formando de nuvens nas cores azul, vermelho e amarelo com bolinhas douradas. Na frente três cabeças de anjos. Penha oitava em vermelho.",Localizado,Técnica em Madeira > Entalhe | Técnica em Madeira > Policromia,Nossa Senhora do Parto,Comprada por Dalva Pereira de França em 07/06/71.,71003029128 | 29,,,,
"0,79 m",Não identificado,02 Artes Visuais/Cinematográfica > 02.3 Escultura,Não identificada,Século XIX,Escultura,77690,"0,24 m",http://museusibramgoias.acervos.museus.gov.br/museu-casa-da-boa-morte/escultura-117/,Não identificado,Madeira,Não identificado,GO.99.029.127,Arraial do Ferreiro,"Figura masculina de pé cabeça erguida. Olhos ao longe, barba longa cerrada, bigode, cabelos longos para trás com mechas partido ao meio. Braço direito flexionado para cima, mão semi aberta com o dedo indicador estendido, braço esquerdo flexionado, mão em posição de segurar firmando o breviário na cintura e uma cruz longa. Sobre o breviário um Cordeiro. Túnica de pastor curta preso na cintura por um cinto preso. A direita uma cabaça pernas retas a direita um pouco flexionados à frente, peanha quadrada com cantos batidos com um galho de árvores pintado de verde marmorizado.",Localizado,Técnica em Madeira > Entalhe | Técnica em Madeira > Policromia,São João do Deserto,Na ficha consta que a aquisição foi por meio de requisição. em 17/04/71,71.002.029.127 | 24,,,,
"0,74 m",Não identificado,02 Artes Visuais/Cinematográfica > 02.3 Escultura,Não identificada,Século XVIII,Escultura,77688,"0,48 m",http://museusibramgoias.acervos.museus.gov.br/museu-casa-da-boa-morte/escultura-115/,Não identificado,Madeira > Cedro | Vidro,Doação,GO.99.029.024,"Cidade de Goiás, Goiás | Igreja de Santa Rita de Jeroaguara","Figura feminina, posição frontal, sentada. Cabelos longos. Cabeça levemente inclinada a esquerda. Olhos baixos de vidro. Braços flexionados, o direito para frente, o esquerdo apoiado nas costas de Nossa Senhora. Livro aberto apoiado no joelho esquerdo. Pernas flexionadas a direita um pouco a frente, sapatos pretos. Túnica longa cintada. Manto longo, envolvendo o corpo com vestígio de pintura vermelha com flores douradas. Nossa Senhora de pé, de perfil, cabeça inclinada para frente. Cabelos em mechas caído nas costas. Olhar voltado para o livro. Braços flexionados. Veste túnica longa com vestígio de pintura, cintada. Manto longo envolvendo todo o corpo. Cadeira com pés em cachimbo, vermelha. Peanha retangular com ângulos batidos.",Localizado,Técnica em Madeira > Entalhe,Sant'Ana Mestra,"Igreja localizada no povoado de Jeroaquara, município de Faina-GO. Peça doada em 31/07/1966.",68.024.029.024 | 19,,,,
"1,42 m",José Joaquim da Veiga Valle,02 Artes Visuais/Cinematográfica > 02.3 Escultura,Não identificada,Século XIX,Escultura,77686,"0,50 m",http://museusibramgoias.acervos.museus.gov.br/museu-casa-da-boa-morte/escultura-114/,Brasil > Goiás > Goiânia,Madeira > Cedro,Doação,GO.99.029.106,"Cidade de Goiás, Goiás | Igreja de Nossa Senhora da Boa Morte","Figura feminina em pé e posição frontal. Veste túnica longa azul claro, decorado com ramagem e flores douradas, na cintura forma a blusa mangas três quartos, abaixo manga longa justa. Manto longo com barra dourada, ornamentada com folhas de cicauto, ramagem, volutas, medalhões com borda dourada. Véu curto. Base formada por nuvens com cabeças de anjos. Peanha oval marmorizada em verde. O braço esquerdo segura o menino despido.",Localizado,Técnica em Madeira > Entalhe,Nossa Senhora do Parto,Técnica com policromia dourada. Madeira esculpida em um só bloco. Olhos de vidro. Número antigo 03.,68.72.029.106 | 31,,,,
"1,63",Não identificado,02 Artes Visuais/Cinematográfica > 02.3 Escultura,Não identificada,Século XX,Escultura,77684,"0,41",http://museusibramgoias.acervos.museus.gov.br/museu-casa-da-boa-morte/escultura-111/,Não identificado,Madeira,Doação,GO.99.029.108,"Cidade de Goiás, Goiás | Dona Violeta Bastos | Igreja de Nossa Senhora da Boa Morte","Figura feminina deitada em esquife de madeira policromada com pequeno desenho em alto relevo. Veste túnica de cetim branca damascado com fita azul na cintura, manto azul cobrindo a cabeça contornado por galão dourado, olhos entreabertos, cabelo postiço e coroa artesanal em tecido. Braços móveis com mãos espalmadas postas junto ao peito. Pés calçam sandálias.",Localizado,Técnica em Madeira > Entalhe,Nossa Senhora da Boa Morte,"Segundo a ficha, a peça é de origem paulista mas não está identificado a cidade de produção. Doada em 1922 por Dona Violeta Bastos para substituir a original que fora queimada no incêndio de 1921. Esculpida em um bloco de madeira e as sandálias e pés são de gesso.",68.73.029.108 | 1074,,,,
"0,30 m ",Não identificado,02 Artes Visuais/Cinematográfica > 02.3 Escultura,Não identificada,Século XIX,Escultura,77682,"0,25 m",http://museusibramgoias.acervos.museus.gov.br/museu-casa-da-boa-morte/escultura-110/,Não identificado,Madeira,Não identificado,GO.99.029.021,Não identificada,"Imagem de cristo morto, cabeça caída para direita, cabelos longos caídos sobre os ombros e costas, partido do meio. Olhos fechados nariz aquilíneo, barba cerrada longa com bigode. Braços estendidos em V. Perisônio branco atado por um cordão com ponta caindo à direita. Corpo magro. Perna direita flexionada com pé sobre o pé esquerdo, com orifício para cravo. Chagas nas costas, joelhos pernas e tórax,  escorrendo sangue sobre todo corpo. crucifixo com base semi-circular composta por frisos côncavos e convexos. Cruz de travas retas, chanfrados, título em metal com pontas recortadas e letras em relevo.",Localizado,Técnica em Madeira > Entalhe | Técnica em Madeira > Policromia,Crucifixo,"Na ficha existem dois números de medidas da peça, escritos como ""cruz 31 cm"" e ""cruz 82 cm"".",,,,,
"0,16 m",José Joaquim da Veiga Valle,02 Artes Visuais/Cinematográfica > 02.3 Escultura,Não identificada,Século XIX,Escultura,77680,"0,11 m",http://museusibramgoias.acervos.museus.gov.br/museu-casa-da-boa-morte/escultura-109/,Não identificado,Madeira,Doação,GO.99.029.022,"Cidade de Goiás, Goiás | Igreja de Santa Rita de Jeroaguara","Figura masculina de pé, de frente, corpo levemente pendido a esquerda, cabeça reta. Cabelos dourados partidos do lado esquerdo com mechas anelados e curtos. Topete alto a esquerda, penteado para trás juntado nas costas. Olhos de vidro.boca fechada. Queixo curto e grosso. Pescoço curto. Braço direito flexionado, mão semi aberta em posição de benção. O esquerdo na diagonal afastado do corpo. Pernas firmes, a direita flexionada a esquerda servindo de apoio. pés com afastamento a direita um pouco a frente. Corpo despido com a presença dos genitais, encaixado na almofada por pino, almofada vermelha bronze retangular com xadrez dourado, nos cantos bambolim dourado. Globo azul ultramar. Pecúlio oitavada marmorizada.",Localizado,Técnica em Madeira > Entalhe | Técnica em Madeira > Policromia | Técnica em Pintura,Menino Jesus,,,,,,
,Não identificado,02 Artes Visuais/Cinematográfica > 02.3 Escultura,Não identificada,Século XIX,Escultura,77678,,http://museusibramgoias.acervos.museus.gov.br/museu-casa-da-boa-morte/escultura-104/,Não identificado,Madeira,Não identificado,GO.99.029.228,Não identificada,"Imagem de pé, de frente, cabeça levemente pendida, olhos baixos, nariz reto, boca fechada com leve sorriso. Fisionomia serena. Cabelos lisos, incisos, calvos. Barba curta, incisa e inteira. Pescoço curto e atarracado. Braços flexionados, mão esquerda segurando manto. Pés com grande afastamento. Túnica longa, vermelha com decoração dourada, decote em V, debruado de dourado. Manto longo, arredondado caído sobre o ombro esquerdo e envolvendo corpo e cruzado à frente; vermelho com fundo azul decorado de flores vermelhas. Peanha retangular com ângulos batidos, verde. Furo na cabeça onde se fixava resplendor. Policromia.",Localizado,Técnica em Madeira > Entalhe,São Joaquim,,83077029228 | E-59,,,,
"0,615 m",Não identificado,02 Artes Visuais/Cinematográfica > 02.3 Escultura,Não identificada,Século XIX,Escultura,77676,"0,295 m",http://museusibramgoias.acervos.museus.gov.br/museu-casa-da-boa-morte/escultura-102/,Não identificado,Madeira,Não identificado,GO.99.029.246,Não identificada,"Cristo de frente, cabeça pendida a esquerda, olhos fechados, boca entreaberta, cabelos incisos lisos, compridos, barba curta incisa. Perizônio preso com cordão duplo e panejamento. Policromia.",Localizado,Técnica em Madeira > Entalhe,Cristo crucificado,"Falta ficha branca. Comp. 0,17 m. Medidas da peça completa. Hoje incompleta, somente o Cristo.",83095029246 | 79,,,,
"0,395 m",Não identificado,02 Artes Visuais/Cinematográfica > 02.3 Escultura,Não identificada,Não identificada,Escultura,77674,"0,20 m",http://museusibramgoias.acervos.museus.gov.br/museu-casa-da-boa-morte/escultura-89/,Não identificado,Madeira | Metal,Doação,GO.1958.029.888,Não identificada,"Base e cruz em madeira. Cristo morto, fundido em metal com um circulo na cabeça que assemelha se a um chapéu chinês virado para cima. ",Localizado,Técnica em Madeira > Entalhe,Crucifixo,Informações da ficha amarela.,,,,,
"0,20 m",Não identificado,02 Artes Visuais/Cinematográfica > 02.3 Escultura,Não identificada,Século XIX,Escultura,77672,"0,4 m",http://museusibramgoias.acervos.museus.gov.br/museu-casa-da-boa-morte/escultura-78/,Não identificado,Madeira,Não identificado,GO.99.029.499,Não identificada,"Figura masculina em pé e posição frontal. Barba partida ao meio, boca fechada. Olhos de vidro com círios e sobrancelhas grandes. Túnica lilas com dourado e manto sobre o ombro esquerdo amarelo e azul com decorações em fitomórficos. Cabelos compridos e usa botas. Peanha retangular.",Localizado,Técnica em Madeira > Entalhe,São José,"Peça composta por três partes. Policromia em bege, lilas, azul, amarelo e dourado. Nº antigo 344.",,,,,
"0,23 m",Não identificado,02 Artes Visuais/Cinematográfica > 02.3 Escultura,Não identificada,Século XIX,Escultura,77670,"0,10 m",http://museusibramgoias.acervos.museus.gov.br/museu-casa-da-boa-morte/escultura-77/,Não identificado,Madeira,Não identificado,GO.99.029.498,Não identificada,"Figura masculina de pé na posição frontal. Olhos de vidro. Boca pequena. Rosto sereno, cabelos curtos com textura. Pés afastados e descalços. Hábito beneditino preso a cintura. Peanha retangular vermelha. Policromia com carnação bege, túnica marrom e dourado, livro vermelho, peanha vermelha e azul.",Localizado,Técnica em Madeira > Entalhe,Santo Antônio,Madeira esculpida em cinco partes. Possibilidade de origem regional. Ficha antiga nº 343.,,,,,
"0,365 m",Não identificado,02 Artes Visuais/Cinematográfica > 02.3 Escultura,Não identificada,Século XX,Escultura,77668,"0,9 m",http://museusibramgoias.acervos.museus.gov.br/museu-casa-da-boa-morte/escultura-76/,Não identificado,Madeira,Não identificado,GO.99.029.497,Não identificada,"Figura masculina de pé em posição frontal. Cabelos longos encaracolados, partido ao meio caindo sobre os ombros. Olhos para baixo, boca grande e fechada, barba cerrada e fisionomia triste. Túnica longa bege presa na cintura por cordão. Coração ferido em alto relevo no tórax. Policromia em bege, vermelho e marrom.",Localizado,Técnica em Madeira > Entalhe,Sagrado Coração de Jesus,Peça esculpida em quatro partes. Possível origem brasileira. Número antigo 50.,50,,,,
"0,40 m",Não identificado,02 Artes Visuais/Cinematográfica > 02.3 Escultura,Não identificada,Século XIX,Escultura,77666,"0,16 m",http://museusibramgoias.acervos.museus.gov.br/museu-casa-da-boa-morte/escultura-75/,Não identificado,Madeira,Não identificado,GO.99.029.471,Não identificada,"Figura masculina, meia idade, de pé, posição frontal, cabelos em estrias, orelhas recortadas, olhar direcionado. Braço direito ligeiramente flexionado e braço esquerdo flexionado com mão segurando a bíblia. Perna direita levemente flexionada, esquerda reta, pés distanciados calçados com botas. Veste habito com túnica preta atada com cordão de dourado, com ponta reta e nó na cintura e uma bíblia fechada vermelha. Peanha retangular com quinas chanfradas e um lado do pé esquerdo com pintura verde.",Localizado,Técnica em Madeira > Entalhe | Técnica em Madeira > Policromia | Técnica em Pintura,São Bento,,2,"0,13 m",,,
"0,64 m",Não identificado,02 Artes Visuais/Cinematográfica > 02.3 Escultura,Não identificada,Século XX,Escultura,78870,"0,32 m",http://museusibramgoias.acervos.museus.gov.br/museu-casa-da-boa-morte/escultura-74/,Não identificado,Gesso,Não identificado,GO.99.029.530,Não identificada,"Menino Jesus com cabeça levemente inclinada, cabelos curtos ondulados, olhos bem abertos, boca entreaberta, nariz aquilino. Corpo robusto, semi-nu, braço esquerdo estendido, braço direito elevado, pé esquerdo sobre o direito. Perizônio branco com viés dourado. Carnação bege rosada.",Localizado,Técnica em Metal > Modelagem,Menino Jesus,,,,,,
"0,30 m",Não identificado,02 Artes Visuais/Cinematográfica > 02.3 Escultura,Não identificada,Século XVIII,Escultura,77662,"0,14 m",http://museusibramgoias.acervos.museus.gov.br/museu-casa-da-boa-morte/escultura-73/,Não identificado,Rocha > Argila > Terracota,Doação,GO.99.029.239,Não identificada,"Figura masculina de pé, posição frontal. Cabelos curtos em mechas. Barba cerrada, bigode longo. Braço direito flexionado com a mão espalmada sobre o peito. Perna direita flexionada e a esquerda serve de apoio. Veste túnica longa azul de friso dourado no decote e na barra, cintada por cordão. Manto laranjado forro azul claro com barra dourada. Base retangular formando volutas nos cantos e no centro reto atrás.",Localizado,Técnica em Metal > Modelagem | Técnica em Madeira > Policromia,São Pedro,,83088029239 | 71,,,,
"0,155 m",Não identificado,02 Artes Visuais/Cinematográfica > 02.3 Escultura,Não identificada,Século XIX,Escultura,77660,"0,05 m",http://museusibramgoias.acervos.museus.gov.br/museu-casa-da-boa-morte/escultura-72/,Não identificado,Madeira,Não identificado,GO.99.029.504,Não identificada,"Imagem de pé, posição frontal, cabeça levantada, olhar para baixo e para frente, cabelos longos caídos nas costas, cobertos por véu curto. Braços flexionados, mãos em posição de segurar, veste túnica longa em verde, manto azul marinho e vermelho. Pisa sobre um globo em forma de nuvens. Peanha quadrada de forma piramidal.",Localizado,Técnica em Madeira > Entalhe,Nossa Senhora da Abadia,,GO.2006.029.504 | 342,,,,
"0,17 m",Não identificado,02 Artes Visuais/Cinematográfica > 02.3 Escultura,Não identificada,Século XIX,Escultura,77658,"0,06 m",http://museusibramgoias.acervos.museus.gov.br/museu-casa-da-boa-morte/escultura-71/,Não identificado,Pedra,Não identificado,GO.99.029.503,Não identificada,"Imagem de pé, posição frontal, ligeiramente inclinada para a esquerda, cabelos partidos ao meio, longos lisos caindo sobre os ombros. Braços flexionados, mãos postas. Túnica longa azul com estamparia em flores. Manto azul com verso vermelho. Base oval com desenhos fitomorfos e a lua quarto crescente. Peanha oval. Orifício interno na base da imagem. Policromia. Carnação em bege.",Localizado,Técnica em Madeira > Entalhe,Nossa Senhora da Conceição,"Ficha amarela acusa que é peça em argila, terracota.",,,,,
"0,16 m",Não identificado,02 Artes Visuais/Cinematográfica > 02.3 Escultura,Não identificada,Século XIX,Escultura,77656,"0,06 m",http://museusibramgoias.acervos.museus.gov.br/museu-casa-da-boa-morte/escultura-70/,Não identificado,Madeira,Não identificado,GO.99.029.502,Não identificada,"Imagem de pé, posição frontal, cabelos curtos com tonsura, na mão direita um livro. Pés afastados, túnica longa sendo hábito beneditino atado a cintura por cordão, gola com capuz de forma triangular. Peanha retangular preta. Policromia.",Localizado,Técnica em Madeira > Entalhe,Santo Antônio,,,,,,
"0,18 m",Não identificado,02 Artes Visuais/Cinematográfica > 02.3 Escultura,Não identificada,Século XIX,Escultura,77654,"0,008 m",http://museusibramgoias.acervos.museus.gov.br/museu-casa-da-boa-morte/escultura-69/,Não identificado,Madeira,Coleta,GO.99.029.238,Não identificada,"Menino jesus de frente, cabeça levemente inclinada a direita. Olhos abertos direcionados ao longe. Cabelos dourados com mechas as pontas. Braço direito flexionado em ângulos para cima. Pernas direita com ligeiro flexionado e esquerda reta em afastamento. Nos pés pequenos buracos para a sustentação.",Localizado,Técnica em Madeira > Entalhe | Técnica em Madeira > Policromia,Menino Jesus,,83087029238 | 70,,,,
"0,15 m",Não identificado,02 Artes Visuais/Cinematográfica > 02.3 Escultura,Não identificada,Século XIX,Escultura,77652,"0,06 m",http://museusibramgoias.acervos.museus.gov.br/museu-casa-da-boa-morte/escultura-68/,Não identificado,Madeira,Não identificado,GO.99.029.501,Não identificada,"Figura de criança de pé, posição frontal, cabelos encaracolados e presos à nuca. Veste túnica branca até a altura do joelho, fazendo bico na frente. Manto caindo do ombro esquerdo. Um livro na mão esquerda. Pernas meio afastadas. Pisa uma peanha de forma octogonal.",Localizado,Técnica em Madeira > Entalhe | Técnica em Pintura,Menino Deus,,,,,,
"0,17 m ",Não identificado,02 Artes Visuais/Cinematográfica > 02.3 Escultura,Não identificada,Século XIX,Escultura,77650,"0,11 m",http://museusibramgoias.acervos.museus.gov.br/museu-casa-da-boa-morte/escultura-67/,Não identificado,Madeira,Doação,GO.99.029.237,Não identificada,"Figura masculina sentada de frente. Cabeça pendida a frente, olhos baixos, nariz reto. Cabelos curtos. Barba longa partida ao meio. Braço direito flexionado para o alto mão fechada com os dedos médio e e polegar reto. Pernas flexionadas em afastamento, pé direito descalço. Veste túnica longa. manto caindo dos ombros arredondados. Peanha retangular e recortada formando nuvens com três querubins a frente.",Localizado,Técnica em Madeira > Entalhe,Divino Pai Eterno,Séc. XIX ou XX.,83086029237 | 69,,,,
"0,26 m",Não identificado,02 Artes Visuais/Cinematográfica > 02.3 Escultura,Não identificada,Século XIX,Escultura,77648,"0,07 m",http://museusibramgoias.acervos.museus.gov.br/museu-casa-da-boa-morte/escultura-66/,Não identificado,Madeira,Não identificado,GO.99.029.500,Igreja Santa Rita D'Antas | Santa Rita D'Antas,"Figura de criança de pé, posição frontal, cabeça reta, cabelos anelados, embutidos nas pontas. Tórax cheio, ventre saliente. Olhos pintados, nariz chato e boca pequena. Corpo nu, aparecendo os genitais. Pernas retas meio afastadas. Está encaixado na almofada por um pino. Globo azul, peanha octogonal pintada de vermelho.",Localizado,Técnica em Madeira > Entalhe | Técnica em Pintura,Menino Deus,Séc. XIX ou XX.,GO.86.029.500 | 345,,,,
"0,16 m",José Joaquim da Veiga Valle,02 Artes Visuais/Cinematográfica > 02.3 Escultura,Não identificada,Século XIX,Escultura,77646,"0,27 m",http://museusibramgoias.acervos.museus.gov.br/museu-casa-da-boa-morte/escultura-65/,Não identificado,Madeira,Não identificado,GO.99.029.249,Não identificada,"Peça de madeira, tendo o corpo de pé e asas abertas. Cabeça ligeiramente flexionada para a esquerda. Olhos abertos, bico vermelho para frente, pernas flexionadas. Pés para frente. Pintada de prata com riscos dourados imitando penas.",Localizado,Técnica em Madeira > Entalhe,Pomba do Divino,Na parte posterior uma argola com um arame  para sustentação.,83098029249 | 81,,,,
"0,30 m",Não identificado,02 Artes Visuais/Cinematográfica > 02.3 Escultura,Não identificada,Século XIX,Escultura,77644,"0,11 m",http://museusibramgoias.acervos.museus.gov.br/museu-casa-da-boa-morte/escultura-64/,Não identificado,Madeira,Coleta,GO.99.029.236,Não identificada,"Figura feminina de pé sobre nuvens, posição frontal. Cabelos longos caídos nos ombros, cabeça coberta por véu curto caído em ponta nas costas. Perna direita flexionada a esquerda firme. Veste túnica longa. Decote redondo, drapeado, presa a cintura por faixa azul clara estampada com flores vermelhas e douradas. Manto longo caindo dos ombros envolta do corpo preso sob o braço esquerdo cai em ponta. Peanha quadrada com frisos e cantos cortados.",Localizado,Técnica em Madeira > Entalhe | Técnica em Madeira > Policromia,Nossa Senhora da Conceição,,83085029236 | 67,,,,
"0,18 m",Não identificado,02 Artes Visuais/Cinematográfica > 02.3 Escultura,Não identificada,Século XIX,Escultura,77642,"0,14 m",http://museusibramgoias.acervos.museus.gov.br/museu-casa-da-boa-morte/escultura-62/,Não identificado,Metal > Prata,Não identificado,GO.99.029.259,"Cidade de Goiás, Goiás | Igreja de Santa Bárbara","Figura de cristo, cabeça erguida, cabelos longos, barba longa, olhos abertos. Braços estendidos em forma de y, mãos abertas com furos. Tórax com as costelas salientes, perizônio amarrado do lado direito, com ponta caída. Pernas paralelas, pé direito por cima do esquerdo, com um cravo no centro",Localizado,Técnica em Metal > Fundição,Crucifixo,,83108029259,,"0,600 Kg",,
"0,27 m",Não identificado,02 Artes Visuais/Cinematográfica > 02.3 Escultura,Não identificada,Século XIX,Escultura,77640,"0,12 m",http://museusibramgoias.acervos.museus.gov.br/museu-casa-da-boa-morte/escultura-61/,Não identificado,Rocha > Argila > Terracota,Coleta,GO.99.029.235,Não identificada,"Figura masculina de pé, posição frontal. Braço esquerdo estendido, mão espalmada apoiando um  livro, capa vermelha, dorso dourado com um pino no meio no qual deveria estar o menino jesus. Corpo pendido a direita veste hábito franciscano preso a cintura por cordão formado de três nós caído do lado direito. Perna flexionada, esquerda reta. Base quadrada com os cantos cortados.",Localizado,Técnica em Metal > Modelagem,Santo Antônio,,83084029235 | 65,,,,
"0,28 m",Não identificado,02 Artes Visuais/Cinematográfica > 02.3 Escultura,Não identificada,Século XIX,Escultura,77638,"0,10 m",http://museusibramgoias.acervos.museus.gov.br/museu-casa-da-boa-morte/escultura-60/,Não identificado,Madeira,Coleta,GO.99.029.242,Não identificada,"Mestra Sant'Ana de pé, posição frontal, cabelos partidos ao meio cobertos por véu rosa arredondado caindo nas costas.  Túnica azul claro, manto vermelho. Braço esquerdo a figura de menina que segura um livro aberto. Menina em posição frontal, cabelos partidos ao meio em bandó. Braços estendidos com as mãos esquerda espalmada segurando o livro a direita fechada com dedo polegar apontando o livro. Túnica longa, branca com drapeado a cintura por cinto. Manto caindo do ombro esquerdo envolta ao corpo preso as pontas no braço esquerdo. Ambas com furo na cabeça. Perna direita flexionada esquerda reta. Base octogonal. Policromia clara.",Localizado,Técnica em Madeira > Entalhe,Mestra Sant'Ana,,83091029242 | 75,,,,
"0,71 m",Não identificado,02 Artes Visuais/Cinematográfica > 02.3 Escultura,Não identificada,Século XIX,Escultura,78879,"0,20 m",http://museusibramgoias.acervos.museus.gov.br/museu-casa-da-boa-morte/escultura-59/,Não identificado,Madeira,Não identificado,GO.99.029.257,Não identificada,"Pescoço musculoso. Pernas finas. A direita com joelho levemente flexionado, perna esquerda estendida. Perisônia branca com  estamparia dourada, entrelaçada. Preso por um nó. Nas costas vermelho representando as chagas de Jesus.",Localizado,Técnica em Madeira > Entalhe,Senhor bom Jesus da coluna,,83106029257 | 92,,,,
"0,26 m",Não identificado,02 Artes Visuais/Cinematográfica > 02.3 Escultura,Não identificada,Século XIX,Escultura,77634,"0,08 m",http://museusibramgoias.acervos.museus.gov.br/museu-casa-da-boa-morte/escultura-58/,Não identificado,Madeira,Coleta,GO.99.029.241,Não identificada,"Imagem de pé, posição frontal, cabelos inciso longos partido ao meio, braço direito estendido com a mão semi aberta. O esquerdo flexionado sobre o peito, mão espalmada. Túnica longa, manto preso no braço esquerdo envolta ao corpo uma ponta preso a cintura lado esquerdo. Pisando sobre nuvens e volutas no centro um anjo. Perna esquerda reta a direita com flexionamento. Peanha oitavada.",Localizado,Técnica em Madeira > Entalhe,Nossa Senhora dos Anjos,Furo na cabeça onde se fixava o resplendor.,83090029241 | 73,,,,
"0,24 m",Não identificado,02 Artes Visuais/Cinematográfica > 02.3 Escultura,Não identificada,Século XIX,Escultura,77632,"0,12m",http://museusibramgoias.acervos.museus.gov.br/museu-casa-da-boa-morte/escultura-57/,Não identificado,Madeira,Coleta,GO.99.029.231,Não identificada,"Figura masculina de pé, posição frontal. Olhos direcionados, barba cerrada, cabelo curto, braço direito estendido, braço esquerdo estendido segurando um livro de capa vermelha e dorso dourado. Veste túnica preta longa com capuz com ponta em v caindo nas costas com a barra dourada. Pés em afastamento com sapatos pretos. Peanha quadrada.",Localizado,Técnica em Madeira > Entalhe,São Bento,,83080029231 | 63,,,,
"0,24 m",Não identificado,02 Artes Visuais/Cinematográfica > 02.3 Escultura,Não identificada,Século XIX,Escultura,77630,"0,8 m",http://museusibramgoias.acervos.museus.gov.br/museu-casa-da-boa-morte/escultura-55/,Não identificado,Madeira,Não identificado,GO.99.029.250,Não identificada,"Figura feminina de pé, posição frontal, cabeça levemente inclinada para baixo.  Olhos abertos, cabelos longos e lisos cobertos por véu. Braços flexionados e quebrados. Túnica e manto escurecido deixando algumas partes douradas. na base contém cabeças de arcanjos.",Localizado,Técnica em Madeira > Entalhe,Nossa Senhora da Conceição,"Na ficha anterior à que usamos, diz que a peça foi esculpida por José Joaquim da Veiga valle. No entanto, na atual não há relato da autoria.",83099029250,,,,
"0,34 m",Não identificado,02 Artes Visuais/Cinematográfica > 02.3 Escultura,Não identificada,Século XX,Escultura,77628,"0,11 m",http://museusibramgoias.acervos.museus.gov.br/museu-casa-da-boa-morte/escultura-54/,Não identificado,Madeira,Coleta,GO.99.029.229,Não identificada,Figura feminina em posição frontal. Cabelos longos caindo mechas nos ombros e costas. Túnica longa presa a cintura por cordão e decote drapeado. Peanha retangular com ângulos abatidos e três cabeças de anjos na parte superior.,Localizado,Técnica em Madeira > Entalhe,Nossa Senhora com Menino,Peça esculpida em um só bloco de madeira e policromada. Registrada em 1983.,83078029229 | 61,,,,
"0,24",Não identificado,02 Artes Visuais/Cinematográfica > 02.3 Escultura,Não identificada,Século XIX,Escultura,77626,"0,9 m",http://museusibramgoias.acervos.museus.gov.br/museu-casa-da-boa-morte/escultura-53/,Não identificado,Madeira,Coleta,GO.99.029.227,Não identificada,"Figura masculina em pé, posição frontal. Barba e bigode. Peça esculpida em um único bloco, policromada de amarelo, dourado, rosa, azul claro. Florões esgrafiados. Orifício para resplendor na cabeça. Túnica longa vermelha decorada com flores douradas.",Localizado,Técnica em Madeira > Entalhe,São José de Botas,De possível origem brasileira. Registrada em 1983,83076029227 | 58,,,,
"0,29 m",Não identificado,02 Artes Visuais/Cinematográfica > 02.3 Escultura,Não identificada,Século XVII,Escultura,77624,"0,14 m",http://museusibramgoias.acervos.museus.gov.br/museu-casa-da-boa-morte/escultura-52/,Não identificado,Rocha > Argila > Terracota,Coleta,GO.99.029.230,Não identificada,"Figura feminina em pé, posição frontal.  Braço direito estendido a frente com a mão segurando o pé do menino jesus. Menino Jesus sentado de frente com o braço direito estendido na horizontal tendo na mão o globo. Veste túnica branca longa presa na cintura por um cordão dourado, mato longo azul caindo do ombro esquerdo envolvendo o corpo preso abaixo da mão direita. Peanha ovalada com base em madeira com três rostos.",Localizado,Técnica em Metal > Modelagem,Nossa Senhora Com menino Jesus,"Possui grandes semelhanças com a imaginaria de porte, executada no litoral nos seculos XVII/XVIII",83079029230 | 62,,,Possui o numero 937,
"0,12 m",Não identificado,02 Artes Visuais/Cinematográfica > 02.3 Escultura,Não identificada,Século XIX,Escultura,77622,"0,9 m",http://museusibramgoias.acervos.museus.gov.br/museu-casa-da-boa-morte/escultura-51/,Não identificado,Madeira,Coleta,GO.99.029.226,Não identificada,"Figura masculina em pé, posição frontal. Escultura composta de um só parte, carnação clara, policromia, túnica pele curta, manto em vermelho e verso amarelo.",Localizado,Técnica em Madeira > Entalhe,São João Batista,De possível origem brasileira. Registrada em 1983.,83075029226 | 57,,,,
"0,20 m",Não identificado,02 Artes Visuais/Cinematográfica > 02.3 Escultura,Não identificada,Século XIX,Escultura,77620,"0,13 m",http://museusibramgoias.acervos.museus.gov.br/museu-casa-da-boa-morte/escultura-50/,Não identificado,Madeira,Doação,GO.99.029.218,Dom Cândido Bento Maria Penso,"Sant'Ana de pé, sentada, mão espalmada apoiada nas costas de Nossa Senhora, direita flexionada para frente, mão segurando o livro aberto que tem orla dourada apoiada na perna. Túnica azul longa cintada, véu curto. Nossa Senhora de pé, de perfil, cabelos longos coberto com véu curto, túnica longa estampada e manto longo azul. Cadeira de assento reto. Peanha fixa, vermelha e retangular com ângulos sem arestas. Policromia azul turquesa, verde água, amarelo, vermelho, carnação clara, douramento, ramagem.",Localizado,Técnica em Madeira > Entalhe,Sant'Ana Mestra,,83067029218 | E-51,,,,
"0,21 m",Não identificado,02 Artes Visuais/Cinematográfica > 02.3 Escultura,Não identificada,Século XIX,Escultura,77618,"0,11 m",http://museusibramgoias.acervos.museus.gov.br/museu-casa-da-boa-morte/escultura-49/,Não identificado,Pedra > Pedra sabão,Coleta,GO.99.029.240,Não identificada,"Sant'Ana sentada, posição frontal, cabelos escuros longos partidos ao meio para trás, véu curto, braço direito flexionado para frente, mão segurando o livro aberto apoiado ao joelho esquerdo. Mão esquerda apoiada nas costas de Nossa Senhora. Túnica marrom com manto ciando ombro esquerdo. Cadeira e pés  e espaldar reto. Nossa Senhora de pé de perfil, cabeça inclinada a direita, cabelo partido ao meio longo caído nas costas, dedo indicador direito apontando o livro, braço esquerdo sobre o livro. Túnica longa azul faixa vermelha na cintura. Peanha triangular. Policromada, carnação clara.",Localizado,Técnica em Madeira > Entalhe,Sant'Ana e Nossa Senhora,,83089029240 | 48,,,,
"0,20 m",Não identificado,02 Artes Visuais/Cinematográfica > 02.3 Escultura,Não identificada,Século XIX,Escultura,77616,"0,5 m",http://museusibramgoias.acervos.museus.gov.br/museu-casa-da-boa-morte/escultura-48/,Não identificado,Madeira,Compra,GO.99.029.143,Família do Sr. São João Dias | João Dias,"Figura feminina de pé, cabeça erguida, na testa sinal de sangue, resplendor de prata em formato de leque desenho de bola e ramo na base, orifício no meio da cabeça. Mão em posição de segurar e outra segurando cruz de ferro. Coifa branca, capa preta longa presa ao pescoço por fivela. Véu preto curto. Base octagonal marrom com verde.",Localizado,Técnica em Madeira > Entalhe,Santa Rita,"A peça foi comprada por CR$ 5,00, aquisição feita com o dinheiro da portaria do Museu. Na ficha de inventário antiga as medidas são 0,20 m de altura, 0,55 de comprimento e 0,65 de largura.",71002029143 | 43,,,,
"0,17 m",Não identificado,02 Artes Visuais/Cinematográfica > 02.3 Escultura,Não identificada,Século XIX,Escultura,77614,"0,09 m",http://museusibramgoias.acervos.museus.gov.br/museu-casa-da-boa-morte/escultura-47/,Não identificado,Madeira,Doação,GO.99.029.217,Dom Cândido Bento Maria Penso,"Senhora Sant'Ana sentada, posição frontal, mão espalmada segurando um livro aberto, apoiado no joelho, mão esquerda sobre as costas de Nossa Senhora, calça sapatos pretos, túnica longa rosa com flores douradas. Nossa Senhora de pé, de frente, braço direito flexionado com a mão sobre o livro, túnica azul com estampa barra dourada, manto azul com vermelho liso. Cadeira de assento reto, espaldar alto. Base quadrada com cantos cortados",Localizado,Técnica em Madeira > Entalhe,Sant'Ana e Nossa Senhora,Faz parte de conjunto de 7 imagens do mesmo santuário.,83066029217 | 50,,,,
"0,25 m",Não identificado,02 Artes Visuais/Cinematográfica > 02.3 Escultura,Não identificada,Século XX,Escultura,77612,"0,13 m",http://museusibramgoias.acervos.museus.gov.br/museu-casa-da-boa-morte/escultura-46/,Não identificado,Rocha > Argila > Terracota,Coleta,GO.99.029.225,"Cidade de Goiás, Goiás | Igreja de Santa Rita de Jeroaguara","Figura feminina de pé em posição frontal. Esculpido em terracota formada de uma só parte. Policromia de cor vermelha, azul, dourada, rosa e laranja. Barrados dourados.",Localizado,Técnica em Metal > Modelagem,Santa Bárbara,A documentação referente a coleta da imagem está datada em 31/06/1966 (ficha 24).,83074029225 | 56,,,,
"0,13 m",Não identificado,02 Artes Visuais/Cinematográfica > 02.3 Escultura,Não identificada,Século XIX,Escultura,77610,"0,08 m",http://museusibramgoias.acervos.museus.gov.br/museu-casa-da-boa-morte/escultura-45/,Não identificado,Madeira,Coleta,GO.99.029.215,Não identificada,"Senhora Sant'Ana sentada, de frente, mão direita segurando o livro aberto e esquerda nas costas de Nossa Senhora. Túnica vermelha, manto longo caído no joelho direito. Nossa Senhora de pé, levemente de perfil. Túnica e manto longo azul verso vermelho caindo nas costas. Véu curto. Cadeira pé reto. Peanha retangular ângulos dianteiro batido atrás reto. Policromia azul, vermelho e amarelo.",Localizado,Técnica em Madeira > Entalhe,Sant'Ana Mestra,,83064029215 | E-49,,,,
"0,23 m",Não identificado,02 Artes Visuais/Cinematográfica > 02.3 Escultura,Não identificada,Século XIX,Escultura,77608,"0,8 m",http://museusibramgoias.acervos.museus.gov.br/museu-casa-da-boa-morte/escultura-44/,Não identificado,Madeira,Coleta,GO.99.029.224,Não identificada,"Figura feminina em pé e posição frontal. Boca fechada, braços cruzados no peito. Túnica longa azul claro com rosas. Véu longo caindo nas costas azul com flores. Peanha em forma de montes.",Localizado,Técnica em Madeira > Entalhe,Nossa Senhora das Dores,"Peça esculpida em um só bloco. Policromia em azul claro, manto decorado com flores douradas. Imagem coletada por Dom Cândido. Registrada em 1983 por falta de documentação.",83073029224 | 55,,,,
"0,20 m",Não identificado,02 Artes Visuais/Cinematográfica > 02.3 Escultura,Não identificada,Século XIX,Escultura,77606,"0,06 m",http://museusibramgoias.acervos.museus.gov.br/museu-casa-da-boa-morte/escultura-43/,Não identificado,Madeira,Coleta,GO.99.029.214,Não identificada,"São Sebastião de pé, posição frontal, amarrado ao tronco, mãos espalmadas, braço direito flexionado para o alto e esquerdo para baixo. Peça formada em dois blocos, carnação, policromia, cores verde, branco e preto. Pequena peanha sextavada.",Localizado,Técnica em Madeira > Entalhe,São Sebastião,,83063029214 | 46,,,,
"0,21 m",Não identificado,02 Artes Visuais/Cinematográfica > 02.3 Escultura,Não identificada,Século XIX,Escultura,77604,"0,11 m",http://museusibramgoias.acervos.museus.gov.br/museu-casa-da-boa-morte/escultura-42/,Não identificado,Madeira,Coleta,GO.99.029.223,Não identificada,"Figura masculina de pé em posição frontal. Olhos baixos, boca fechada, cabelos curtos. Segura um livro de capa vermelha. hábito preto decorado de dourado de ordem franciscana, calça sandálias. Peanha oval com cantos batidos",Localizado,Técnica em Madeira > Entalhe,Santo Antônio,Policromia de possível origem brasileira.  Registrada em 1983 por falta de documentação de entrada.,83072029223 | 54,,,,
"0,23 m",Não identificado,02 Artes Visuais/Cinematográfica > 02.3 Escultura,Não identificada,Século XIX,Escultura,77602,"0,10 m",http://museusibramgoias.acervos.museus.gov.br/museu-casa-da-boa-morte/escultura-41/,Não identificado,Madeira,Coleta,GO.99.029.222,Não identificada,"Figura masculina, posição frontal. Cabelos escuros aparados. Olhar direcionado. Barba curta e bigode. Braço direto flexionado a frente com a mão em posição de segurar. Pernas firmes com pés em afastamento. Veste hábito de ordem longo preso a cintura em tom cinza. Capa sacerdotal rosa preso no peito por presilha. Base octogonal.",Localizado,Técnica em Madeira > Entalhe,São Camilo de Lelis,"A escultura é composta por um só bloco. Policromia em cinza, rosa, preto, dourado. A data da coleta da imagem é datada de 1970. Recebeu registro em 1983 por falta de documentação de entrada. As dimensões da obra se diferem nas duas fichas, sendo a amarela na altura de 0,215 m, comprimento de 0,065 m na base e largura, também da base de 0,08 m. As numerações destas fichas são: 83.071 e 029.222, sendo o nº antigo de E.53",83071029222 | 53,,,,
"0,24 m",Não identificado,02 Artes Visuais/Cinematográfica > 02.3 Escultura,Não identificada,Século XVIII,Escultura,77600,"0,10 m",http://museusibramgoias.acervos.museus.gov.br/museu-casa-da-boa-morte/escultura-40/,Não identificado,Madeira,Coleta,GO.99.029.221,Não identificada,"Figura feminina. de pé, posição frontal. Cabeça erguida, ligeiramente inclinada a esquerda, olhar direcionado. Cabelos partidos ao meio longo com mechas caindo nos ombros. Braços flexionados (possivelmente tinha as mãos postas). Veste túnica longa branca cintada, mangas longas decorado bolas douradas. Manto azul com verso rosa caindo no ombro direito envolta ao corpo. Véu curto cinza. Base oval formada por nuvens e a lua quarto crescente. Peanha quadrada com cantos abatidos.",Localizado,Técnica em Madeira > Entalhe,Nossa Senhora da Conceição,"A madeira é esculpida em duas partes. A policromia em branco, azul, rosa, cinza e dourado. A possibilidade de origem é brasileira. Foi registrada em 1983 por falta de documentação de entrada. A ficha registrada nesta data consta as numerações 83.070 e 029.221, sendo o número antigo E.52. Nesta mesma ficha a largura fora medida na base tendo 0,085 m e comprimento também da base de 0,05 m. A data da coletada da imagem foi datada de 1960.",83070029221 | 177,,,,
"0,15 m",Não identificado,02 Artes Visuais/Cinematográfica > 02.3 Escultura,Não identificada,Século XVIII,Escultura,77598,"0,05 m",http://museusibramgoias.acervos.museus.gov.br/museu-casa-da-boa-morte/escultura-39/,Não identificado,Matéria Orgânica > Marfim,Doação,GO.99.029.210,Dom Cândido Bento Maria Penso,"Peça em marfim , esculpida em dois blocos e encaixada por um pino, composta de várias figuras, sendo humana, de cordeiro, aves, água, pássaros, folhas, desenhos geométricos, cantil, embornal, grutas e leões. Bom Pastor em posição frontal, mão direita no queixo, cabeça levemente inclinada à direita, pastoreando ovelhas.",Não localizado,Técnica em Madeira > Entalhe,Bom Pastor,,83059029210 | 38,,,,
"0,30 m",Não identificado,09 Objetos Cerimoniais > 09.3 Objeto de Culto,Não identificada,Século XX,Cruz,77596,"0,15 m",http://museusibramgoias.acervos.museus.gov.br/museu-casa-da-boa-morte/acessorio/,Não identificado,Madeira | Metal,Não identificado,GO.99.029.142,Não identificada,"Cruz com base torneada, cruz com traves retas e recortadas , com decorações em metal prateado, placa de metal com a inscrição INRI, abaixo um resplendor e parte inferior com uma pequena imagem de Nossa senhora.",Localizado,Técnica em Madeira > Entalhe | Técnica em Metal > Fundição | Técnica em Madeira > Policromia,Cruz,,81.002.I-029.142 | 44,,,INRI,
"0,28 m",Não identificado,02 Artes Visuais/Cinematográfica > 02.3 Escultura,Não identificada,Século XIX,Escultura,77594,"0,12 m",http://museusibramgoias.acervos.museus.gov.br/museu-casa-da-boa-morte/escultura-37/,Não identificado,Madeira,Doação,GO.99.029.140,Sebastião Berquó,"Figura masculina de pé, posição frontal, olhar baixo, barba com bigode. Cabelo longo partido ao meio em mechas cacheados caindo nas costas. Braço direito estendido a frente segurava os bastão e o esquerdo flexionado mão espalmada segurando o manto e/o menino Jesus. Túnica na altura dos joelhos cor rosa decorada com flores e frisos dourados. Manto Longo caído nos ombros envolta ao corpo com rosas douradas e verso verde. Calça bota marrom de cano longo. Peanha recortada de cor verde. Menino Jesus sentado, despido, cabeça levemente levantada; cabelos curtos e claro. Braço esquerdo sobre o peito e a direita segurando uma bala dourada. Pernas levemente flexionadas a esquerda.",Localizado,Técnica em Madeira > Entalhe,São José de Botas,,81001029140,,,,
"0,21 m",Não identificado,02 Artes Visuais/Cinematográfica > 02.4 Estampa,Não identificada,Século XX,Quadro,77592,"0,09 m",http://museusibramgoias.acervos.museus.gov.br/museu-casa-da-boa-morte/quadro/,Não identificado,Madeira,Transferência,GO.99.029.200,"Cidade de Goiás, Goiás | Igreja de Nossa Senhora do Carmo","Gravura representando as Três Marias, sendo Nossa Senhora das Dores de joelhos, de pé Maria Madalena e a esquerda Maria Cleofas joelho segurando N. Srª das Dores. Todas vestem indumentária branca com azul. Moldura de madeira em forma de pilastra, pintada de dourado tendo terminação em frontão triangular dourado e o centro azul com flores douradas. Suporte de metal preso à parte superior traseira.",Localizado,Xilogravura,Aos Pés da Cruz,"Doc. existente: requisição nº 111/71, de Dom Tomás Balduíno, então Bispo Diocesano de Goiás, para o MASBM em 17/04/1971.",83049029200 | 167,,,,
"0,295 m",Não identificado,02 Artes Visuais/Cinematográfica > 02.3 Escultura,Não identificada,Século XIX,Escultura,77590,"0,15 m",http://museusibramgoias.acervos.museus.gov.br/museu-casa-da-boa-morte/escultura-36/,Não identificado,Madeira,Compra,GO.99.029.199,Dom Abel Ribeiro Camelo | Dom Cândido Bento Maria Penso | José Carlos Nóbrega,"Nossa Senhora Sant'Ana sentada, de frente, cabeça pendida à esquerda, boca fechada, nariz aquilino, fisionomia serena, cabelos incisos, pescoço grosso. Braços flexionados, o direito segurando um livro, o esquerdo as costas de Nossa Senhora. Véu curto arredondado em tom azul, parte interna azul com barra dourada com panejamento e uma ponta caindo no joelho direito. Nossa Senhora de pé, levemente de perfil, cabeça pendida à direita, olhos voltados à direita. Boca fechada, cabelos incisos meio curtos. Túnica em fundo verde com estamparia florida debruada de dourado no decote. Manto azul com interior vermelho, debruado de dourado. Cadeira com espaldar alto com terminação em vieira estilo D. João V. Braços flexionados, o direito apontando o livro e o esquerdo com mão espalmada sobre ele. Peanha retangular com ângulos dianteiros batidos, traseiro de ângulos batidos de madeira escurecida.",Localizado,Técnica em Madeira > Entalhe,Sant'Ana Mestra,"Na ficha mais antiga (amarela, 1983) consta que a peça é do Séc. XVIII e que foi adquirida através de compra por D. Cândido Penso do antiquário José Carlos Nóbrega em 1957. Ficha acusa falta de documentação de entrada.",83048029199 | 14,,,,
"0,27 m",Não identificado,02 Artes Visuais/Cinematográfica > 02.3 Escultura,Não identificada,Século XIX,Escultura,77588,"0,14 m",http://museusibramgoias.acervos.museus.gov.br/museu-casa-da-boa-morte/escultura-34/,Não identificado,Madeira,Doação,GO.99.029.196,Dom Cândido Bento Maria Penso,"Figura feminina, sentada em banqueta, tendo ao colo a figura de Cristo morto. Cabeça voltada para a direita, olhos baixos pintados direcionados. Boca fechada, nariz aquilino, braço direito flexionado com a mão segurando o corpo do Cristo, o esquerdo flexionado com a mão espalmada apoiada no braço esquerdo do Cristo. Túnica branca com flores douradas. Manto longo, fundo roxo caindo sobre os ombros, pernas em afastamento, pés firmes. Figura do Cristo morto no colo, cabeça de perfil, olhos fechados, boca fechada, cabelos longos em mechas, barba longa, braço direito caído na vertical, o esquerdo estendido sobre o corpo. Mãos espalmadas, pernas flexionada, pés separados. Perizônio branco com dourado. Banqueta retangular com pé de cachimbo dourado, assento vermelho, peanha retangular, azul marinho e roxo. Carnação e policromia.",Localizado,Técnica em Madeira > Entalhe,Nossa Senhora da Piedade,Na cópia da fotografia consta o nº 45. Ficha acusa falta de documentação de entrada.,83045029196 | 10,,,,
"0,29 m",José Joaquim da Veiga Valle,02 Artes Visuais/Cinematográfica > 02.3 Escultura,Não identificada,Século XIX,Escultura,77586,"0,11, m",http://museusibramgoias.acervos.museus.gov.br/museu-casa-da-boa-morte/escultura-33/,Não identificado,Madeira,Não identificado,GO.99.029.194,Não identificada,"Menino Jesus deitado, olhos abertos, nariz aquilino, cabelos meio longos dourados em mechas na testa e para trás. Braço direito flexionado com mão em posição de abençoar, o esquerdo flexionado na horizontal, perna direita flexionada para trás e esquerda para frente sobreposta à perna direita. Escultura policromada.",Localizado,Técnica em Madeira > Entalhe,Menino Jesus,Menino Jesus integra a imagem de São Benedito antigo. Ficha acusa falta de documentação de entrada.,83043029194 | 9,,,,
"0,39 m ",Sebastião Epifanio,02 Artes Visuais/Cinematográfica > 02.3 Escultura,Não identificada,Século XX,Escultura,77584,"0,11 m",http://museusibramgoias.acervos.museus.gov.br/museu-casa-da-boa-morte/escultura-28/,Brasil > Goiás > Goiânia,Rocha > Argila,Compra,GO.99.029.129,Família do Sr. João Dias,"Figura masculina, ajoelhado de frente. Cabeça ligeiramente inclinada a esquerda. Olhos direcionados ao alto. Cabelos curtos para trás. Barba cerrada média. Braços flexionados com as mãos postas. Veste tunica azul marinho mangas longas com cola e punhos vermelhos. Manto saindo dos ombros esquerdo envolta ao corpo prese no braço esquerdo.",Localizado,Técnica em Madeira > Cozimento | Técnica em Metal > Modelagem | Técnica em Madeira > Policromia,São José,O modo de aquisição: foi comprado pelo valor de 5 reais.,71004029129 | 72,,,,
"0,72 m",Não identificado,02 Artes Visuais/Cinematográfica > 02.3 Escultura,Não identificada,Século XVIII,Escultura,77582,"0,25 m",http://museusibramgoias.acervos.museus.gov.br/museu-casa-da-boa-morte/escultura-27/,Não identificado,Madeira,Não identificado,GO.99.029.255,Não identificada,"Figura feminina de pé, cabeça levemente a direita, olhos abertos de vidro. Boca fechada, nariz aquilíneo. Fisionomia serena. Cabelos longos (ilegível) e semeaberto pelo véu curto. Pescoço curto. Braços flexionados, mãos espalmadas com posição de segurar o manto. Veste túnica longa estampada de vermelho e dourado e manto azul longo caído sobre os ombros esquerdo e presa na dobra do braço direito.  A madeira entalhada é composta por cinco partes. A policromia é composta por azul, vermelho, bege e dourado.",Localizado,Técnica em Madeira > Entalhe,Nossa Senhora da Abadia,Números antigos: 83.104 e 029.255. Ficha 90. Imagem registrada em 1983. Não possui documentação de entrada.,33104029255 | 74,,,,
"0,65 m",José Joaquim da Veiga Valle,02 Artes Visuais/Cinematográfica > 02.3 Escultura,Não identificada,Século XIX,Escultura,77580,"0,28 m",http://museusibramgoias.acervos.museus.gov.br/museu-casa-da-boa-morte/escultura-26/,Não identificado,Madeira,Doação,GO.99.029.171,Arraial de Santa Rita Jeroaguara,"Figura masculina, de pé, posição frontal, cabeça levemente pendida a esquerda, tez preta. Olhos abertos direcionados para a frente. Nariz aquilino. Boca entreaberta. Cabelos encaracolados e corte arrendondado. Pescoço longo, braços flexionados para frente, com as mãos espalmadas em posição de segurar o Menino Jesus. Veste túnica preta longa presa a cintura com cordão duplo com três nós dourado. Capa caindo nas costas com capuz, traje franciscano. Pés com pequeno afastamento na diagonal com sandálias em tiras. Menino Jesus deitado, olhos abertos nariz aquilinho, cabelos meio longos dourado com mechas na testa e para trás. Braço direito flexionado com mão em posição de abençoar, o esquerdo flexionado na horizontal, pernas flexionadas a frente da direita.",Localizado,Técnica em Madeira > Entalhe,São Benedito,"A escultura é em madeira cedro. Possui olhos de vidro. No item ""Características técnicas"" da ficha de inventario branca consta que, o Menino Jesus está catalogado em ficha separada sendo sob o nº 0043. Nos dados históricos da mesma ficha consta as seguintes informações: ""(...)A imagem foi doada ao Museu da Curva em Goiás pela Matriz de Santa Rita Jeroaguara em 31/07/1966 assinado, Mons-Angelino Fernandes Fernandez, Pascoal Matos, Manoel de Deus da Mata e Walcemar do Espírito Santo Machado. A imagem foi registrada no Museu de Arte Sacra da Boa Morte em 10/09/1983.",83022029171 | 9,,,"Documento de devoção da imagem ao Museu de Goiás Diocesano datado 31.7.1966. Assinado por Mons-Angelino Fernandes Fernandez, Pascoal Matos, Manoel de Deus da Mata e Walcemar do Espírito Santo Machado.",
"0,36 m",Não identificado,02 Artes Visuais/Cinematográfica > 02.3 Escultura,Não identificada,Século XIX,Escultura,77578,"0,12 m",http://museusibramgoias.acervos.museus.gov.br/museu-casa-da-boa-morte/escultura-25/,Não identificado,Gesso | Madeira,Não identificado,GO.99.029.018,Não identificada,"Figura masculina de pé, posição frontal, apoiando na perna direita, cabeça inclinada à esquerda. Olhos abertos, baixos. Cabelos curtos negros, nariz aquilíneo, boca pequena. A imagem tem o corpo amarrado a um tronco de árvore, sendo os braços e os pés amarrados com corda prata. Corpo envolvido por perizônio vermelho sobre os quadris. Há alguns orifícios onde se encaixava as flechas. Peanha quadrada presa ao tronco da árvore.",Localizado,Técnica em Madeira > Policromia,São Sebastião,Ficha de inventário de cor branca contem somente uma folha. A numeração da folha amarela segue a seguinte ordem: 68.018 e 029.018. E número antigo sendo 66.,68018029018 | 18,,,,
"0,79 m",Não identificado,02 Artes Visuais/Cinematográfica > 02.3 Escultura,Não identificada,Século XVIII,Escultura,77576,"0,34 m",http://museusibramgoias.acervos.museus.gov.br/museu-casa-da-boa-morte/escultura-24/,Não identificado,Madeira,Não identificado,GO.99.029.202,Não identificada,"Figura feminina de pé, de frente, cabeça levemente a esquerda, cabelos longos em mechas caído nas costas. Véu curto com movimentação. Olhos pintados, boca fechada. Braço flexionado com mão espalmada servido de apoio para o Menino Jesus. Veste túnica longa, atado a cintura com cordão. Manto longo caindo sobre o ombro direito e outra abaixo braço esquerdo (vestígios de decoração verde em folha) Menino Jesus, sentado de frente, cabelos ondulados, cabeça voltada a esquerda. Olhos pintados, braço direito flexionado na vertical com mão espalmada, o esquerdo na horizontal com mão espalmada apoiada no peito. Pernas cruzadas com nuvens onde aparece a frente três cabeças de anjos. Base escalonada chanfrada com desenhos.",Localizado,Técnica em Madeira > Entalhe | Técnica em Madeira > Policromia,Nossa Senhora D'Abadia,"As fichas se divergem nas medidas, sendo (inscrita em 14/09/1983 - amarela) consta altura de 0,76 m e largura de 0,32 m. O comprimento foi riscado e anotado profundidade, sendo 0,26 m. Os nomes do titulo também se divergem sendo a mais antiga a Nossa Senhora da Abadia e a mais recente (branca) o campo ""identificação"" está corrigido para a Nossa Senhora do Rosário"". Sendo assim o item da presente tabela destinado a identificação da imagem consta Nossa Senhora D'Abadia, pois não foi identificado quem fez esta correção, impossibilitando o acerto do mesmo. Esta imagem terá que ser examinada por um perito.",83051029202 | 18,,,,
"0,25 m ",Não identificado,02 Artes Visuais/Cinematográfica > 02.3 Escultura,Não identificada,Século XIX,Escultura,77574,"0,10 m",http://museusibramgoias.acervos.museus.gov.br/museu-casa-da-boa-morte/escultura-23/,Não identificado,Madeira,Coleta,GO.99.029.004,Não identificada,"Virgem do parto, figura feminina de pé, posição frontal, olhar direcionado ao longe, perna direita com joelho flexionado. Veste túnica longa azul estampada com flores douradas. Manto longo, caindo nos ombros azul escuro, barra dourada com verso vermelho, decorado com flores douradas brancas. Cabeça coberta com véu curto verde claro estampada de flores e ramos dourados e branco, cabelos longos partidos ao meio com mechas no ombro esquerdo. Braços flexionados a frente, com as mãos espalmadas segurando o menino Jesus despido. Braço direito flexionado com a mão sobre o peito, esquerdo estendido com a mão espalmada. Peanha trapezoide marmorizada em azul.",Localizado,Técnica em Madeira > Entalhe | Técnica em Madeira > Policromia | Técnica em Pintura,Nossa Senhora do Parto,Não possui origem e autoria,68004029004 | 27,,,,
"0,66 m",Não identificado,02 Artes Visuais/Cinematográfica > 02.3 Escultura,Não identificada,Século XIX,Escultura,77572,"0,32 m",http://museusibramgoias.acervos.museus.gov.br/museu-casa-da-boa-morte/escultura-22/,Não identificado,Madeira,Doação,GO.99.029.019,"Cidade de Goiás, Goiás | Igreja de Santa Rita de Jeroaguara","Figura feminina posição frontal, sentada. Cabeça inclinada a esquerda. Olhos baixos. Cabelos partidos ao maio, longos cabelos com véu branco curto. Braço direito flexionado com mão espalmada segurando o libro aberto que esta apoiado na perna esquerda. Braço esquerdo estendido com mão sobre as costas de Nossa Senhora Menina. Perna direita flexionada para trás. A esquerda a frente. Veste túnica rosa longa cintada e calça sapato preto, decote drapeado branco. Manga longa justa. Manto ocre com verde caindo do ombro direito envolta ao corpo com uma ponta sobre a perna esquerda, barra dourada. Nossa Senhora de pé, de frente. Cabelos escuros partido ao meio com coque atrás. Braço direito estendido sobre o livro com a mão aberta para cima. Braço esquerdo flexionado com a mão segurando o livro. Veste túnica branca longa, decote drapeado. Manga azul com vermelho caindo no ombro direito envolta ao corpo preso a cintura lado direito, livro branco com capa vermelha. Base oval fixa a uma tábua oitavada. Cadeira de assento reto. A madeira esculpida é composta por cinco blocos. A Policromia em rosa, verde, ocre, azul, vermelho, branco e dourado. A carnação é rosa claro e os olhos de vidro.",Localizado,Técnica em Madeira > Policromia | Técnica em Pintura,Sant'Ana e Nossa Senhora,"Numeração da ficha amarela com 68.019 e 029.019 e nº antigo E.47. Na mesma refere-se a data de aquisição de 31/07/1966. Por doação. As fichas se divergem: (na amarela datada em 19/08/1983) 0,67 m de altura. 0,21 m no comprimento e 0,33 m na largura. E o estado de conservação que afirma na ficha amarela como ruim e na branca (maio atual) de regular. Nenhuma das duas possui informações de possíveis restaurações ou intervenções na imagem.",68019029019 | 47,,,,
"1,27 m",Não identificado,02 Artes Visuais/Cinematográfica > 02.3 Escultura,Não identificada,Século XIX,Escultura,78889,"0,41 m",http://museusibramgoias.acervos.museus.gov.br/museu-casa-da-boa-morte/escultura-21/,Não identificado,Madeira,Não identificado,GO.99.029.252,Não identificada,"Figura feminina de pé, posição frontal. Cabeça levantada, olhos para alto e para frente. Cabelos longos caídos nas costas, levemente ondulados e partidos ao meio. Sobrancelhas finas, nariz reto. Boca pequena, lábios finos e recortados, buço bem visível. Braços flexionados sobre o tórax, mão direita sobre a esquerda. Perna direita flexionada á frente da esquerda. Manto caindo nas costas, passando sobre o braço esquerdo. Ele é azul claro com fundo rosa claro, borda em friso dourado, acima da borda elementais florais. Pisa sobre nuvens com cabeça de três anjos. Panha octogonal pintada da marrom. A madeira cedro esculpida é composta por seis partes.",Localizado,Técnica em Madeira > Entalhe | Técnica em Madeira > Policromia,Imaculada Conceição,"Na ficha documental branca, no item ""Características Estilísticas"" consta que provável datação da peça dos séculos XIX e início do século XX. a data do preenchimento é de 30/03/1999. A numeração da ficha amarela são: 83.101,029.252 e nº antigo de 85. Segundo esta ficha a imagem foi registrada em 1983 por não haver documentação de entrada da mesma.",83101029252 | 181,,,,
"0,67 m",Não identificado,02 Artes Visuais/Cinematográfica > 02.3 Escultura,Não identificada,Século XVIII,Escultura,77568,"0,40 m",http://museusibramgoias.acervos.museus.gov.br/museu-casa-da-boa-morte/escultura-20/,Não identificado,Madeira,Não identificado,GO.99.029.507,"Cidade de Goiás, Goiás | Igreja de Nossa Senhora do Carmo","Figura feminina em pé de posição frontal, cabeça um pouco inclinada para esquerda, tem os olhos de vidro, nariz aquilíneo, boca semi-aberta, rosto redondo. Braço direito aberto e flexionado em posição de segurar. O braço esquerdo flexionado tendo nas mãos uma casa. Pernas direita flexionada sob a túnica. Veste habito de freira, sendo túnica marrom longa, manga bege sobre os ombros e véu preto e curto. Aos pés a metade do corpo de um homem mostrando um braço forte e parte da face, tendo barbas e cabelos longos. Peanha em forma de monte. A peça em madeira é esculpida e composta por três partes. A policromia é o bege, marrom, preto e verde. Apresenta um orifício na cabeça para o resplendor e outro na peanha para andor.",Localizado,Técnica em Madeira > Entalhe | Técnica em Madeira > Policromia,Santa Efigência,"Ficha registrada no dia 07/04/1999. No item ""características estilísticas"" a peça foi datada do século XVIII ou início do XIX e possivelmente de origem portuguesa. Na ficha amarela consta que a madeira utilizada para a formação da peça é o cedro. Sua numeração é a Go.99 e 029.507.",368,,,,
"0,61 m",Não identificado,02 Artes Visuais/Cinematográfica > 02.3 Escultura,Não identificada,Século XIX,Escultura,77566,"0,24 m",http://museusibramgoias.acervos.museus.gov.br/museu-casa-da-boa-morte/escultura-19/,Não identificado,Rocha > Argila > Terracota,Não identificado,GO.99.029.256,Não identificada,"Figura feminina em pé de posição frontal. Boca fechada, nariz aquilíneo, fisionomia serena. Cabelos longos e castanhos em mecha caído sobre os ombros e as costas. Pescoço longo. Braços flexionados com mãos postas. Apoiada na perna esquerdo com direito flexionada coberta pela túnica branca longa com pregas da cintura para baixo. Manto longo azul sobre os ombros com fundo vermelho. Base sendo uma peanha oval e furo na cabeça para resplendor. A peça é composta em cinco partes e a policromia em branco, azul e vermelho.",Localizado,Técnica em Madeira > Policromia,Nossa Senhora da Conceição,"Na ficha amarela consta as numerações anteriores: 83.105 e 029.256 e ficha 91. Afirma que fora registrada em 1983 por falta de documentação de entrada. Segundo esta mesma ficha a largura da imagem mede 0,163 m (na ficha branca não foi informado este dado).",83105029256 | 173,,,,
"0,81 m",Não identificado,02 Artes Visuais/Cinematográfica > 02.3 Escultura,Não identificada,Século XVIII,Escultura,77564,"0,32 m",http://museusibramgoias.acervos.museus.gov.br/museu-casa-da-boa-morte/escultura-18/,Não identificado,Madeira,Não identificado,GO.99.029.253,"Cidade de Goiás, Goiás | Igreja de Nossa Senhora do Carmo","Figura feminina em pé, posição frontal, cabeça levemente inclinada á direita. Cabelos longos caindo para trás cobertos por um véu. Olhos pintados, nariz reto, boca pequena, veste túnica, presa á cintura um cordão. Manto saindo do ombro esquerdo, envolvendo o corpo e preso no braço esquerdo. Manto azul royal com flores e estrelas douradas, borda pintada em dourado, fundo vermelho. Pisa sobre o globo terrestre com três cabeças de anjo. Base da peanha em forma de pirâmide octogonal. Peanha pintada de vermelho e azul médio.",Localizado,Técnica em Madeira > Entalhe | Técnica em Madeira > Policromia,Nossa Senhora do Rosário,"Duas fichas registrada, sendo a última datada no dia 30/03/1999. Elas se divergem nas dimensões da imagem, sendo a mais antiga constando: altura de 0,775 m, comprimento (não consta na ficha branca) de 0,255 m e largura de 0,28 m. A ficha mais antiga informa que a imagem foi registrada em 1983 por falta de documentação de entrada. Nesta mesma ficha as numerações são: 83.102, 029.253 e marcação do número antigo 86. As duas fichas divergem também no título da imagem, sendo a amarela intitulada de ""Nossa senhora do Rosário com Menino Jesus"".",83102029253 | 110,,,,
"0,5 m",Não identificado,02 Artes Visuais/Cinematográfica > 02.3 Escultura,Não identificada,Século XIX,Escultura,77562,"0,15 m",http://museusibramgoias.acervos.museus.gov.br/museu-casa-da-boa-morte/escultura-16/,Não identificado,Madeira,Coleta,GO.99.029.245,Não identificada,"Figura feminina, de pé, posição frontal, pés sob globo formato de nuvens, com três anjos na frente. Cabeça levemente inclinada a frete. Olhos direcionados nariz aquilino. Cabelos partidos ao meio caído nas costas. Coberto por véu caindo em ponta nas costas. Braço direito flexionado a frente com mão espalmada, esquerdo flexionada, mão espalmada servido de apoio para o menino. Perna direita flexionada e a esquerda reta. Veste túnica longa cobrindo o pé presa na cintura por faixa. Decote decorada com flores e barra dourada drapeada, com barras dourado. Manto caindo do ombro esquerdo cobrindo as costas junto as pontas juntas no braço esquerdo decorado com flores; verso vermelho, barra dourada. Base retangular com cantos batidos. A escultura foi feita com somente uma peça de madeira, os olhos pintados e carnação clara e lábios vermelhos.",Localizado,Técnica em Madeira > Entalhe | Técnica em Madeira > Policromia,Nossa Senhora Abadia com Menino,"Duas fichas documentais, sendo a amarela com o registro em 27/09/1983 com a observação que não houve documentação de entrada. E a segunda ficha digitalizada sem data de transcrição da ficha anterior.",83094029245 | 78,,,,
"0,25 m ",Não identificado,02 Artes Visuais/Cinematográfica > 02.3 Escultura,Não identificada,Século XIX,Escultura,,"0,075",http://museusibramgoias.acervos.museus.gov.br/museu-casa-da-boa-morte/escultura-15/,Não identificado,Matéria Orgânica > Marfim,Doação,GO.99.029.004,Dom Cândido Bento Maria Penso,"Figura masculina de pé posição frontal. Inclinada para direita, o corpo e cabeça. Cabelos curtos. Barba curta serrada, partida ao meio. Braço direito flexionado, mão em posição de segurar. Pés descalços em afastamento, perna direita flexionada. Veste, habito religioso, cordão religioso, cordão amarrado na cintura, capa 3/4 caindo do ombro com capuz no pescoço.",Localizado,Técnica em Madeira > Entalhe,São Nicolau,"Peça esculpida em marfim, composta de quatro partes encaixadas entre si.",68007029007 | 34,"0,075",,,
"0,21 m",Não identificado,02 Artes Visuais/Cinematográfica > 02.3 Escultura,Não identificada,Século XIX,Escultura,77558,"0,125 m",http://museusibramgoias.acervos.museus.gov.br/museu-casa-da-boa-morte/escultura-14/,Não identificado,Madeira,Coleta,GO.99.029.026,Igreja Santa Rita Dantas,"Figura feminina, de pé, posição frontal, cabeça ligeiramente inclinada a esquerda. Olhos pintados voltados para o mesmo lado. Cabelos pretos semi longos lisos caindo sobre os ombros. Boca pequena fechada de cantos caídos. Braço esquerdo flexionado junto ao corpo na horizontal com mãos de segurar. Veste túnica semi longa rosa presa a cintura por um cordão formando uma saia com pregas, com motivos vermelhos. Manto longo vermelho caindo do ombro esquerdo passando pelas costas e drapeado na frente. Perna direita flexionada a frente. Perna esquerda firme para trás. Pés afastados, calça sapatos. Do lado esquerdo uma torre com base e cúpula com pintura na frente da torre representando uma janela gradeada, portas nos três lados da torre na cor preta. A pecúlia da figura feminina é quadrada com cantos batidos, sendo com a torre retangular. A imagem é composta de duas seções, sendo a torre encaixada na figura feminina. Escultura policromada.",Localizado,Técnica em Madeira > Entalhe | Técnica em Pintura,Santa Bárbara,"Imagem recolhida por Mons. Angelino em 31-07-1966, conforme documento de doação, e entregue a Dom. Roriz.",68026029026 | 64,,,,
"0,34 m",Não identificado,02 Artes Visuais/Cinematográfica > 02.3 Escultura,Não identificada,Século XIX,Escultura,77556,"0,12 m",http://museusibramgoias.acervos.museus.gov.br/museu-casa-da-boa-morte/escultura-13/,Não identificado,Madeira,Doação,GO.99.029.020,Igreja Santa Rita Dantas,"Figura masculina, de pé, cabelos encaracolados em corte arredondado com tonsura. Braço direito afastado do corpo e direcionado para frente. Braço esquerdo flexionado, mão espalmada tendo preso ao cinto um buquê de flores, perna direita flexionada para trás e esquerda a frente reta. Vesta hábito preto franciscano com capuz. Cordão enrolado na cintura. Peanha arredondada com ângulos dianteiros batidos, frente abaulada, costas retas. Escultura policromada.",Localizado,Técnica em Madeira > Entalhe | Técnica em Pintura,São Benedito das Flores,"Igreja localizada no povoado de Jeroaquara, município de Faina-GO.",68020029020 | 74,,,,
"0,54 m",Não identificado,02 Artes Visuais/Cinematográfica > 02.3 Escultura,Não identificada,Século XIX,Escultura,77554,"0,19 m",http://museusibramgoias.acervos.museus.gov.br/museu-casa-da-boa-morte/escultura-12/,Não identificado,Madeira,Coleta,GO.99.029.244,Não identificada,"Figura feminina de pé, posição frontal, olhos abertos, cabelos lisos caídos nas costas, aparecendo a parte das orelhas, coberto por véu em pontas. Veste túnica longa cobrindo os pés presa a cintura por cordão, cola de drapeada. Manto envolvendo as costas preso as pontas sob braço esquerdo. Pernas firmes pisando na lua com base formando por nuvens com querubins a frente. Peanha oitavada. A madeira é cortada em quatro blocos, imagem pecúlia e as mãos. Policromia carnação rosa pálido. Olhos pintados, pintura de flores no manto e na túnica, cores tuca azul claro, manto azul escuro, verso vermelho, véu e asa de anjo vermelha, flores douradas, nuvens azul e dourado, pecúlia vermelha.",Localizado,Técnica em Madeira > Entalhe | Técnica em Madeira > Policromia,Nossa Senhora da Conceição,"Na ficha amarela está enumerada com ""83.093"" e ""029.244"". Na mesma ficha, em observações conta que fora registrada em 83 por falta de documentação de entrada e já registrava que a pintura estava descolada. Na ficha anterior, no mesmo campo, consta que a imagem é integrante de grupo de seis imagens da mesma fatura - os títulos das imagens não são possíveis identifica-los, no entanto, consta as numerações das mesmas: 236,241,217,244,245 e 505. Consta duas fichas documentais anteriores sem data de registro.",83093029244 | 77,,,Numeração 168 do lado esquerdo superior.,
"0,5 m",Não identificado,02 Artes Visuais/Cinematográfica > 02.3 Escultura,Não identificada,Não identificada,Escultura,77552,"0,4 m",http://museusibramgoias.acervos.museus.gov.br/museu-casa-da-boa-morte/escultura-10/,Não identificado,Madeira,Não identificado,GO.99.029.505,Não identificada,"Figura masculina de pé , frontal, cabeça pendida a direita, cabelos penteados para trás, caindo sobre os ombros, capacete azul com moldura dourada e pequeno penacho. Olhos pequenos, sobrancelhas finas, nariz aquilíneo, boca pequena, rosto sereno. Braço esquerdo estendido com a mão segurando um bastão e braço direito estendido com a mão segurando uma balança, tendo em cada bacia e metade da figura humana. Perna direita erata apoiada sobre as nuvens e esquerda flexionada com pé em plano mais alto. Usa sandálias de cano até altura dos joelhos. Túnica ou armadura junto ao corpo, saiote curto. (...) tons rosa, azul e dourado. Policromia. Manto em movimento esvoaçante saindo do ombro esquerdo, em cores verde, vermelho, dourado e com desenhos fitomórficos. Asas nasce nas costas, estão abertas, apresentando três cores. Base em forma de nuvens esvoaçantes e pedra retangular com cantos chanfradas.",Localizado,Técnica em Madeira > Entalhe,São Miguel,"Na descrição da ficha onde se encontra (...) refere-se a palavras ilegíveis. Nesta mesma ficha, no campo ""características estilísticas"" na descrição refere-se ao séc. XX e possível origem regional, sento no item ""Época"" relata o séc. XIX, caracterizando divergências de data de produção. As características da técnica de produção refere-se a madeira esculpida com asas de encaixe nas costas e pernas e braços também de encaixe. O bastão é em madeira e a balança em metal. Na ficha anterior (amarela) contém mais duas numerações sendo: GO.99 e 029-505. Consta duas fichas documentais anteriores, sendo a última datada de 07/04/1999.",366,,,,
"0,26 m ",José Joaquim da Veiga Valle,02 Artes Visuais/Cinematográfica > 02.3 Escultura,Não identificada,Século XIX,Escultura,77550,"0,14 m",http://museusibramgoias.acervos.museus.gov.br/museu-casa-da-boa-morte/escultura-9/,Não identificado,Madeira,Não identificado,GO.99.029.198,Não identificada,"Figura masculina, de pé, posição frontal, cabeça pendida a esquerda, cabelos calvo e cacheado. Olhos altos de vidros, nariz aquilino. Boca entreaberta. Barba serrada partida no queixo. Braço esquerdo flexionado com a mão espalmada sobre o peito. O direito somente ante braço afastado do corpo. Perna direita flexionada a altura do joelho com o pé em afastamento. Perna esquerda firme na diagonal. Sapato preto com decoração dourada. Túnica longa purpura com decoração dourada. Sobre túnica azul com flores dourada e branca. Manto longo caído sobre o ombro esquerdo envolta ao corpo com planejamento acentuado com grandes losangos no ocre, debruado de azul e dourado. Base redonda Vermelha.",Localizado,Técnica em Madeira > Entalhe | Técnica em Madeira > Policromia,São Pedro,"Suspeito que essa peça foi esculpida na Cidade de Goiás, no entanto não há essa informação na ficha.",83044029198 | 12,,,,
"0,11 m",Não identificado,02 Artes Visuais/Cinematográfica > 02.3 Escultura,Não identificada,Século XIX,Escultura,77548,"0,05 m",http://museusibramgoias.acervos.museus.gov.br/museu-casa-da-boa-morte/escultura-8/,Não identificado,Madeira,Doação,GO.99.029.016,Dom Abel Ribeiro Camelo,"Nossa Senhora sentada em banco com a cabeça levemente pendida a direita. Olhos baixos boca fechada. Cabelos longos caído nos ombros coberto por um véu arredondado. Braço direito flexionado com a mão segurando a cabeça de Cristo, braço esquerdo flexionado à frente com a mão espalmada apoiada no joelho de Cristo. Veste túnica branca longa. Manto caindo dos ombros envolta ao corpo preso no colo, roxo com vermelho. No colo o corpo de Cristo com o braço direito caído a frente, o esquerdo sobre o corpo pernas flexionadas apoiadas no chão. Cristo está nu, envolvido apenas por perizônio branco. Peanha retangular com ângulos batidos. Escultura policromada.",Localizado,Técnica em Madeira > Entalhe | Técnica em Pintura,Nossa Senhora da Piedade,Doação da família Mons. Pinto a D. Abel Camelo em 1964. Pertencia a D. Benedita Pinto Figueiredo.,68016029016 | 68,,,,
"0,29 m",José Joaquim da Veiga Valle,02 Artes Visuais/Cinematográfica > 02.3 Escultura,Não identificada,Século XIX,Escultura,77546,"0,9 m",http://museusibramgoias.acervos.museus.gov.br/museu-casa-da-boa-morte/escultura-7/,Não identificado,Madeira,Coleta,GO.99.029.006,Não identificada,"Figura Feminina de pé sobre o globo com as pontas da lua crescente. Cabelos partidos ao  meio longos para trás, posição frontal, cabeça ligeiramente inclinada a esquerda. Olhar direcionado. Braços flexionados, veste túnica longa atada na cintura. Manto longo, caindo do ombro esquerdo e preso uma ponta no braço direito com acentuado planejamento. Pecúlia quadrada.",Localizado,Técnica em Madeira > Entalhe | Técnica em Madeira > Policromia,Nossa Senhora da Conceição,"Coletada pela Diocese. Vestígios de policromia. Sem mãos, queimada na parte da frente da túnica.",68006029006 | 30,,,,
"0,16 m",Não identificado,02 Artes Visuais/Cinematográfica > 02.3 Escultura,Não identificada,Século XIX,Escultura,77544,"0,6 m",http://museusibramgoias.acervos.museus.gov.br/museu-casa-da-boa-morte/escultura-6/,Não identificado,Madeira,Doação,GO.99.029.015,Dom Abel Ribeiro Camelo,"Figura masculina de pé amarrado em um tronco, cabeça inclinada a esquerda, olhar direcionado, cabelos curtos para trás partido ao meio. Braço direito flexionado para cima punho junto ao galho, mão com dedos curvos. Braço esquerdo caído por trás de um galho. Perna esquerda reta, direita flexionada no joelho, pés firmes ligeiramente em diagonal. Veste apenas o perizônio amarelo, corpo nu, orifício para retas no braço, no tórax e nas pernas com respingo vermelho imitando sangue. Tronco verde com 6 galhos ligados a peanha escalonada marmorizada em verde friso vermelho canto batido atrás reto. Escultura policromada.",Localizado,Técnica em Madeira > Entalhe | Técnica em Pintura,São Sebastião,"Doada pela família de Mons. Domingos Pinto a Dom Abel em 1964, pertencia a D. Benedita dos Santos Figueiredo.",68015029015 | 45,,,,
"0,265 m",Não identificado,02 Artes Visuais/Cinematográfica > 02.3 Escultura,Não identificada,Século XIX,Escultura,77542,"0,14 m",http://museusibramgoias.acervos.museus.gov.br/museu-casa-da-boa-morte/escultura-4/,Não identificado,Madeira > Cedro,Não identificado,GO.99.029.003,Não identificada,"Figura masculina, de pé, frente com corpo levemente inclinado à esquerda, cabelos longos e escuros em mechas com movimentos para trás. Barba cerrada, bigodes longos. Boca fechada, olhos abertos e direcionados para direita. Braço direito estendido e o esquerdo flexionado, mão aberta apoiando o manto que serve de suporte para o Menino Jesus. Perna direita levemente flexionada e a esquerda em posição reta. Botas de canos longos, na cor preta com decoração em dourado. Veste túnica vermelha, decorada com florões dourados, manto dourado com elementos fitomorfos,verso escuro, decote debruado de vermelho. Usa na cintura uma faixa preta, manto longo, caindo sobre o ombro esquerdo, contorna o corpo, acentuado panejamento, decorado c/ flores douradas e vermelhas, fundo escuro. Peanha redonda, vermelha. Escultura em madeira, policromada, dourada, florões esgrafiados. Orifício para resplendor na cabeça.",Localizado,Técnica em Madeira > Entalhe,São José de Botas,Supõe-se que seja de origem baiana.,68003029003 | 13,,,,
"0,66 m",Não identificado,02 Artes Visuais/Cinematográfica > 02.3 Escultura,Não identificada,Século XIX,Escultura,77540,"0,28 m",http://museusibramgoias.acervos.museus.gov.br/museu-casa-da-boa-morte/escultura-3/,Não identificado,Madeira,Doação,GO.99.029.204,Não identificada,"Figura de pé, de frente cabeça levemente inclinada para frente. Olhos abertos de vidro para baixo. Boca fechada com sorriso de ponta para cima nariz aquilino. Cabelos longos, incisos em mechas e meio cobertos pelo véu. Pescoço curto . Braços Flexionados sendo o direito na lateral e esquerdo apoiando o manto sob o menino. Mãos de segurar apoiada na perna esquerda com flexão no joelho direito. Véu Curto branco debruado, manto azul longo debruado com fundo vermelho. Túnica longa Rosa debruada de marrom presa ao alto. criança com cabelo em bandó. Olhos abertos de vidro para baixo. pescoço curto. Despido. Globo na mão esquerda apoiado no manto. Nuvens com 5 anjos .Peanha marrom oitavada com pontas douradas.",Localizado,Técnica em Madeira > Entalhe | Técnica em Madeira > Policromia,Nossa Senhora da Penha,"Na ficha mais recente não há referência de autoria da escultura, no entanto, a ficha elaborada anteriormente à essa relata que a obra foi feita por José Joaquim da Veiga Valle.",83053029204 | 23,,,,
"1,02m",Não identificado,02 Artes Visuais/Cinematográfica > 02.3 Escultura,Não identificada,Século XVIII,Escultura,77538,"0,19m",http://museusibramgoias.acervos.museus.gov.br/museu-casa-da-boa-morte/escultura-2/,Não identificado,Madeira,Não identificado,GO.99.029.495,"Cidade de Goiás, Goiás | Igreja de Nossa Senhora do Rosário","De pé de frente. Cabeça levemente pendida a esquerda Olhos Baixos. Boca fechada.  Nariz aquilino. Fisionomia triste. Cabelos talhados, longos com pontas cacheados. Barba talhada em duas pontas. Pescoço curto, Braços Flexionados, o direito na diagonal e o esquerdo segurando o menino Jesus. Perna Direita com o joelho flexionado, em passo. Pés com botas pretas de cano longo. Túnica curta, vermelha, debruada e decorada de dourado com friso azul, fundo verde com flores prateadas,  com dourado. Caído sobre o ombro esquerdo e envolvendo o corpo. Na mão esquerda pano branco decorado de dourado. Menino Jesus: Sentado de frente despido. Cabeça levemente pendida à frente. Olhos abertos. Bola fechada. Nariz achatado. Cabelos incisos e curtos. Braços flexionados, direito em angulo para cima e o esquerdo para baixo. pernas flexionadas, cruzadas, esquerda sobre a direita. Peanha retangular, cinza.",Localizado,Técnica em Madeira > Entalhe | Técnica em Madeira > Policromia,São José de Botas c/menino,séc. XVIII,89,,,,
"0,73 m",Não identificado,02 Artes Visuais/Cinematográfica > 02.3 Escultura,Não identificada,Século XIX,Escultura,77536,"0,3 m",http://museusibramgoias.acervos.museus.gov.br/museu-casa-da-boa-morte/escultura/,Não identificado,Madeira,Coleta,GO.99.029.393,Arraial do Ferreiro,"Figura feminina de pé, cabeça levemente a direita. Olhos abertos ao longe. Boca fechada. Nariz reto. Cabelos longos encaracolados de véu curto branco e decorado de dourado. Pescoço grosso, braço flexionados, o direito com mão segurando palma verde, o esquerdo com a mão espalmada. Perna esquerda com joelhos flexionados. Pés com médio afastamento com sapatos brancos com dourados. Policromada. Túnica branca e decoração em flores e ramas douradas e decorada com prega dourada. Sobretudo azul com saia branca. Manto 3/4 vermelho.",Localizado,Técnica em Madeira > Entalhe,Santa Luzia,"A escultura foi produzida em madeira de cedro entalhada composta por quatro partes, sendo olhos pintados e mãos e braços esculpidos separadamente. Na ficha de inventário anterior consta que fora emprestada pela Capela São João Batista do Arraial do Ferreiro em 14/04/1971. Possui três fichas anteriores de documentação sem data de registro.",87,,,,"0,38cm"
