LEGENDAS;LINK_PAGINA;TÍTULOS;UF;URL
Documentário produzido com o apoio do Edital de Apoio à Produção de Documentários Etnográficos sobre o Patrimônio Cultural Imaterial (Etnodoc). O que aconteceu com os seringueiros que extraíam borracha na Amazônia para ajudar, durante a Segunda Guerra Mundial, os Aliados? A maioria morreu sem nenhuma assistência na própria floresta que a propaganda de guerra divulgava como paraíso. O Acre foi seu destino preferido e é nesse cenário de luta pela preservação ecológica que os sobreviventes contam como a promessa de riqueza que deu lugar à solidão e ao desamparo. Em meio a imagens da região nos anos 1940, nas cidades de Rio Branco, Plácido de Castro e Xapuri, eles mantêm a memória acesa e não sucumbem à infelicidade, mesmo que o outono de suas vidas tenha chegado.;http://www.youtube.com/watch?v=kf4I79Ye-HM;SOLDADOS DA BORRACHA;AC;http://portal.iphan.gov.br/ac/videos
A presidente do Instituto do Patrimônio Histórico e Artístico Nacional (Iphan), Kátia Bogéa, fala sobre o Dia do Patrimônio Histórico, celebrado em 17 de agosto.;http://www.youtube.com/watch?v=_dOd6LZF3kU;DIA NACIONAL DO PATRIMÔNIO HISTÓRICO;AC;http://portal.iphan.gov.br/ac/videos
A capoeira é uma prática cultural afro-brasileira multifacetada. Ao mesmo tempo que é luta é também dança. É compreendida como folclore, esporte e até como arte. A roda é onde acontece o jogo. Duas dimensões estão sempre presentes: O lado lúdico da festa, da brincadeira e o outro da resistência da reação contra o sistema opressor;http://www.youtube.com/watch?v=_HeWO3vmCXY;RODA DE CAPOEIRA - PATRIMÔNIO CULTURAL IMATERIAL DA HUMANIDADE;AC;http://portal.iphan.gov.br/ac/videos
A presidente do Instituto do Patrimônio Histórico e Artístico Nacional (Iphan), Kátia Bogéa, fala sobre o Dia do Patrimônio Histórico, celebrado em 17 de agosto.;http://www.youtube.com/watch?v=_dOd6LZF3kU;DIA NACIONAL DO PATRIMÔNIO HISTÓRICO;AL;http://portal.iphan.gov.br/al/videos
A capoeira é uma prática cultural afro-brasileira multifacetada. Ao mesmo tempo que é luta é também dança. É compreendida como folclore, esporte e até como arte. A roda é onde acontece o jogo. Duas dimensões estão sempre presentes: O lado lúdico da festa, da brincadeira e o outro da resistência da reação contra o sistema opressor;http://www.youtube.com/watch?v=_HeWO3vmCXY;RODA DE CAPOEIRA - PATRIMÔNIO CULTURAL IMATERIAL DA HUMANIDADE;AL;http://portal.iphan.gov.br/al/videos
;http://www.youtube.com/watch?v=ErYDzpNVzkY;SISTEMA AGRÍCOLA TRADICIONAL DO RIO NEGRO/AM;AM;http://portal.iphan.gov.br/am/videos
A produção artesanal do queijo de leite cru nas regiões do Serro e das serras da Canastra e do Salitre em Minas Gerais representa até hoje uma alternativa bem sucedida de conservação e aproveitamento da produção leiteira regional, em áreas cuja geografia limita o escoamento dessa produção.;http://www.youtube.com/watch?v=mfoK6zXpMd0;PATRIMÔNIOS IMATERIAIS - PARTE 3;AM;http://portal.iphan.gov.br/am/videos
;http://www.youtube.com/watch?v=HDyfW54rmAc;CAJUÍNA - MODO DE FAZER CAJUÍNA;AM;http://portal.iphan.gov.br/am/videos
"Os Bens Culturais de Natureza Imaterial dizem respeito àquelas práticas e domínios da vida social que se manifestam em saberes, ofícios e modos de fazer; celebrações; formas de expressão cênicas, plásticas, musicais ou lúdicas; e nos lugares (como mercados, feiras e santuários que abrigam práticas culturais coletivas).";http://www.youtube.com/watch?v=xbiRpzqeGZw;PATRIMÔNIOS IMATERIAIS - PARTE 2;AM;http://portal.iphan.gov.br/am/videos
;http://www.youtube.com/watch?v=ErYDzpNVzkY;SISTEMA AGRÍCOLA TRADICIONAL DO RIO NEGRO/AM;AM;http://portal.iphan.gov.br/am/videos
;http://www.youtube.com/watch?v=D3wnk0y8ASE;CACHOEIRA DE IAUARETÊ - LUGAR SAGRADO DOS POVOS INDÍGENAS DOS RIOS UAUPÉS E PAPURI;AM;http://portal.iphan.gov.br/am/videos
;http://www.youtube.com/watch?v=D3wnk0y8ASE;CACHOEIRA DE IAUARETÊ - LUGAR SAGRADO DOS POVOS INDÍGENAS DOS RIOS UAUPÉS E PAPURI;AM;http://portal.iphan.gov.br/am/videos
;http://www.youtube.com/watch?v=D3wnk0y8ASE;CACHOEIRA DE IAUARETÊ - LUGAR SAGRADO DOS POVOS INDÍGENAS DOS RIOS UAUPÉS E PAPURI;AM;http://portal.iphan.gov.br/am/videos
Documentário de registro sobre a arte gráfica tradicional dos Wajãpi no Amapá produzido em 2002.;http://www.youtube.com/watch?v=lBmCxTQGMX0;ARTE GRÁFICA KUSIWA;AP;http://portal.iphan.gov.br/ap/videos
O folguedo conhecido por Maracatu de Baque Solto, maracatu de orquestra, maracatu de trombone, maracatu de baque singelo ou maracatu rural ocorre durante as comemorações do Carnaval e da Páscoa. É composto por dança, música, poesia e está associado ao ciclo canavieiro da Zona da Mata, também tem apresentações na Região Metropolitana do Recife e outras localidades.;http://www.youtube.com/watch?v=OlEcKMzCSoY;MARACATU DE BAQUE SOLTO;AP;http://portal.iphan.gov.br/ap/videos
A capoeira é uma prática cultural afro-brasileira multifacetada. Ao mesmo tempo que é luta é também dança. É compreendida como folclore, esporte e até como arte. A roda é onde acontece o jogo. Duas dimensões estão sempre presentes: O lado lúdico da festa, da brincadeira e o outro da resistência da reação contra o sistema opressor;http://www.youtube.com/watch?v=_HeWO3vmCXY;RODA DE CAPOEIRA - PATRIMÔNIO CULTURAL IMATERIAL DA HUMANIDADE;AP;http://portal.iphan.gov.br/ap/videos
Também conhecido como Maracatu de Baque Virado, com a grande maioria dos grupos concentrada nas comunidades de bairros periféricos da Região Metropolitana de Recife, o Maracatu Nação é uma forma de expressão que apresenta um conjunto musical percussivo e um cortejo real, que sai às ruas para desfiles e apresentações durante o carnaval.;http://www.youtube.com/watch?v=r4ys2SHXJJM;MARACATU NAÇÃO;AP;http://portal.iphan.gov.br/ap/videos
;http://www.youtube.com/watch?v=FDvVa_4sv3Q;FANDANGO CAIÇARA;AP;http://portal.iphan.gov.br/ap/videos
Teatro de Bonecos Popular do Nordeste - Mamulengo, Babau, João Redondo, Cassimiro Coco (TBPN).;http://www.youtube.com/watch?v=lOtm7HflEMM;TEATRO DE BONECOS POPULAR DO NORDESTE - MAMULENGO, BABAU, JOÃO REDONDO E CASSIMIRO COCO;AP;http://portal.iphan.gov.br/ap/videos
"Documentário produzido com o apoio do Edital de Apoio à Produção de Documentários Etnográficos sobre o Patrimônio Cultural Imaterial (Etnodoc). O argumento central é a folia popular “Escravas da Mãe de Deus da Piedade”, que ocorre na região de Igarapé do Lago, distrito do Município de Mazagão, no Amapá. A celebração – os fiéis, as crenças e os rituais – em louvor a Nossa Senhora da Piedade é o fio condutor do filme. Busca-se uma composição entre palavras, gestos e sons. A própria observação das pessoas, enquanto fiéis, seus silêncios, gestos, rostos, movimentos de mãos, olhares, revela circunstâncias ritualísticas que comunicam uma paisagem visual e sonora. A partir dos recursos da etnografia e da música, busca-se uma composição de sons originais das rezas, ladainhas, batuques e paisagem natural, sem perder de vista uma verossimilhança com o ritual e suas características originais.

Ficha técnica
Ano: 2009
Direção: Áurea Pinheiro e Cássia Moura
Roteiro: Áurea Pinheiro
Duração: 26 minutos
Apoio: Iphan/CNFCP";http://www.youtube.com/watch?v=xZ-UNgmNL1I;AS ESCRAVAS DA MÃE DE DEUS;AP;http://portal.iphan.gov.br/ap/videos
"Documentário produzido com o apoio do Edital de Apoio à Produção de Documentários Etnográficos sobre o Patrimônio Cultural Imaterial (Etnodoc). O documentário trata das formas de criação e recriação dos padrões gráficos que constituem um dos saberes valiosos – juntamente com cantos, danças e diversas tecnologias – apropriados pelos Wajãpi em seus contatos com os donos da água e da floresta. Cobra-Grande, dono e controlador do universo aquático, está presente na vida cotidiana dos Wajãpi, que comentam, no filme, os modos adequados de se comportar e conviver com ele.

Ficha técnica
Ano: 2009
Roteiro: Viseni, Jawaruwa, Rosenã, Jatuta, Kuripi, Dominique T. Gallois e Gianni Puzzo
Produção: Lia Nunes e Gianni Puzzo
Duração: 26 minutos
Apoio: Iphan/CNFCP";http://www.youtube.com/watch?v=UletLd8GQis;KUSIWARÃ – AS MARCAS E CRIATURAS DE COBRA GRANDE;AP;http://portal.iphan.gov.br/ap/videos
A presidente do Instituto do Patrimônio Histórico e Artístico Nacional (Iphan), Kátia Bogéa, fala sobre o Dia do Patrimônio Histórico, celebrado em 17 de agosto.;http://www.youtube.com/watch?v=_dOd6LZF3kU;DIA NACIONAL DO PATRIMÔNIO HISTÓRICO;AP;http://portal.iphan.gov.br/ap/videos
"Este Bem de Natureza Imaterial, inscrito no Livro dos Saberes em 14/01/2005, consiste em uma prática tradicional de produção e venda em tabuleiro das chamadas comidas de baiana.
esta é a segunda e última parte do vídeo produzido para o registro deste patrimônio imaterial brasileiro.";http://www.youtube.com/watch?v=mo_t9Zzgj-g;OFÍCIO DAS BAIANAS DE ACARAJÉ - PARTE 2;BA;http://portal.iphan.gov.br/ba/videos
"Este Bem de Natureza Imaterial, inscrito no Livro dos Saberes em 14/01/2005, consiste em uma prática tradicional de produção e venda em tabuleiro das chamadas comidas de baiana.
esta é a primeira parte do vídeo produzido para o registro deste patrimônio imaterial brasileiro.";http://www.youtube.com/watch?v=e540w51bUjE;OFÍCIO DAS BAIANAS DE ACARAJÉ - PARTE 1;BA;http://portal.iphan.gov.br/ba/videos
;http://www.youtube.com/watch?v=sPFvC_gEOn4;FESTA DO SENHOR BOM JESUS DO BONFIM;BA;http://portal.iphan.gov.br/ba/videos
"Documentário produzido com o apoio do Edital de Apoio à Produção de Documentários Etnográficos sobre o Patrimônio Cultural Imaterial (Etnodoc). O documentário conta a história de Ademário, filho de santo do Jarê. O filme percorre o universo mítico da cura, da relação com a natureza e dos conhecimentos ancestrais que os curandeiros detêm sobre a medicina natural. O Jarê das Lavras Diamantinas existe somente na região da Chapada e é uma face do candomblé muito pouco estudada e reconhecida no Brasil. Com praticamente duas décadas de proibição oficial do garimpo na região, houve uma grande evasão dos garimpeiros que viviam nas serras e muitas casas de Jarê não mantêm mais as suas práticas.

Ficha técnica
Ano: 2009
Direção e roteiro: Marcelo Abreu Góis
Produção: Marcelo Matos de Oliveira, Fernanda Sindlinger e Diego Haase
Duração: 26 minutos
Apoio: Iphan/CNFCP";http://www.youtube.com/watch?v=IVQ-XD84qnU;CURANDEIROS DO JARÊ;BA;http://portal.iphan.gov.br/ba/videos
"Documentário produzido com o apoio do Edital de Apoio à Produção de Documentários Etnográficos sobre o Patrimônio Cultural Imaterial (Etnodoc). Documentário poético que mostra a viagem de dois dos últimos saveiros comerciais da Baía de Todos os Santos: o “É da vida”, que sai da tradicional localidade de Maragogipinho carregado de cerâmicas, e o “Sombra da lua”, que sai de Maragogipe carregado de frutas, verduras e carnes defumadas, ambos com destino a Salvador. Na primeira parte do percurso, veem-se nas margens ruínas de fortificações, engenhos de açúcar e igrejas do Brasil Colonial, e, na segunda parte, indústrias modernas, uma movimentação de barcos cortando o mar em alta velocidade e grandes cargueiros ancorados no porto. Durante o trajeto, os mestres tripulantes revelam suas experiências de vida, fatos históricos e lendas da região.

Ficha técnica
Ano: 2009
Direção e roteiro: Joel de Almeida
Produção: Mush Emmons/ Agneya Ferraz
Duração: 26 minutos
Apoio: Iphan/CNFCP";http://www.youtube.com/watch?v=OozMmFlOuK8;VENTO LESTE;BA;http://portal.iphan.gov.br/ba/videos
"Documentário produzido com o apoio do Edital de Apoio à Produção de Documentários Etnográficos sobre o Patrimônio Cultural Imaterial (Etnodoc). O documentário tem como tema a manifestação popular “Caboclos Guaranis” da cidade de Itaparica, na Ilha de Itaparica, Recôncavo Baiano. Durante os festejos do Sete de Janeiro, data em que se comemora a expulsão dos portugueses da Ilha de Itaparica, o grupo “Os Guaranis” se apresenta com seus atabaques e cantos, arcos e flechas, num espetáculo teatral que evoca a história real e as origens míticas desse povo mestiço que habita e domina o Recôncavo Baiano.

Ficha técnica
Ano: 2007
Direção: Hermano Penna
Produção: Luz XXI Cine Vídeo Ltda./ Ana Clara Rafaldi
Duração: 26 minutos
Apoio: Iphan/CNFCP";http://www.youtube.com/watch?v=ZaPjyCHhcMA;CABLOCOS DA LIBERDADE;BA;http://portal.iphan.gov.br/ba/videos
A presidente do Instituto do Patrimônio Histórico e Artístico Nacional (Iphan), Kátia Bogéa, fala sobre o Dia do Patrimônio Histórico, celebrado em 17 de agosto.;http://www.youtube.com/watch?v=_dOd6LZF3kU;DIA NACIONAL DO PATRIMÔNIO HISTÓRICO;BA;http://portal.iphan.gov.br/ba/videos
A capoeira é uma prática cultural afro-brasileira multifacetada. Ao mesmo tempo que é luta é também dança. É compreendida como folclore, esporte e até como arte. A roda é onde acontece o jogo. Duas dimensões estão sempre presentes: O lado lúdico da festa, da brincadeira e o outro da resistência da reação contra o sistema opressor;http://www.youtube.com/watch?v=_HeWO3vmCXY;RODA DE CAPOEIRA - PATRIMÔNIO CULTURAL IMATERIAL DA HUMANIDADE;BA;http://portal.iphan.gov.br/ba/videos
Ação do Estado da Bahia, premiada na 29ª Edição do Prêmio Rodrigo;http://www.youtube.com/watch?v=0au-eNRdwTs;IDENTIDADE DO POVO DO MAR;BA;http://portal.iphan.gov.br/ba/videos
"Os Bens Culturais de Natureza Imaterial dizem respeito àquelas práticas e domínios da vida social que se manifestam em saberes, ofícios e modos de fazer; celebrações; formas de expressão cênicas, plásticas, musicais ou lúdicas; e nos lugares (como mercados, feiras e santuários que abrigam práticas culturais coletivas).";http://www.youtube.com/watch?v=xbiRpzqeGZw;PATRIMÔNIOS IMATERIAIS - PARTE 2;BA;http://portal.iphan.gov.br/ba/videos
;http://www.youtube.com/watch?v=4RIlc98rQIs;INVENTÁRIO PARA REGISTRO E SALVAGUARDA DA CAPOEIRA COMO PATROMÔNIO CULTURAL DO BRASIL;BA;http://portal.iphan.gov.br/ba/videos
;http://www.youtube.com/watch?v=TslNZQdlnlw;ARACATI VÁRIOS OLHARES;CE;http://portal.iphan.gov.br/ce/videos
;http://www.youtube.com/watch?v=xafPsfUdrP0;27ª EDIÇÃO DO PRÊMIO RODRIGO MELO FRANCO DE ANDRADE - CE;CE;http://portal.iphan.gov.br/ce/videos
;http://www.youtube.com/watch?v=OO93oD595TM;PIU E O ACORDE MITOLÓGICO;CE;http://portal.iphan.gov.br/ce/videos
"Documentário produzido com o apoio do Edital de Apoio à Produção de Documentários Etnográficos sobre o Patrimônio Cultural Imaterial (Etnodoc). Dentro da caixa de ferramentas de seu falecido pai, Mestre Espedito Saleiro encontrou o molde de uma sandália com sola retangular, usada por Lampião para deixar pegadas que confundiam a polícia. O episódio marcou a trajetória do artesão cearense, que inventou um novo estilo ao reunir de modo original o universo dos vaqueiros e a estética do cangaço.

Ficha técnica
Ano: 2011
Direção: Adriana Yañes
Produção: Gilberto Topczewski
Duração: 26 minutos
Apoio: Iphan/CNFCP";http://www.youtube.com/watch?v=nEog6URX1nw;A SANDÁLIA DE LAMPIÃO;CE;http://portal.iphan.gov.br/ce/videos
"Documentário produzido com o apoio do Edital de Apoio à Produção de Documentários Etnográficos sobre o Patrimônio Cultural Imaterial (Etnodoc). O filme vasculha o imaginário dos artesãos populares Françuir e Maurício, residentes na região do Cariri cearense, que através de suas criações em flandres e suas vidas expressam a relação do homem com a cultura do lugar, o cotidiano, a religiosidade, o trabalho, o lazer, os pensamentos e a filosofias dos dois artistas.

Ficha técnica
Ano: 2007
Direção e roteiro: Joe Pimentel e Armando Praça
Produção: Valéria Laena
Duração: 26 minutos
Apoio: Iphan/CNFCP";http://www.youtube.com/watch?v=iM7sITCwltk;A INVENÇÃO DO SERTÃO;CE;http://portal.iphan.gov.br/ce/videos
"Documentário produzido com o apoio do Edital de Apoio à Produção de Documentários Etnográficos sobre o Patrimônio Cultural Imaterial (Etnodoc). Vila do Veiga, zona rural do Distrito de Dom Maurício,Quixadá, sertão do Ceará. Encravado entre morros vive Joaquim Roseno, 68 anos, seus filhos e netos. Vivendo basicamente de sua lavoura de subsistência, ele faz o que faziam seus pais, seus avós e bisavós – trabalha na roça, cria galinhas, toma Catuaba, canta um farto repertório de músicas, e é mestre/puxador de um grupo de Dança de São Gonçalo, ainda dançada como em sua origem – encomendada por fiéis como pagamento de promessas feitas ao santo.

Ficha técnica
Ano: 2007
Direção, produção e roteiro: Márcia Paraíso
Duração: 26 minutos
Apoio: Iphan/CNFCP";http://www.youtube.com/watch?v=nDOPDR2_RQE;O JOAQUIM;CE;http://portal.iphan.gov.br/ce/videos
"Documentário produzido com o apoio do Edital de Apoio à Produção de Documentários Etnográficos sobre o Patrimônio Cultural Imaterial (Etnodoc). No sertão do Inhamuns, Estado do Ceará, vive há 96 anos Zé Valadão. Ele é um dos últimos representantes de uma estirpe sertaneja em extinção: os rastejadores. Uma rês perdida do rebanho, um ladrão de cavalos, um assassino que a polícia não encontrou, uma criança perdida na caatinga, nada escaparia da sabedoria e das artimanhas dos Valadão. A palavra de um Valadão valia mais que a sentença de um juiz ou um informe de detetive. Se alguém passasse por eles na vida e deixasse alguma marca no pedregoso e duro chão nordestino, jamais esqueceriam; para eles, é mais fácil se lembrar de um rastro que de um rosto. Ao lado dos irmãos Chagas, Assis e Antonio, já falecidos, Zé transformou-se em verdadeira lenda na região. Hoje, ainda trabalha em sua pequena roça de milho e na criação de algumas vacas e cabras, além de observar atentamente o progresso do neto e de um sobrinho nas artes e técnicas do rastejar.

Ficha técnica
Ano: 2009
Direção e roteiro: Marcus Moura
Produção: Brasa Filmes e Studio F3/Honorato Feitosa e Paulo Pina
Duração: 26 minutos
Apoio: Iphan/CNFCP";http://www.youtube.com/watch?v=Xgc05gVe7SU;NO RASTRO;CE;http://portal.iphan.gov.br/ce/videos
A presidente do Instituto do Patrimônio Histórico e Artístico Nacional (Iphan), Kátia Bogéa, fala sobre o Dia do Patrimônio Histórico, celebrado em 17 de agosto.;http://www.youtube.com/watch?v=_dOd6LZF3kU;DIA NACIONAL DO PATRIMÔNIO HISTÓRICO;CE;http://portal.iphan.gov.br/ce/videos
Grupo Uirapuru - Orquestra de Barro – uma orquestra feita com instrumentos de barro transforma a vida de jovens de comunidade do interior cearense.;http://www.youtube.com/watch?v=Y7qKBcDglUU;28ª EDIÇÃO DO PRÊMIO RODRIGO MELO FRANCO DE ANDRADE;CE;http://portal.iphan.gov.br/ce/videos
27ª Edição do Prêmio Rodrigo Melo Franco de Andrade 2014;http://www.youtube.com/watch?v=6CfjSvfgTuE;DOCUMENTÁRIO PRÊMIO RODRIGO MELO FRANCO DE ANDRADE 2014;CE;http://portal.iphan.gov.br/ce/videos
27ª Edição do Prêmio Rodrigo Melo Franco de Andrade 2014;http://www.youtube.com/watch?v=6CfjSvfgTuE;DOCUMENTÁRIO PRÊMIO RODRIGO MELO FRANCO DE ANDRADE 2014;CE;http://portal.iphan.gov.br/ce/videos
"Homenagem aos Mestres de Capoeira Premiados. 
O Prêmio Viva Meu Mestre tem como objetivo reconhecer e fortalecer a tradição cultural da Capoeira por meio da premiação de Mestres e Mestras de Capoeira, com idade igual ou superior a 55 anos, cuja trajetória de vida tenha contribuído de maneira fundamental para a transmissão e continuidade da Capoeira no Brasil.

O Prêmio Viva Meu Mestre é uma política de reconhecimento e valorização dos ""patrimônios vivos"" e proporcionará uma ampla visibilidade na sociedade brasileira de uma expressão cultural reconhecida como Patrimônio Cultural do Brasil. O objetivo primeiro do prêmio está integrado ao Programa de Salvaguarda e Incentivo à Capoeira -- Pró -- Capoeira e visa o reconhecimento, valorização e divulgação dos mestres que tenham larga experiência acumulada na prática e transmissão dos saberes sobre a capoeira, desempenham ou desempenharam papel fundamental em suas comunidades e se dedicaram a manter vivo esse patrimônio nacional.";http://www.youtube.com/watch?v=0cTNixW1Qa0;PRÊMIO VIVA MESTRE;DF;http://portal.iphan.gov.br/df/videos
;http://www.youtube.com/watch?v=mNaWkdNUpok;PROJETO ARQUITETURA EDUCAÇÃO E PATRIMONIO;DF;http://portal.iphan.gov.br/df/videos
;http://www.youtube.com/watch?v=o6drc49cEkI;RE(VI)VENDO ÊXODOS;DF;http://portal.iphan.gov.br/df/videos
A capoeira é uma prática cultural afro-brasileira multifacetada. Ao mesmo tempo que é luta é também dança. É compreendida como folclore, esporte e até como arte. A roda é onde acontece o jogo. Duas dimensões estão sempre presentes: O lado lúdico da festa, da brincadeira e o outro da resistência da reação contra o sistema opressor;http://www.youtube.com/watch?v=_HeWO3vmCXY;RODA DE CAPOEIRA - PATRIMÔNIO CULTURAL IMATERIAL DA HUMANIDADE;DF;http://portal.iphan.gov.br/df/videos
O Prêmio Rodrigo Melo Franco de Andrade, criado em 1987 em reconhecimento a ações de proteção, preservação e divulgação do patrimônio cultural brasileiro. Foi assim denominado em homenagem ao primeiro dirigente da instituição.;http://www.youtube.com/watch?v=3wtvOuj3gTk;PRÊMIO RODRIGO MELO FRANCO DE ANDRADE;DF;http://portal.iphan.gov.br/df/videos
27ª Edição do Prêmio Rodrigo Melo Franco de Andrade 2014;http://www.youtube.com/watch?v=6CfjSvfgTuE;DOCUMENTÁRIO PRÊMIO RODRIGO MELO FRANCO DE ANDRADE 2014;DF;http://portal.iphan.gov.br/df/videos
A presidente do Instituto do Patrimônio Histórico e Artístico Nacional (Iphan), Kátia Bogéa, fala sobre o Dia do Patrimônio Histórico, celebrado em 17 de agosto.;http://www.youtube.com/watch?v=_dOd6LZF3kU;DIA NACIONAL DO PATRIMÔNIO HISTÓRICO;DF;http://portal.iphan.gov.br/df/videos
Re(vi)vendo Êxodos – projeto faz um diálogo entre a educação patrimonial e a pesquisa de referências culturais.;http://www.youtube.com/watch?v=04UMhskueDs;28ª EDIÇÃO DO PRÊMIO RODRIGO MELO FRANCO DE ANDRADE;DF;http://portal.iphan.gov.br/df/videos
;http://www.youtube.com/watch?v=j91GUqehfJ0;PANELAS DE BARRO - UMA TRADIÇÃO CAPIXABA - 2009;ES;http://portal.iphan.gov.br/es/videos
;http://www.youtube.com/watch?v=FxkYwFjnwzM;FESTIVIDADES DO GLORIOSO SÃO SEBASTIÃO NA REGIÃO DO MARAJÓ;ES;http://portal.iphan.gov.br/es/videos
A presidente do Instituto do Patrimônio Histórico e Artístico Nacional (Iphan), Kátia Bogéa, fala sobre o Dia do Patrimônio Histórico, celebrado em 17 de agosto.;http://www.youtube.com/watch?v=_dOd6LZF3kU;DIA NACIONAL DO PATRIMÔNIO HISTÓRICO;ES;http://portal.iphan.gov.br/es/videos
;http://www.youtube.com/watch?v=ZAVid8v7mF4;OFÍCIO DAS PANELEIRAS EM GOIABEIRAS;ES;http://portal.iphan.gov.br/es/videos
"Produzido no âmbito do Inventário Nacional de Referências Culturais (INRC) do Jongo no Espírito Santo, realizado entre 2013 e 2014 – através da contratação da empresa Têmporis e com o acompanhamento técnico da Superintendência do Iphan no Espírito Santo – este curta metragem tem como foco grupos no Espírito Santo praticantes do Jongo/Caxambu, forma de expressão verificada nos quatro estados da região Sudeste do Brasil e que foi registrada no ano de 2005 como Patrimônio Cultural pelo Iphan.

Explorando assuntos como o discurso da origem, instrumentos utilizados e a espiritualidade envolvida nas práticas, o curta metragem nos apresenta de forma sintética diferentes formas que os jongueiros e caxambuzeiros têm de ver e de se relacionar com este bem cultural, o qual criam e recriam em seu cotidiano.";http://www.youtube.com/watch?v=gPjPt826Q6o;INVENTÁRIO NACIONAL DE REFERÊNCIAS CULTURAIS DO JONGO NO ES-2014;ES;http://portal.iphan.gov.br/es/videos
"O jongo é um estilo musical que foi reconhecido e registrado pelo Iphan como patrimônio imaterial brasileiro.

Este bem cultural foi registrado em 15/12/2005.";http://www.youtube.com/watch?v=CDSPzz0iXlE;JONGO DO SUDESTE - PARTE 1;ES;http://portal.iphan.gov.br/es/videos
"O jongo é um estilo musical que foi reconhecido e registrado pelo Iphan como patrimônio imaterial brasileiro.

Este bem cultural foi registrado em 15/12/2005.";http://www.youtube.com/watch?v=dan7KyEwRVk;JONGO DO SUDESTE - PARTE 2;ES;http://portal.iphan.gov.br/es/videos
"A procissão encena a prisão de Jesus Cristo e tem início às 0:00 da quarta-feira santa, com a iluminação pública apagada e ao som de tambores, à porta da Igreja da Boa Morte, na praça principal da cidade de Goiás. Os penitentes, vestidos em indumentária especial e representando soldados romanos, seguem então para a escadaria da Igreja de N. S. do Rosário, onde encontram a mesa da última ceia já dispersa. Em seguida, avançam na direção da Igreja de São Francisco de Paula, que simboliza o Jardim das Oliveiras, onde se dará a prisão de Cristo. Este é representado por um estandarte de linho pintado em duas faces, obra do artista plástico oitocentista Veiga Valle.
A Procissão do Fogaréu foi introduzida em Goiás pelo padre espanhol Perestelo de Vasconcelos, em meados do século XVIII. A indumentária utilizada pelos penitentes caracteriza-se por uma túnica comprida e e por um longo capuz cônico e pontiagudo. Trata-se, com efeito, de um traje de origem medieval, o qual era costumeiramente utilizado por penitentes que assim podiam expiar seus pecados sem ter que revelar publicamente sua identidade.";http://www.youtube.com/watch?v=urQ-hMNy5oY;PROCISSÃO DO FOGAREU;GO;http://portal.iphan.gov.br/go/videos
;http://www.youtube.com/watch?v=Le18iQiaI6w;VENENO;GO;http://portal.iphan.gov.br/go/videos
;http://www.youtube.com/watch?v=EsRgh96BukM;FESTIVAL DE POESIA DE GOYAZ;GO;http://portal.iphan.gov.br/go/videos
;http://www.youtube.com/watch?v=EsRgh96BukM;FESTIVAL DE POESIA DE GOYAZ;GO;http://portal.iphan.gov.br/go/videos
;http://www.youtube.com/watch?v=YJlELYoY1Ns;FESTA DO DIVINO ESPÍRITO SANTO DE PIRENÓPOLIS/GO;GO;http://portal.iphan.gov.br/go/videos
;http://www.youtube.com/watch?v=YJlELYoY1Ns;FESTA DO DIVINO ESPÍRITO SANTO DE PIRENÓPOLIS/GO;GO;http://portal.iphan.gov.br/go/videos
;http://www.youtube.com/watch?v=YJlELYoY1Ns;FESTA DO DIVINO ESPÍRITO SANTO DE PIRENÓPOLIS/GO;GO;http://portal.iphan.gov.br/go/videos
;http://www.youtube.com/watch?v=YJlELYoY1Ns;FESTA DO DIVINO ESPÍRITO SANTO DE PIRENÓPOLIS/GO;GO;http://portal.iphan.gov.br/go/videos
;http://www.youtube.com/watch?v=YJlELYoY1Ns;FESTA DO DIVINO ESPÍRITO SANTO DE PIRENÓPOLIS/GO;GO;http://portal.iphan.gov.br/go/videos
;http://www.youtube.com/watch?v=YJlELYoY1Ns;FESTA DO DIVINO ESPÍRITO SANTO DE PIRENÓPOLIS/GO;GO;http://portal.iphan.gov.br/go/videos
;http://www.youtube.com/watch?v=YJlELYoY1Ns;FESTA DO DIVINO ESPÍRITO SANTO DE PIRENÓPOLIS/GO;GO;http://portal.iphan.gov.br/go/videos
O Tambor de Crioula do Maranhão é um bem cultural registrado em 20/11/2007 e esse vídeo foi produzido para o dossiê de registro do Tambor de Crioula.;http://www.youtube.com/watch?v=2t9Ulg2RsFY;TAMBOR DE CRIOULA NO MARANHÃO - PARTE 2;MA;http://portal.iphan.gov.br/ma/videos
O Tambor de Crioula do Maranhão é um bem cultural registrado em 20/11/2007 e esse vídeo foi produzido para o dossiê de registro do Tambor de Crioula.;http://www.youtube.com/watch?v=okMhowSfvbY;TAMBOR DE CRIOULA NO MARANHÃO  - PARTE 1;MA;http://portal.iphan.gov.br/ma/videos
O Tambor de Crioula do Maranhão é um bem cultural registrado em 20/11/2007 e esse vídeo foi produzido para o dossiê de registro do Tambor de Crioula.;http://www.youtube.com/watch?v=okMhowSfvbY;TAMBOR DE CRIOULA NO MARANHÃO  - PARTE 1;MA;http://portal.iphan.gov.br/ma/videos
O Tambor de Crioula do Maranhão é um bem cultural registrado em 20/11/2007 e esse vídeo foi produzido para o dossiê de registro do Tambor de Crioula.;http://www.youtube.com/watch?v=okMhowSfvbY;TAMBOR DE CRIOULA NO MARANHÃO  - PARTE 1;MA;http://portal.iphan.gov.br/ma/videos
O Tambor de Crioula do Maranhão é um bem cultural registrado em 20/11/2007 e esse vídeo foi produzido para o dossiê de registro do Tambor de Crioula.;http://www.youtube.com/watch?v=okMhowSfvbY;TAMBOR DE CRIOULA NO MARANHÃO  - PARTE 1;MA;http://portal.iphan.gov.br/ma/videos
O Tambor de Crioula do Maranhão é um bem cultural registrado em 20/11/2007 e esse vídeo foi produzido para o dossiê de registro do Tambor de Crioula.;http://www.youtube.com/watch?v=okMhowSfvbY;TAMBOR DE CRIOULA NO MARANHÃO  - PARTE 1;MA;http://portal.iphan.gov.br/ma/videos
O Tambor de Crioula do Maranhão é um bem cultural registrado em 20/11/2007 e esse vídeo foi produzido para o dossiê de registro do Tambor de Crioula.;http://www.youtube.com/watch?v=okMhowSfvbY;TAMBOR DE CRIOULA NO MARANHÃO  - PARTE 1;MA;http://portal.iphan.gov.br/ma/videos
O Tambor de Crioula do Maranhão é um bem cultural registrado em 20/11/2007 e esse vídeo foi produzido para o dossiê de registro do Tambor de Crioula.;http://www.youtube.com/watch?v=okMhowSfvbY;TAMBOR DE CRIOULA NO MARANHÃO  - PARTE 1;MA;http://portal.iphan.gov.br/ma/videos
O Tambor de Crioula do Maranhão é um bem cultural registrado em 20/11/2007 e esse vídeo foi produzido para o dossiê de registro do Tambor de Crioula.;http://www.youtube.com/watch?v=okMhowSfvbY;TAMBOR DE CRIOULA NO MARANHÃO  - PARTE 1;MA;http://portal.iphan.gov.br/ma/videos
O Tambor de Crioula do Maranhão é um bem cultural registrado em 20/11/2007 e esse vídeo foi produzido para o dossiê de registro do Tambor de Crioula.;http://www.youtube.com/watch?v=okMhowSfvbY;TAMBOR DE CRIOULA NO MARANHÃO  - PARTE 1;MA;http://portal.iphan.gov.br/ma/videos
;http://www.youtube.com/watch?v=TJmsGUbgVK8;OFÍCIO DE SINEIRO E TOQUE DOS SINOS EM MINAS GERAIS;MG;http://portal.iphan.gov.br/mg/videos
Também conhecido como Maracatu de Baque Virado, com a grande maioria dos grupos concentrada nas comunidades de bairros periféricos da Região Metropolitana de Recife, o Maracatu Nação é uma forma de expressão que apresenta um conjunto musical percussivo e um cortejo real, que sai às ruas para desfiles e apresentações durante o carnaval.;http://www.youtube.com/watch?v=r4ys2SHXJJM;MARACATU NAÇÃO;MG;http://portal.iphan.gov.br/mg/videos
;http://www.youtube.com/watch?v=FDvVa_4sv3Q;FANDANGO CAIÇARA;MG;http://portal.iphan.gov.br/mg/videos
;http://www.youtube.com/watch?v=nMzjXWQNS8E;INVENTÁRIO DAS MATRIZES DO SAMBA NO RIO DE JANEIRO;MG;http://portal.iphan.gov.br/mg/videos
;http://www.youtube.com/watch?v=nMzjXWQNS8E;INVENTÁRIO DAS MATRIZES DO SAMBA NO RIO DE JANEIRO;MG;http://portal.iphan.gov.br/mg/videos
;http://www.youtube.com/watch?v=nMzjXWQNS8E;INVENTÁRIO DAS MATRIZES DO SAMBA NO RIO DE JANEIRO;MG;http://portal.iphan.gov.br/mg/videos
;http://www.youtube.com/watch?v=nMzjXWQNS8E;INVENTÁRIO DAS MATRIZES DO SAMBA NO RIO DE JANEIRO;MG;http://portal.iphan.gov.br/mg/videos
;http://www.youtube.com/watch?v=nMzjXWQNS8E;INVENTÁRIO DAS MATRIZES DO SAMBA NO RIO DE JANEIRO;MG;http://portal.iphan.gov.br/mg/videos
;http://www.youtube.com/watch?v=nMzjXWQNS8E;INVENTÁRIO DAS MATRIZES DO SAMBA NO RIO DE JANEIRO;MG;http://portal.iphan.gov.br/mg/videos
;http://www.youtube.com/watch?v=nMzjXWQNS8E;INVENTÁRIO DAS MATRIZES DO SAMBA NO RIO DE JANEIRO;MG;http://portal.iphan.gov.br/mg/videos
;http://www.youtube.com/watch?v=nMzjXWQNS8E;INVENTÁRIO DAS MATRIZES DO SAMBA NO RIO DE JANEIRO;MG;http://portal.iphan.gov.br/mg/videos
;http://www.youtube.com/watch?v=nMzjXWQNS8E;INVENTÁRIO DAS MATRIZES DO SAMBA NO RIO DE JANEIRO;MG;http://portal.iphan.gov.br/mg/videos
;http://www.youtube.com/watch?v=nMzjXWQNS8E;INVENTÁRIO DAS MATRIZES DO SAMBA NO RIO DE JANEIRO;MG;http://portal.iphan.gov.br/mg/videos
;http://www.youtube.com/watch?v=nMzjXWQNS8E;INVENTÁRIO DAS MATRIZES DO SAMBA NO RIO DE JANEIRO;MG;http://portal.iphan.gov.br/mg/videos
;http://www.youtube.com/watch?v=nMzjXWQNS8E;INVENTÁRIO DAS MATRIZES DO SAMBA NO RIO DE JANEIRO;MG;http://portal.iphan.gov.br/mg/videos
"Vídeo produzido com recursos Instituto do Patrimônio Histórico e Artístico Nacional (Iphan-MinC), disponibilizado para o projeto de Inventário de Referências Culturais do Erval Sulmatrogrossense.

Realização:
Departamento de Patrimônio Imaterial - DPI/Iphan
Superintendência do Iphan no Mato Grosso do Sul
Direção, Roteriro e Pesquisa: Lilian Solá Santiago
Produção Executiva: Gabriela Ferrite
Execução: Terra Firme Digital";http://www.youtube.com/watch?v=7T8mwWWXagQ;RODA O TERERÊ - A ERVA-MATE NO MATO GROSSO DO SUL;MS;http://portal.iphan.gov.br/ms/videos
"Documentário produzido com o apoio do Edital de Apoio à Produção de Documentários Etnográficos sobre o Patrimônio Cultural Imaterial (Etnodoc). Edison migra para Campo Grande (MS) com a família; Guilherme deixa a aldeia para estudar; Eliseu, para trabalhar. Três histórias de vida que se interligam na cidade em meio a tantas outras experiências que se dividem entre o encanto das possibilidades e o terror do preconceito. Como ser índio na cidade?

Ficha técnica
Ano: 2011
Direção: Aline Espíndola e Cristiano Navarro
Roteiro: Cristiano Navarro
Produção: Adler Paz
Duração: 26 minutos
Apoio: Iphan/CNFCP";http://www.youtube.com/watch?v=ctRicNW-vxc;DO BUGRE AO TERENA;MS;http://portal.iphan.gov.br/ms/videos
"Documentário produzido com o apoio do Edital de Apoio à Produção de Documentários Etnográficos sobre o Patrimônio Cultural Imaterial (Etnodoc). Edison migra para Campo Grande (MS) com a família; Guilherme deixa a aldeia para estudar; Eliseu, para trabalhar. Três histórias de vida que se interligam na cidade em meio a tantas outras experiências que se dividem entre o encanto das possibilidades e o terror do preconceito. Como ser índio na cidade?

Ficha técnica
Ano: 2011
Direção: Aline Espíndola e Cristiano Navarro
Roteiro: Cristiano Navarro
Produção: Adler Paz
Duração: 26 minutos
Apoio: Iphan/CNFCP";http://www.youtube.com/watch?v=ctRicNW-vxc;DO BUGRE AO TERENA;MS;http://portal.iphan.gov.br/ms/videos
"Documentário produzido com o apoio do Edital de Apoio à Produção de Documentários Etnográficos sobre o Patrimônio Cultural Imaterial (Etnodoc). Edison migra para Campo Grande (MS) com a família; Guilherme deixa a aldeia para estudar; Eliseu, para trabalhar. Três histórias de vida que se interligam na cidade em meio a tantas outras experiências que se dividem entre o encanto das possibilidades e o terror do preconceito. Como ser índio na cidade?

Ficha técnica
Ano: 2011
Direção: Aline Espíndola e Cristiano Navarro
Roteiro: Cristiano Navarro
Produção: Adler Paz
Duração: 26 minutos
Apoio: Iphan/CNFCP";http://www.youtube.com/watch?v=ctRicNW-vxc;DO BUGRE AO TERENA;MS;http://portal.iphan.gov.br/ms/videos
"Documentário produzido com o apoio do Edital de Apoio à Produção de Documentários Etnográficos sobre o Patrimônio Cultural Imaterial (Etnodoc). Edison migra para Campo Grande (MS) com a família; Guilherme deixa a aldeia para estudar; Eliseu, para trabalhar. Três histórias de vida que se interligam na cidade em meio a tantas outras experiências que se dividem entre o encanto das possibilidades e o terror do preconceito. Como ser índio na cidade?

Ficha técnica
Ano: 2011
Direção: Aline Espíndola e Cristiano Navarro
Roteiro: Cristiano Navarro
Produção: Adler Paz
Duração: 26 minutos
Apoio: Iphan/CNFCP";http://www.youtube.com/watch?v=ctRicNW-vxc;DO BUGRE AO TERENA;MS;http://portal.iphan.gov.br/ms/videos
"Documentário produzido com o apoio do Edital de Apoio à Produção de Documentários Etnográficos sobre o Patrimônio Cultural Imaterial (Etnodoc). Edison migra para Campo Grande (MS) com a família; Guilherme deixa a aldeia para estudar; Eliseu, para trabalhar. Três histórias de vida que se interligam na cidade em meio a tantas outras experiências que se dividem entre o encanto das possibilidades e o terror do preconceito. Como ser índio na cidade?

Ficha técnica
Ano: 2011
Direção: Aline Espíndola e Cristiano Navarro
Roteiro: Cristiano Navarro
Produção: Adler Paz
Duração: 26 minutos
Apoio: Iphan/CNFCP";http://www.youtube.com/watch?v=ctRicNW-vxc;DO BUGRE AO TERENA;MS;http://portal.iphan.gov.br/ms/videos
A Viola-de-Cocho é um instrumento musical singular quanto à forma e sonoridade, produzido exclusivamente de forma artesanal, com a utilização de matérias-primas existentes na Região Centro-Oeste do Brasil. O seu modo de fazer foi registrado no Livro dos Saberes em 14/01/2005 pelo Iphan.;http://www.youtube.com/watch?v=MQHEev7vTgM;MODO DE FAZER VIOLA DE COCHO - PARTE 3;MT;http://portal.iphan.gov.br/mt/videos
A Viola-de-Cocho é um instrumento musical singular quanto à forma e sonoridade, produzido exclusivamente de forma artesanal, com a utilização de matérias-primas existentes na Região Centro-Oeste do Brasil. O seu modo de fazer foi registrado no Livro dos Saberes em 14/01/2005 pelo Iphan.;http://www.youtube.com/watch?v=LlRq7HmMjrU;MODO DE FAZER VIOLA DE COCHO - PARTE 2;MT;http://portal.iphan.gov.br/mt/videos
A Viola-de-Cocho é um instrumento musical singular quanto à forma e sonoridade, produzido exclusivamente de forma artesanal, com a utilização de matérias-primas existentes na Região Centro-Oeste do Brasil. O seu modo de fazer foi registrado no Livro dos Saberes em 14/01/2005 pelo Iphan.;http://www.youtube.com/watch?v=nxjdeS_NX6o;MODO DE FAZER VIOLA DE COCHO - PARTE 1;MT;http://portal.iphan.gov.br/mt/videos
;http://www.youtube.com/watch?v=O1OxWWPkxmo;YAÕKWA - 2009;MT;http://portal.iphan.gov.br/mt/videos
"Documentário produzido com o apoio do Edital de Apoio à Produção de Documentários Etnográficos sobre o Patrimônio Cultural Imaterial (Etnodoc). O documentário focaliza uma busca dupla: a luta de um homem solitário que percebe ser necessário documento de identidade para alcançar a nacionalidade brasileira, mesmo sendo ele um índio. E, por outro lado, a luta coletiva do povo Chiquitano, que atravessa um conflito de identidade étnica, mas vem buscando a demarcação de suas terras tradicionais apesar das pressões que sofrem dos políticos do Mato Grosso e dos grandes fazendeiros e pecuaristas da região. O filme ainda envereda pelas questões da fronteira Brasil-Bolívia.

Ficha técnica
Ano: 2011
Direção: Aluízio de Azevedo e Glória Albues.
Roteiro: Glória Albues
Produção: Felipe QAlbues Martins
Duração: 26 minutos
Apoio: Iphan/CNFCP";http://www.youtube.com/watch?v=yQZN0QZ5ha0;MANUEL CHIQUITANO BRASILEIRO;MT;http://portal.iphan.gov.br/mt/videos
A presidente do Instituto do Patrimônio Histórico e Artístico Nacional (Iphan), Kátia Bogéa, fala sobre o Dia do Patrimônio Histórico, celebrado em 17 de agosto.;http://www.youtube.com/watch?v=_dOd6LZF3kU;DIA NACIONAL DO PATRIMÔNIO HISTÓRICO;MT;http://portal.iphan.gov.br/mt/videos
;http://www.youtube.com/watch?v=BhIx_295DMA;VIDEO IPHAN PARA;PA;http://portal.iphan.gov.br/pa/videos
;http://www.youtube.com/watch?v=HxcDMdS25tA;27ª EDIÇÃO DO PRÊMIO RODRIGO MELO FRANCO DE ANDRADE;PA;http://portal.iphan.gov.br/pa/videos
;http://www.youtube.com/watch?v=vF9GuHjrUGo;PROGRAMA DE EDUCAÇÃO PATRIMONIAL PARA A ÁREA DO PROJETO SALOBO;PA;http://portal.iphan.gov.br/pa/videos
Esta experiência permitiu encontrar nas fontes dos fazeres tradicionais da cultura amazônica, o brinquedo popular de miriti, instrumentos legítimos de conscientização social para a preservação da memória coletiva e do patrimônio histórico arquitetônico de Belém.;http://www.youtube.com/watch?v=CEJyy3EcCy0;GIRÂNDOLA - MEMÓRIA EM MIRITI;PA;http://portal.iphan.gov.br/pa/videos
;http://www.youtube.com/watch?v=KvSzaDs8Igk;EDUCAÇÃO PATRIMONIAL EM ABAETETUBA E MOJU PA - 2003 A 2007;PA;http://portal.iphan.gov.br/pa/videos
;http://www.youtube.com/watch?v=4_Jo3r4ahw0;MODOS DE FAZER CUIAS NO BAIXO AMAZONAS/PA;PA;http://portal.iphan.gov.br/pa/videos
;http://www.youtube.com/watch?v=FxkYwFjnwzM;FESTIVIDADES DO GLORIOSO SÃO SEBASTIÃO NA REGIÃO DO MARAJÓ;PA;http://portal.iphan.gov.br/pa/videos
;http://www.youtube.com/watch?v=7ReTS09_PpQ;CARIMBÓ;PA;http://portal.iphan.gov.br/pa/videos
"Documentário produzido com o apoio do Edital de Apoio à Produção de Documentários Etnográficos sobre o Patrimônio Cultural Imaterial (Etnodoc). Durante a quadra junina, na cidade de Belém do Pará, os Pássaros Juninos interpretam as óperas populares ou operetas O documentário registra essa manifestação feita por pessoas simples, carismáticas, com o desejo de se expressarem por meio do teatro e que fazem das apresentações um dos momentos mais intensos de suas vidas.

Ficha técnica
Ano: 2011
Direção e roteiro: Adriano Barroso
Produção: Jorane Castro
Duração: 26 minutos
Apoio: Iphan/CNFCP";http://www.youtube.com/watch?v=XIfCNObnidQ;ÓPERA CABOCLA;PA;http://portal.iphan.gov.br/pa/videos
"Documentário produzido com o apoio do Edital de Apoio à Produção de Documentários Etnográficos sobre o Patrimônio Cultural Imaterial (Etnodoc). Os vaqueiros do Marajó são a força que mantém uma tradição viva: seja a resistência física, o amor à família, o trabalho nas águas, a doma dos animais e a fé, seja em São Sebastião ou no Cabloco Boaventura.

Ficha técnica
Ano: 2011
Direção: Marcia Paraiso e Ralf Tambke
Roteiro e produção: Marcia Paraiso
Duração: 26 minutos
Apoio: Iphan/CNFCP";http://www.youtube.com/watch?v=e909UBPd_KE;VAQUEIROS E ENCANTADOS;PA;http://portal.iphan.gov.br/pa/videos
A presidente do Instituto do Patrimônio Histórico e Artístico Nacional (Iphan), Kátia Bogéa, fala sobre o Dia do Patrimônio Histórico, celebrado em 17 de agosto.;http://www.youtube.com/watch?v=_dOd6LZF3kU;DIA NACIONAL DO PATRIMÔNIO HISTÓRICO;PA;http://portal.iphan.gov.br/pa/videos
;http://www.youtube.com/watch?v=AkkViaVMC80;PESSOAS E PERTENCIMENTOS;PB;http://portal.iphan.gov.br/pb/videos
;http://www.youtube.com/watch?v=FVGSwMzIf1M;27ª EDIÇÃO DO PRÊMIO RODRIGO MELO FRANCO DE ANDRADE - PB;PB;http://portal.iphan.gov.br/pb/videos
A presidente do Instituto do Patrimônio Histórico e Artístico Nacional (Iphan), Kátia Bogéa, fala sobre o Dia do Patrimônio Histórico, celebrado em 17 de agosto.;http://www.youtube.com/watch?v=_dOd6LZF3kU;DIA NACIONAL DO PATRIMÔNIO HISTÓRICO;PB;http://portal.iphan.gov.br/pb/videos
A capoeira é uma prática cultural afro-brasileira multifacetada. Ao mesmo tempo que é luta é também dança. É compreendida como folclore, esporte e até como arte. A roda é onde acontece o jogo. Duas dimensões estão sempre presentes: O lado lúdico da festa, da brincadeira e o outro da resistência da reação contra o sistema opressor;http://www.youtube.com/watch?v=_HeWO3vmCXY;RODA DE CAPOEIRA - PATRIMÔNIO CULTURAL IMATERIAL DA HUMANIDADE;PB;http://portal.iphan.gov.br/pb/videos
27ª Edição do Prêmio Rodrigo Melo Franco de Andrade 2014;http://www.youtube.com/watch?v=6CfjSvfgTuE;DOCUMENTÁRIO PRÊMIO RODRIGO MELO FRANCO DE ANDRADE 2014;PB;http://portal.iphan.gov.br/pb/videos
"Categoria
Educação
Música neste vídeo
Saiba mais
Ouça músicas sem anúncios com o YouTube Premium
Música
Dolente
Artista
Jacob Do Bandolim
Álbum
Caixa Jacob Do Bandolim
Licenciado para o YouTube por
SME (em nome de RCA Records Label) e 1 associações de direitos musicais
Música
Sabiá / Numa Sala de Rebouco / Xote das Meninas
Artista
Dominguinhos
Álbum
Cada um Belisca um Pouco
Licenciado para o YouTube por
The Orchard Music (em nome de Biscoito Fino); UNIAO BRASILEIRA DE EDITORAS DE MUSICA - UBEM, BMI - Broadcast Music Inc., UMPG Publishing, EMI Music Publishing, LatinAutor - PeerMusic, LatinAutor - UMPG, LatinAutor e 4 associações de direitos musicais";http://www.youtube.com/watch?v=TJI8R58Cu0k;27ª EDIÇÃO DO PRÊMIO RODRIGO MELO FRANCO DE ANDRADE 2014;PB;http://portal.iphan.gov.br/pb/videos
Memórias e Colaborações através do Audiovisual;http://www.youtube.com/watch?v=FVGSwMzIf1M;27ª EDIÇÃO DO PRÊMIO RODRIGO MELO FRANCO DE ANDRADE - PB;PB;http://portal.iphan.gov.br/pb/videos
Uma brincadeira popular envolvendo performances dramáticas, musicais e coreográficas é o que caracteriza o Cavalo-Marinho, apresentado durante o ciclo natalino. Ceus brincadores são, em geral, trabalhadores da Zona da Mata, mas também ecoa na região metropolitana de Recife e de João Pessoa (PB), entre outras localidades. No passado, era realizado nos engenhos de cana-de-açúcar e seu conhecimento é transmitido de forma oral.;http://www.youtube.com/watch?v=EVOZAf4vucY;CAVALO-MARINHO;PB;http://portal.iphan.gov.br/pb/videos
"O Frevo é um estilo musical de Pernambuco, que foi registrado como Bem Imaterial pelo Iphan em 28/02/2007, sendo reconhecido assim, como um bem brasileiro, patrimônio de nossa cultura.
Esta é a segunda parte do vídeo produzido para o registro deste bem.";http://www.youtube.com/watch?v=A6o57BcRGyU;FREVO - PARTE 2;PE;http://portal.iphan.gov.br/pe/videos
"O Frevo é um estilo musical de Pernambuco, que foi registrado como Bem Imaterial pelo Iphan em 28/02/2007, sendo reconhecido assim, como um bem brasileiro, patrimônio de nossa cultura.
Esta é a primeira parte do vídeo produzido para o registro deste bem.";http://www.youtube.com/watch?v=GXX07qbl7Vg;FREVO - PARTE 1;PE;http://portal.iphan.gov.br/pe/videos
;http://www.youtube.com/watch?v=MDzm54ihthg;BURLE MARX - JARDINS DO RECIFE;PE;http://portal.iphan.gov.br/pe/videos
;http://www.youtube.com/watch?v=BivSsczz4Tk;FEIRA DE CARUARU;PE;http://portal.iphan.gov.br/pe/videos
O folguedo conhecido por Maracatu de Baque Solto, maracatu de orquestra, maracatu de trombone, maracatu de baque singelo ou maracatu rural ocorre durante as comemorações do Carnaval e da Páscoa. É composto por dança, música, poesia e está associado ao ciclo canavieiro da Zona da Mata, também tem apresentações na Região Metropolitana do Recife e outras localidades.;http://www.youtube.com/watch?v=OlEcKMzCSoY;MARACATU DE BAQUE SOLTO;PE;http://portal.iphan.gov.br/pe/videos
Também conhecido como Maracatu de Baque Virado, com a grande maioria dos grupos concentrada nas comunidades de bairros periféricos da Região Metropolitana de Recife, o Maracatu Nação é uma forma de expressão que apresenta um conjunto musical percussivo e um cortejo real, que sai às ruas para desfiles e apresentações durante o carnaval.;http://www.youtube.com/watch?v=r4ys2SHXJJM;MARACATU NAÇÃO;PE;http://portal.iphan.gov.br/pe/videos
"Os Bens Culturais de Natureza Imaterial dizem respeito àquelas práticas e domínios da vida social que se manifestam em saberes, ofícios e modos de fazer; celebrações; formas de expressão cênicas, plásticas, musicais ou lúdicas; e nos lugares (como mercados, feiras e santuários que abrigam práticas culturais coletivas).";http://www.youtube.com/watch?v=xbiRpzqeGZw;PATRIMÔNIOS IMATERIAIS - PARTE 2;PE;http://portal.iphan.gov.br/pe/videos
"Documentário produzido com o apoio do Edital de Apoio à Produção de Documentários Etnográficos sobre o Patrimônio Cultural Imaterial (Etnodoc). O documentário apresenta as polêmicas “biografias” de Dona Joventina, boneca do maracatu Estrela Brilhante. A escultura de madeira escura ficou durante 30 anos (1965-1996) sob a posse da pesquisadora Katarina Real, antes de ser doada ao acervo do Museu do Homem do Nordeste, em Recife. Hoje, existem duas nações de maracatu que se denominam Estrela Brilhante e que de formas distintas reivindicam a posse e a retirada da boneca do museu. Uma nação fica localizada no Alto José do Pinho, na cidade do Recife, e a outra, em Igarassu, antigo município dos arredores da capital. O filme registra a visita das duas nações ao museu, buscando mostrar os sentimentos e os usos dos diferentes sujeitos envolvidos com Dona Joventina e outras bonecas de maracatu.

Ficha técnica
Ano: 2009
Direção: Clarisse Kublusly e Milena Sá
Produção executiva: Murilo Saroldi
Duração: 26 minutos
Apoio: Iphan/CNFCP";http://www.youtube.com/watch?v=AEdVIAWZ-0g;DONA JOVENTINA;PE;http://portal.iphan.gov.br/pe/videos
A presidente do Instituto do Patrimônio Histórico e Artístico Nacional (Iphan), Kátia Bogéa, fala sobre o Dia do Patrimônio Histórico, celebrado em 17 de agosto.;http://www.youtube.com/watch?v=_dOd6LZF3kU;DIA NACIONAL DO PATRIMÔNIO HISTÓRICO;PE;http://portal.iphan.gov.br/pe/videos
Do Buraco ao Mundo: Segredos, rituais e patrimônio de um quilombo-indígena (PE) – os costumes de um quilombo indígena são reconfigurados por jovens locais que misturam tradição e novas linguagens visuais.;http://www.youtube.com/watch?v=YtVCcSOALFU;28ª EDIÇÃO DO PRÊMIO RODRIGO MELO FRANCO DE ANDRADE;PE;http://portal.iphan.gov.br/pe/videos
"O Frevo é um estilo musical de Pernambuco, que foi registrado como Bem Imaterial pelo Iphan em 28/02/2007, sendo reconhecido assim, como um bem brasileiro, patrimônio de nossa cultura.
Esta é a segunda parte do vídeo produzido para o registro deste bem.";http://www.youtube.com/watch?v=A6o57BcRGyU;FREVO - PARTE 2;PE;http://portal.iphan.gov.br/pe/videos
"Anjos do Piauí, Arte Santeira - Mestres e Aprendizes.

Através da produção de diversos santeiros piauienses, vemos o ofício da arte como instrumento de transformação do artista e do mundo. A relação entre mestres e aprendizes estende-se como uma teia pelos bairros da capital piauiense, ampliando a prática tradicional ao mesmo tempo em que modifica a vida dos artistas e de suas famílias. A religiosidade transpira nas peças de fortes traços étnicos, ao mesmo tempo que anjos, de bigode e com roupas de soldado, transpõe, para sagrado, o cotidiano dos trabalhadores nordestinos.
O filme, dirigido por May Waddington, se insere nos esforços da produtora MW Projetos Socioambientais Ltda. em promover atividades de desenvolvimento ambiental e socialmente sustentável que se originem na criatividade de grupos tradicionais.";http://www.youtube.com/watch?v=u2Ji2vZugNc;ANJOS DO PIAUÍ;PI;http://portal.iphan.gov.br/pi/videos
As propostas de tombamento aqui apresentadas têm como objetivo não só preservar o acervo arquitetônico e urbanístico de algumas cidades do Piauí, ainda relativamente homogêneas, mas ser um instrumento de singularidade e desenvolvimento da região.;http://www.youtube.com/watch?v=oSsCc5cHwpA;PIAUÍ - HISTÓRIA, MEMÓRIA E PATROMÔNIO CULTURAL;PI;http://portal.iphan.gov.br/pi/videos
A Procissão de Nosso Senhor dos Passos ocorre na semana anterior à Paixão de Cristo. Numa via sacra em estilo português, os fiéis revivem os passos do Bom Jesus rumo ao Calvário. Muitos deles pagam promessas. Carregam ex-votos, cruzes, vestem-se de roxo ou percorrem as ruas com os pés descalços.;http://www.youtube.com/watch?v=ynQVzcAO91U;PASSOS DE OEIRAS;PI;http://portal.iphan.gov.br/pi/videos
"As comunidades quilombolas Custaneira e Tronco localizam-se no sudeste do estado do Piauí. Eram produtoiras de cana-de-açúcar durante o século XIX e primeiras décadas do XX. Atualmente, caracterizam-se pela extração do pó de carnaúba, matéria-prima para fabricação da cera abrigando os trabalhares - conhecidos por palheiros - que desenvolvem esse árduo trabalho. 
Durante esse período as gerações que viveram naquelas comunidades criaram a Lezeira: dança, musicas, batucadas, repertório e resistência à escravidão. A Lezeira pode ser considerada uma negação do eito, ou uma forma de suportar o trabalho que, naquela região, sempre foi executado diante das condições mais adversas. Por isso, pode ser entendida como uma atividade de luta contra a escravidão, ou de resistência às atividades degradantes de extração da palha de carnaúba nos dias atuais.
Esta documentação audiovisual da Lezeira é pioneira, em mais de cem anos de existência dessa manifestação cultural. Este registro é uma forma de documentar uma forma de expressão que possui fortes ligações com outras manifestações culturais das comunidades quilombolas, mas que possui originalidade de repertório, ritmo e dança. Uma singularidade que faz da Lezeira uma expressão desconhecida em outras regiões e não repetida por outros grupos, mesmo do Piauí. Trata-se do cruzamento entre trabalho, a religião (de matriz africana) e o profano, cujo registro audiovisual concederá subsídios para a salvaguarda desse patrimônio cultural das comunidades quilombolas.";http://www.youtube.com/watch?v=W6rBgzscjhw;LEZEIRA;PI;http://portal.iphan.gov.br/pi/videos
;http://www.youtube.com/watch?v=HDyfW54rmAc;CAJUÍNA - MODO DE FAZER CAJUÍNA;PI;http://portal.iphan.gov.br/pi/videos
"Documentário produzido com o apoio do Edital de Apoio à Produção de Documentários Etnográficos sobre o Patrimônio Cultural Imaterial (Etnodoc). Esse é um documentário musical e caipira que tem por matéria prima uma de nossas mais ricas e negligenciadas tradições artísticas: o calango, verso e canto de desafio do sudeste brasileiro. O filme caminha pelo vale do rio Paraíba do Sul com o mestre Alcides Isaú em busca do paradeiro do calango e dos calangueiros e revela essa tradição poética e musical da roça brasileira contando com a participação de mais de 60 calangueiros de Minas Gerais, Rio de Janeiro e São Paulo.

Ficha técnica
Ano: 2007
Direção e roteiro: Flávio Cândido
Produção: Lucia Seixas e Márcio Guimarães
Duração: 26 minutos
Apoio: Iphan/CNFCP";http://www.youtube.com/watch?v=iR0vJqmh_xw;CALANGOS E CALANGUEIROS;PI;http://portal.iphan.gov.br/pi/videos
A presidente do Instituto do Patrimônio Histórico e Artístico Nacional (Iphan), Kátia Bogéa, fala sobre o Dia do Patrimônio Histórico, celebrado em 17 de agosto.;http://www.youtube.com/watch?v=_dOd6LZF3kU;DIA NACIONAL DO PATRIMÔNIO HISTÓRICO;PI;http://portal.iphan.gov.br/pi/videos
"Casa térrea urbana construída entre 1842/1845 em alvenaria da pedra com paredes internas de estuque. O edifício apresenta cobertura de três águas, com beiral distinto em cada fachada: ""de cimalha"", com elegante perfil em argamassa na principal; de ""beira seveira"", executado com telhas sacadas do paramento da parede na lateral e, por fim, ""cachorrada"" sucessão de peças de madeira que sustenta as primeiras fiadas de telhas nos fundos. Nessa casa foi assinada a ata de rendição da cidade por ocasião do cerco à ela imposto, no início de 1894, pelos revolucionários federalistas oriundos do sul do Brasil. Abriga atualmente a sede do Museu- Casa Coronel Joaquim Lacerda.";http://www.youtube.com/watch?v=jTD68gapN14;CASA LACERDA;PR;http://portal.iphan.gov.br/pr/videos
Um retrato sobre os monumentos tombados pelo Iphan em Paranaguá/Paraná.;http://www.youtube.com/watch?v=If_3eyQmz54;PARANAGUÁ PEDRAS CONSTROEM HISTÓRIAS;PR;http://portal.iphan.gov.br/pr/videos
"Documentário produzido com o apoio do Edital de Apoio à Produção de Documentários Etnográficos sobre o Patrimônio Cultural Imaterial (Etnodoc). Documentário etnográfico observacional cujo foco central é a presença de Maria Bueno nos terreiros de umbanda e candomblé na região de Curitiba (PR), onde toma parte nos rituais de diferentes formas: sendo incorporada por um médium numa sessão de “mesa branca”, “dando consultas” na “linha de Egun”, tendo bênçãos realizadas em seu nome, além de sua imagem ter destaque nos congás (altares) e no “quarto de almas”. No Dia de Finados, em sua capela no Cemitério Municipal de Curitiba, onde é cultuada como santa não-canônica, pais e mães de santo misturam-se aos devotos católicos para gradecer por seu auxílio espiritual.

Ficha técnica
Ano: 2011
Direção: Gesline Giovana Braga e Otavio Zucon
Roteiro: Gesline Giovana Braga e Vanessa Durando
Produção executiva: Anderson Leandro da Silva e Danilson Pasin
Duração: 26 minutos
Apoio: Iphan/CNFCP";http://www.youtube.com/watch?v=T0gPswkZZSw;A SANTA DE CASA E O POVO DE SANTO;PR;http://portal.iphan.gov.br/pr/videos
A presidente do Instituto do Patrimônio Histórico e Artístico Nacional (Iphan), Kátia Bogéa, fala sobre o Dia do Patrimônio Histórico, celebrado em 17 de agosto.;http://www.youtube.com/watch?v=_dOd6LZF3kU;DIA NACIONAL DO PATRIMÔNIO HISTÓRICO;PR;http://portal.iphan.gov.br/pr/videos
"Categoria Salvaguarda de Bens de Natureza Imaterial
Ação: Mapeamento Social das Benzedeiras dos Municípios de São João do Triunfo e Rebouças do Estado do Paraná
Proponente: Movimento dos Aprendizes da Sabedoria -- MASA -- Irati/PR

Projeto Mapeamento Social das Benzedeiras dos municípios de São João do Triunfo e Rebouças no estado do Paraná, realizado pelo Movimento dos Aprendizes da Sabedoria da cidade de Irati/PR. Iniciou-se com o Mapeamento Social das Benzedeiras e a promoção de encontros comunitários e oficinas. Com a aprovação de Lei Municipal que reconhece os detentores de ofícios tradicionais de cura e permite o livre acesso às plantas medicinais, esse trabalho obteve o reconhecimento oficial, colaborando assim, para a construção de políticas públicas no campo do patrimônio imaterial.

Vídeo realizado pelos parceiros da Casa do Patrimônio de Ouro Preto - TV Ufop/Base Criativa - com a colaboração da Casa do Patrimônio da Chapada do Araripe.
Edição e Montagem:
Douglas Aparecido
Eduardo Moreira
Geuder Martins
Helio Filho

Videografismo:
Leo Lopes

Audio:
PC Belchior
André Magalhães
Voz:
Geuder Martins
Textos:
Vanessa Louise Batista (Casa do Patrrimônio da Cahapada do Araripe) e equipe Ceduc/Iphan (a partir das informações cedidas pelos premiados)
Categoria
Educação";http://www.youtube.com/watch?v=Mu6sT2-t0TA;MAPEAMENTO SOCIAL DAS BENZEDEIRAS;PR;http://portal.iphan.gov.br/pr/videos
"Prêmio Rodrigo Melo Franco de Andrade 
Categoria Pesquisa e Inventário de Acervos
Ação: Inventário da Arquitetura Residencial em Madeira
Proponente: Fábio Domingos Batista -- Curitiba-PR

Projeto Inventário da Arquitetura Residencial em Madeira de Curitiba/PR desenvolvido pelo arquiteto, Fábio Domingos Batista, reúne as residências erguidas entre o final do século XIX e a década de 1970. Apresentado em três publicações que documentam, com riqueza de detalhes, a ocorrência, o estudo tipológico e a localização dessa tradicional e diversificada arquitetura, a obra contribui para o registro deste famoso patrimônio.

Vídeo realizado pelos parceiros da Casa do Patrimônio de Ouro Preto - TV Ufop/Base Criativa - com a colaboração da Casa do Patrimônio da Chapada do Araripe.
Edição e Montagem:
Douglas Aparecido
Eduardo Moreira
Geuder Martins
Helio Filho

Videografismo:
Leo Lopes

Audio:
PC Belchior
André Magalhães
Voz:
Geuder Martins
Textos:
Vanessa Louise Batista (Casa do Patrrimônio da Cahapada do Araripe) e equipe Ceduc/Iphan (a partir das informações cedidas pelos premiados)
Categoria
Educação";http://www.youtube.com/watch?v=ndViIgtAJYI;INVENTÁRIO DA ARQUITETURA RESIDENCIAL EM MADEIRA;PR;http://portal.iphan.gov.br/pr/videos
"Documentário produzido pelo Iphan para o registro do samba no rio de janeiro: Partido Alto, Samba de Terreiro e Samba-enredo.
O registro deste bem cultural ocorreu em 20/11/2007.";http://www.youtube.com/watch?v=IPemK36hcL4;MATRIZES DO SAMBA NO RIO DE JANEIRO - PARTE 2;RJ;http://portal.iphan.gov.br/rj/videos
"Documentário produzido pelo Iphan para o registro do samba no rio de janeiro: Partido Alto, Samba de Terreiro e Samba-enredo.
O registro deste bem cultural ocorreu em 20/11/2007.";http://www.youtube.com/watch?v=0S9xgFa2I6Q;MATRIZES DO SAMBA NO RIO DE JANEIRO - PARTE 1;RJ;http://portal.iphan.gov.br/rj/videos
;http://www.youtube.com/watch?v=N9fVbWj0Wo0;27ª EDIÇÃO DO PRÊMIO RODRIGO MELO FRANCO DE ANDRADE - RJ;RJ;http://portal.iphan.gov.br/rj/videos
O  documentário sobre o arquiteto e urbanista Affonso Eduardo Reidy apresenta o surgimento da arquitetura moderna no Brasil, a habilitação social de alto nível e obras como o Museu de Arte Moderna e a urbanização do Aterro e parque do Flamengo, marcos da cidade do Rio de Janeiro, demonstrando como o urbanista e a arquitetura podem contribuir para estabelecer nas cidades um modo de vida mais civilizado e de maior contato do homem com a natureza.;http://www.youtube.com/watch?v=f6HQOEDArQM;YOUTUBE;RJ;http://portal.iphan.gov.br/rj/videos
Orfeão de Alunos e de Regentes de Corais de Escolas da Secretaria de Estado de Educação do Rio de Janeiro.;http://www.youtube.com/watch?v=w6T8Bhd1n5w;CANTO CORAL - IV CURSO DE CAPACITAÇÃO DE REGENTES - OFICINAS;RJ;http://portal.iphan.gov.br/rj/videos
Orfeão de Alunos e de Regentes de Corais de Escolas da Secretaria de Estado de Educação do Rio de Janeiro.;http://www.youtube.com/watch?v=6yWoZ4y0c3s;CANTO CORAL - IV CURSO DE CAPACITAÇÃO DE REGENTES - DOCUMENTÁRIO;RJ;http://portal.iphan.gov.br/rj/videos
;http://www.youtube.com/watch?v=IAKWqJldE9Q;ILÉ OMIOJÚÀRÒ;RJ;http://portal.iphan.gov.br/rj/videos
;http://www.youtube.com/watch?v=4RIlc98rQIs;INVENTÁRIO PARA REGISTRO E SALVAGUARDA DA CAPOEIRA COMO PATROMÔNIO CULTURAL DO BRASIL;RJ;http://portal.iphan.gov.br/rj/videos
;http://www.youtube.com/watch?v=nMzjXWQNS8E;INVENTÁRIO DAS MATRIZES DO SAMBA NO RIO DE JANEIRO;RJ;http://portal.iphan.gov.br/rj/videos
Em Paraty, a Festa do Divino vem incorporando outros ritos e representações que agregam elementos próprios e específicos relacionados à história e à formação de sua sociedade. É uma celebração profundamente enraizada no cotidiano dos moradores, um espaço de reiteração de sua identidade e determinante dos padrões de sociabilidade local.;http://www.youtube.com/watch?v=j4zb2SylGGk;FESTA DO DIVINO ESPÍRITO SANTO DA CIDADE DE PARATY/RJ;RJ;http://portal.iphan.gov.br/rj/videos
um tradicional bairro nobre da Zona Sul da cidade do Rio de Janeiro. Tendo como pontos turísticos o Morro do Pão de Açúcar e o Morro da Urca.;http://www.youtube.com/watch?v=pVAPmuPRmaA;URCA - BEM DO BRASÍL;RJ;http://portal.iphan.gov.br/rj/videos
A presidente do Instituto do Patrimônio Histórico e Artístico Nacional (Iphan), Kátia Bogéa, fala sobre o Dia do Patrimônio Histórico, celebrado em 17 de agosto.;http://www.youtube.com/watch?v=_dOd6LZF3kU;DIA NACIONAL DO PATRIMÔNIO HISTÓRICO;RN;http://portal.iphan.gov.br/rn/videos
A presidente do Instituto do Patrimônio Histórico e Artístico Nacional (Iphan), Kátia Bogéa, fala sobre o Dia do Patrimônio Histórico, celebrado em 17 de agosto.;http://www.youtube.com/watch?v=_dOd6LZF3kU;DIA NACIONAL DO PATRIMÔNIO HISTÓRICO;RO;http://portal.iphan.gov.br/ro/videos
A capoeira é uma prática cultural afro-brasileira multifacetada. Ao mesmo tempo que é luta é também dança. É compreendida como folclore, esporte e até como arte. A roda é onde acontece o jogo. Duas dimensões estão sempre presentes: O lado lúdico da festa, da brincadeira e o outro da resistência da reação contra o sistema opressor;http://www.youtube.com/watch?v=_HeWO3vmCXY;RODA DE CAPOEIRA - PATRIMÔNIO CULTURAL IMATERIAL DA HUMANIDADE;RO;http://portal.iphan.gov.br/ro/videos
;http://www.youtube.com/watch?v=O1OxWWPkxmo;YAÕKWA - 2009;RO;http://portal.iphan.gov.br/ro/videos
A presidente do Instituto do Patrimônio Histórico e Artístico Nacional (Iphan), Kátia Bogéa, fala sobre o Dia do Patrimônio Histórico, celebrado em 17 de agosto.;http://www.youtube.com/watch?v=_dOd6LZF3kU;DIA NACIONAL DO PATRIMÔNIO HISTÓRICO;RR;http://portal.iphan.gov.br/rr/videos
A capoeira é uma prática cultural afro-brasileira multifacetada. Ao mesmo tempo que é luta é também dança. É compreendida como folclore, esporte e até como arte. A roda é onde acontece o jogo. Duas dimensões estão sempre presentes: O lado lúdico da festa, da brincadeira e o outro da resistência da reação contra o sistema opressor;http://www.youtube.com/watch?v=_HeWO3vmCXY;RODA DE CAPOEIRA - PATRIMÔNIO CULTURAL IMATERIAL DA HUMANIDADE;RR;http://portal.iphan.gov.br/rr/videos
A presidente do Instituto do Patrimônio Histórico e Artístico Nacional (Iphan), Kátia Bogéa, fala sobre o Dia do Patrimônio Histórico, celebrado em 17 de agosto.;http://www.youtube.com/watch?v=_dOd6LZF3kU;DIA NACIONAL DO PATRIMÔNIO HISTÓRICO;RS;http://portal.iphan.gov.br/rs/videos
"Sem matas para caçar e sem terras para plantar, os Mbya-Guarani dependem da venda do seu artesanato para sobreviver.
Três jovens realizadores Guarani acompanham o dia-a-dia de duas comunidades unidas pela mesma história, do primeiro contato com os europeus até o intenso convívio com os brancos de hoje.";http://www.youtube.com/watch?v=R45trSTOPbQ;MOKOI TEKOÁ PETEI JEGUATÁ - DUAS ALDEIAS, UMA CAMINHADA;RS;http://portal.iphan.gov.br/rs/videos
"Documentário produzido com o apoio do Edital de Apoio à Produção de Documentários Etnográficos sobre o Patrimônio Cultural Imaterial (Etnodoc). Documentário sobre contadores de causos/cuentos que habitam a tríplice fronteira entre o Brasil, o Uruguai e a Argentina. A narrativa audiovisual explora as nuances e a riqueza dessa manifestação expressiva, com um enfoque especial para os seus protagonistas, os contadores, e suas particulares performances. São privilegiados os encontros entre os habitantes da região, muitos deles casais de diferentes nacionalidades, famílias ou grupos de amigos que em “roda de causos” multiculturais revelam, por meio de suas histórias, as riquezas e peculiaridades que caracterizam o viver “na fronteira”. João Emílio, Don Chico, Seu Napoleão, Dona Lira, Nelson e Morocha são alguns dos narradores que conduzem com sensibilidade e bom humor o espectador pelo universo dos causos fronteiriços.

Ficha técnica
Ano: 2009
Direção: Luciana Hartmann
Roteiro: Marcelo Esteves
Produtora: Sonare Audiovisual/ Francieli Rebelatto
Duração: 26 minutos
Apoio: Iphan/CNFCP";http://www.youtube.com/watch?v=nParDOtQpWw;PALAVRAS SEM FRONTEIRA – TRADIÇÕES ORAIS NOS LIMITES DO BRASIL;RS;http://portal.iphan.gov.br/rs/videos
"Documentário produzido com o apoio do Edital de Apoio à Produção de Documentários Etnográficos sobre o Patrimônio Cultural Imaterial (Etnodoc). O etnodocumentário mostra uma parte pouco conhecida da cultura do Rio Grande do Sul que foi construída pelos africanos em torno da religiosidade dos orixás. Conhecido como batuque ou nação, a religião africana moldou a identidade gaúcha que carrega várias referências africanas, desde as palavras, comidas, danças, música e espiritualidade. Esse filme expõe a ancestralidade africana contemporânea que molda o modo de vida e as relações sociais dos que são filhos de santo e dos que não são.

Ficha técnica
Ano: 2011
Direção: Sérgio Valetim e Eugênio Alencar
Roteiro: Sérgio Valetim e Thais Fernandes
Produção: Sarah Brito, Sérgio Valetim, Eugênio Alencar e Sarah Brito
Duração: 26 minutos
Apoio: Iphan/CNFCP";http://www.youtube.com/watch?v=zd9L0q-um6I;O BATUQUE GAUCHO;RS;http://portal.iphan.gov.br/rs/videos
"Documentário produzido com o apoio do Edital de Apoio à Produção de Documentários Etnográficos sobre o Patrimônio Cultural Imaterial (Etnodoc). Pelos caminhos nevoentos de Antônio Prado, na serra do Rio Grande do Sul, à beira das estradas e dos parreirais cobertos pela geada, os capitéis – pequenos oratórios erguidos por imigrantes italianos e seus descendentes – evocam memórias vivas da fé e dos sonhos de uma gente que desenhou uma paisagem particular no mosaico cultural do Brasil; uma gente que soube entregar-se, a seu jeito, aos mistérios da vida e da identidade brasileira.

Ficha técnica
Ano: 2007
Direção: Nivaldo Pereiria e André Costantin
Produção: Transe/Fernando Roveda
Duração: 26 minutos
Apoio: Iphan/CNFCP";http://www.youtube.com/watch?v=JOaCwvVxc0M;SE MILAGRES DESEJAIS;RS;http://portal.iphan.gov.br/rs/videos
A Tava, Lugar de Referência para o Povo Guarani, que se localiza no Sítio São Miguel das Missões (RS) é é de suma importância por ser o local onde viveram os antepassados deste povo. É também um lugar de referência por ser um espaço vivo que articula concepções relativas ao bem-viver, integra narrativas sobre a trajetória dos Guarani-Mbyá e é diariamente vivenciada como lugar de atividades diversas e de aprendizado para os jovens.;http://www.youtube.com/watch?v=wVH5MUF01Uo;TAVA, LUGAR DE REFERÊNCIA PARA O POVO GUARANI;RS;http://portal.iphan.gov.br/rs/videos
;http://www.youtube.com/watch?v=ZLEiFQa22Ho;LAS REDUCCIONES JESUITICAS DE SAN IGNACIO MINI;RS;http://portal.iphan.gov.br/rs/videos
Ação do Rio Grande do Sul, premiada na 29ª Edição do Prêmio Rodrigo;http://www.youtube.com/watch?v=4cNG1arYPII;DIA DO PATRIMÔNIO;RS;http://portal.iphan.gov.br/rs/videos
"A costa catarinense, além de sua beleza natural exuberante, guarda remanescentes de populações que nela viveram há muitos anos atrás. Seu modo de vida, bem diferente do nosso e das populações indígenas que também habitaram essa região, está evidente nos locais onde viveram, pois tinham o hábito de construir montes de conchas sobre os quais moravam ou enterravam seus habitantes como sambaquianos.
Na região da Baía da Babitonga há registro de 160 deles, aproximadamente. Além das conchas e dos ossos, estes sítios arqueológicos encerram muitos outros vestígios que preservados e estudados permitem entender cada vez mais estes povos e a nossa história. A compreensão da importância deste patrimônio e de sua preservação depende de ações que tratem do tema com seriedade. Este vídeo educativo vem ajudar nesta missão.";http://www.youtube.com/watch?v=QIHJhTadvyA;SAMBAQUIANOS   NOSSO POVO, NOSSA HISTÓRIA;SC;http://portal.iphan.gov.br/sc/videos
Este documentário valoriza a voz da comunidade quilombola São Roque (Praia Grande/SC), a partir de algumas narrativas selecionadas em um vasto campo que compõe o universo de suas referências culturais. Aparecem nele narrativas associadas ao tempo dos escravos, às formas de ocupação e divisão das terras (denominadas 'grotas') e aos personagens sobrenaturais. Os lugares e as formas de expressão estão presentes e constituem parte da cultura quilombola de uma comunidade em processo de reconhecimento de seus direitos territoriais e culturais.;http://www.youtube.com/watch?v=Jkqi_33L7So;COMUNIDADE SÃO ROQUE;SC;http://portal.iphan.gov.br/sc/videos
;http://www.youtube.com/watch?v=HGE3orSdTHY;CINE MUSSI - DE VOLTA PARA O FUTURO - DOCUMENTÁRIO;SC;http://portal.iphan.gov.br/sc/videos
"Documentário produzido com o apoio do Edital de Apoio à Produção de Documentários Etnográficos sobre o Patrimônio Cultural Imaterial (Etnodoc). O documentário retrata a história de uma sociedade singular, constituída de botos e homens. Ao longo de gerações, em Laguna, Santa Catarina, pescadores protagonizaram, juntamente com a espécie de boto Tursiops Truncatus, a pesca cooperativa da presa que ambos perseguem: a tainha.

Ficha técnica
Ano: 2011
Direção: Cristiano Burlan
Roteiro: Cristiano Burlan e Marcelo Paes Nunes
Produção: Natália Reis
Duração: 26 minutos
Apoio: Iphan/CNFCP";http://www.youtube.com/watch?v=LWGzFcv_jVk;O BOTO E O HOMEM;SC;http://portal.iphan.gov.br/sc/videos
"Documentário produzido com o apoio do Edital de Apoio à Produção de Documentários Etnográficos sobre o Patrimônio Cultural Imaterial (Etnodoc). O documentário aborda a astronomia dos índios Guarani e sua forma particular de ler o céu e de interpretar os fenômenos celestes. Dirigido pela documentarista Lara Velho – que se dedica à divulgação científica por intermédio do audiovisual – e co-dirigido pelo prof. Germano Bruno Afonso – pioneiro na pesquisa da etnoastronomia brasileira -, o filme mostra a trajetória do físico e astrônomo no resgate deste conhecimento, que, sem o devido registro, pode se perder em apenas duas gerações. O documentário traz ainda relatos de pajés que dominam a leitura do céu.

Ficha técnica
Ano: 2011
Direção, produção e roteiro: Lara Velho
Direção e roteiro: Germano Bruno Afonso
Animações: Leandro Tadashi
Duração: 26 minutos
Apoio: Iphan/CNFCP";http://www.youtube.com/watch?v=obuRxNgAh6c;CUARACY RA’ANGABA – O CÉU TUPI GUARANI;SC;http://portal.iphan.gov.br/sc/videos
A presidente do Instituto do Patrimônio Histórico e Artístico Nacional (Iphan), Kátia Bogéa, fala sobre o Dia do Patrimônio Histórico, celebrado em 17 de agosto.;http://www.youtube.com/watch?v=_dOd6LZF3kU;DIA NACIONAL DO PATRIMÔNIO HISTÓRICO;SC;http://portal.iphan.gov.br/sc/videos
"O livro e o DVD foram concebidos com o intuito de retratar o cotidiano dos pescadores artesanais na cidade de Laguna, SC. Para tanto, traz à tona o conhecimento dessas populações transmitido geração após geração e que envolve tanto o saber-fazer referente ao universo da pesca como os desafios diários que os pescadores enfrentam para continuar com suas práticas costumeiras.

E esse retrato, construído na forma de um livro e um DVD a ser devolvido para a coletividade, enfatizou os relatos, as experiências, os conhecimentos sobre a pesca construídos por várias gerações. É fruto de uma sequência ininterrupta dessa mesma atividade, que nos fora relatado em cada encontro, tanto nas praias à espera do peixe, como no espaço privado de suas casas.";http://www.youtube.com/watch?v=8uqC34gMZOA;PESCA ARTESANAL COM O AUXÍLIO DE BOTOS EM LAGUNA;SC;http://portal.iphan.gov.br/sc/videos
Levantamento das casas enxaimel de Blumenau – ressalta a antiga técnica de construção enxaimel.;http://www.youtube.com/watch?v=NMlOh-nxuW4;28ª EDIÇÃO DO PRÊMIO RODRIGO MELO FRANCO DE ANDRADE;SC;http://portal.iphan.gov.br/sc/videos
Miniatura sendo montada ao vivo, durante mesa redonda do Prêmio Rodrigo Melo Franco 2015;http://www.youtube.com/watch?v=fOCU45FnVaE;MINIATURA DA CASA DE ENXAIMEL DE BLUMENAU-SC;SC;http://portal.iphan.gov.br/sc/videos
Miniatura sendo montada ao vivo, durante mesa redonda do Prêmio Rodrigo Melo Franco 2015.;http://www.youtube.com/watch?v=fOCU45FnVaE;MINIATURA DA CASA DE ENXAIMEL DE BLUMENAU-SC;SC;http://portal.iphan.gov.br/sc/videos
Levantamento das casas enxaimel de Blumenau – ressalta a antiga técnica de construção enxaimel.;http://www.youtube.com/watch?v=NMlOh-nxuW4;28ª EDIÇÃO DO PRÊMIO RODRIGO MELO FRANCO DE ANDRADE;SC;http://portal.iphan.gov.br/sc/videos
27ª Edição do Prêmio Rodrigo Melo Franco de Andrade 2014;http://www.youtube.com/watch?v=6CfjSvfgTuE;DOCUMENTÁRIO PRÊMIO RODRIGO MELO FRANCO DE ANDRADE 2014;SE;http://portal.iphan.gov.br/se/videos
;http://www.youtube.com/watch?v=xafPsfUdrP0;27ª EDIÇÃO DO PRÊMIO RODRIGO MELO FRANCO DE ANDRADE - CE;SE;http://portal.iphan.gov.br/se/videos
;http://www.youtube.com/watch?v=N9fVbWj0Wo0;27ª EDIÇÃO DO PRÊMIO RODRIGO MELO FRANCO DE ANDRADE - RJ;SE;http://portal.iphan.gov.br/se/videos
"Categoria
Educação
Música neste vídeo
Saiba mais
Ouça músicas sem anúncios com o YouTube Premium
Música
Dolente
Artista
Jacob Do Bandolim
Álbum
Caixa Jacob Do Bandolim
Licenciado para o YouTube por
SME (em nome de RCA Records Label) e 1 associações de direitos musicais
Música
Sabiá / Numa Sala de Rebouco / Xote das Meninas
Artista
Dominguinhos
Álbum
Cada um Belisca um Pouco
Licenciado para o YouTube por
The Orchard Music (em nome de Biscoito Fino); UNIAO BRASILEIRA DE EDITORAS DE MUSICA - UBEM, BMI - Broadcast Music Inc., UMPG Publishing, EMI Music Publishing, LatinAutor - PeerMusic, LatinAutor - UMPG, LatinAutor e 4 associações de direitos musicais";http://www.youtube.com/watch?v=TJI8R58Cu0k;27ª EDIÇÃO DO PRÊMIO RODRIGO MELO FRANCO DE ANDRADE 2014;SE;http://portal.iphan.gov.br/se/videos
"Balsa de Buriti
Categoria
Educação
Música neste vídeo
Saiba mais
Ouça músicas sem anúncios com o YouTube Premium
Música
Sabiá / Numa Sala de Rebouco / Xote das Meninas
Artista
Dominguinhos
Álbum
Cada um Belisca um Pouco
Licenciado para o YouTube por
The Orchard Music (em nome de Biscoito Fino); UNIAO BRASILEIRA DE EDITORAS DE MUSICA - UBEM, BMI - Broadcast Music Inc., UMPG Publishing, EMI Music Publishing, LatinAutor - PeerMusic, LatinAutor - UMPG, LatinAutor e 4 associações de direitos musicais";http://www.youtube.com/watch?v=HxcDMdS25tA;27ª EDIÇÃO DO PRÊMIO RODRIGO MELO FRANCO DE ANDRADE;SE;http://portal.iphan.gov.br/se/videos
A presidente do Instituto do Patrimônio Histórico e Artístico Nacional (Iphan), Kátia Bogéa, fala sobre o Dia do Patrimônio Histórico, celebrado em 17 de agosto.;http://www.youtube.com/watch?v=_dOd6LZF3kU;DIA NACIONAL DO PATRIMÔNIO HISTÓRICO;SE;http://portal.iphan.gov.br/se/videos
A capoeira é uma prática cultural afro-brasileira multifacetada. Ao mesmo tempo que é luta é também dança. É compreendida como folclore, esporte e até como arte. A roda é onde acontece o jogo. Duas dimensões estão sempre presentes: O lado lúdico da festa, da brincadeira e o outro da resistência da reação contra o sistema opressor;http://www.youtube.com/watch?v=_HeWO3vmCXY;RODA DE CAPOEIRA - PATRIMÔNIO CULTURAL IMATERIAL DA HUMANIDADE;SE;http://portal.iphan.gov.br/se/videos
"Categoria Preservação de Bens Móveis
Ação: Projeto Luzitânia
Proponente: Sociedade Canoa de Tolda -- Sociedade Socioambiental do Baixo São Francisco -- Brejo Grande/SE


Projeto Luzitânia desenvolvido pela Sociedade Canoa de Tolda -- Sociedade Socioambiental do Baixo São Francisco da cidade de Aracaju/SE, representado pelo Sr. Carlos Eduardo Ribeiro Júnior. O projeto Canoa de Tolda, iniciado em 1997 com a restauração da canoa Luzitânia - única remanescente restaurada da Canoa de Tolda, tornou-se um dos mais importantes símbolos do patrimônio cultural dessa região, um significativo e original exemplar da arte naval do Nordeste brasileiro.



Vídeo realizado pelos parceiros da Casa do Patrimônio de Ouro Preto - TV Ufop/Base Criativa - com a colaboração da Casa do Patrimônio da Chapada do Araripe.
Edição e Montagem:
Douglas Aparecido
Eduardo Moreira
Geuder Martins
Helio Filho

Videografismo:
Leo Lopes

Audio:
PC Belchior
André Magalhães
Voz:
Geuder Martins
Textos:
Vanessa Louise Batista (Casa do Patrrimônio da Cahapada do Araripe) e equipe Ceduc/Iphan (a partir das informações cedidas pelos premiados)
Categoria
Educação";http://www.youtube.com/watch?v=EFmgoRAE2-Y;CANOA DE TOLDA LUZITÂNIA;SE;http://portal.iphan.gov.br/se/videos
Ação do Estado de Sergipe, premiada na 29ª Edição do Prêmio Rodrigo;http://www.youtube.com/watch?v=qOcZ_aqSw7E;PESCANDO MEMÓRIAS;SE;http://portal.iphan.gov.br/se/videos
Ação do Estado de Sergipe, premiada na 29ª Edição do Prêmio Rodrigo;http://www.youtube.com/watch?v=58Ve0eHVbM8;MESTRES DO FOGO;SE;http://portal.iphan.gov.br/se/videos
;http://www.youtube.com/watch?v=rLwY8yPt9c4;MODO DE FAZER RENDA IRLANDESA, TENDO COMO REFERÊNCIA ESTE OFÍCIO EM DIVINA PASTORA/SE;SE;http://portal.iphan.gov.br/se/videos
"O jongo é um estilo musical que foi reconhecido e registrado pelo Iphan como patrimônio imaterial brasileiro.

Este bem cultural foi registrado em 15/12/2005.";http://www.youtube.com/watch?v=dan7KyEwRVk;JONGO DO SUDESTE - PARTE 2;SP;http://portal.iphan.gov.br/sp/videos
"O jongo é um estilo musical que foi reconhecido e registrado pelo Iphan como patrimônio imaterial brasileiro.

Este bem cultural foi registrado em 15/12/2005.";http://www.youtube.com/watch?v=CDSPzz0iXlE;JONGO DO SUDESTE - PARTE 1;SP;http://portal.iphan.gov.br/sp/videos
"Documentário produzido a partir do Inventário Nacional de Referências Culturais do bairro do Bom Retiro.
O bairro do Bom Retiro é o território do bom retiro de vários grupos que buscam as condições e uma base para a sua sobrevivência material e simbólica, para sua permanência como grupo específico e distinto ou a sua integração com os demais. Ao mesmo tempo, é a partir do Bom Retiro que se estabelece uma intensa troca de mercadorias e de culturas com a metrópole.
O multiculturalismo do Bom Retiro não é apenas um conjunto pitoresco e turístico que representa a São Paulo dos mil povos, mas a marca distintiva de uma metrópole globalizada do século XXI, acolhendo identidades e conflitos em meio ao burburinho do comércio e de outros negócios.";http://www.youtube.com/watch?v=HVg56upd6JI;BOM RETIRO DE MUITOS POVOS;SP;http://portal.iphan.gov.br/sp/videos
;http://www.youtube.com/watch?v=FDvVa_4sv3Q;FANDANGO CAIÇARA;SP;http://portal.iphan.gov.br/sp/videos
"Documentário produzido com o apoio do Edital de Apoio à Produção de Documentários Etnográficos sobre o Patrimônio Cultural Imaterial (Etnodoc). Street dance, grafite, rap e gospel. O filme mostra como a experiência periférica urbana tem um lugar central na produção dos artistas de Cidade Tiradentes, que cresceram junto com o distrito paulista e em suas obras dialogam com seus desafios e sonhos. A Cidade Tiradentes é o maior complexo de conjuntos habitacionais populares da América Latina, lugar marcado pela exclusão, com loteamentos clandestinos e favelas, no qual a população orquestra suas dificuldades com dinâmicas próprias de sociabilidade, moradia e apropriação do território.

Ficha técnica
Ano: 2009
Direção e roteiro: Carolina Caffé e Rose Satiko Gitirana Hikiji
Produção: Paulo Dantas
Duração: 26 minutos
Apoio: Iphan/CNFCP";http://www.youtube.com/watch?v=me4VmUArYLQ;LÁ DO LESTE;SP;http://portal.iphan.gov.br/sp/videos
"Documentário produzido com o apoio do Edital de Apoio à Produção de Documentários Etnográficos sobre o Patrimônio Cultural Imaterial (Etnodoc). O vídeo acompanha a trajetória de cinco antigos artistas do circo paulista no momento em que se reúnem para uma pequena apresentação circense.

Ficha técnica
Ano: 2011
Direção e roteiro: Thiago Brandimarte Mendonça
Produção: Memória Viva/Renata Jardim
Duração: 26 minutos
Apoio: Iphan/CNFCP";http://www.youtube.com/watch?v=nJGT8vBttX8;O CANTO DA LONA;SP;http://portal.iphan.gov.br/sp/videos
"Documentário produzido com o apoio do Edital de Apoio à Produção de Documentários Etnográficos sobre o Patrimônio Cultural Imaterial (Etnodoc). O documentário retrata um grupo familiar negro de Mauá (SP) que compõe o samba lenço, manifestação cultural paulista com mais de 50 anos, e que usa o lenço como adorno de homens e mulheres. O lenço também é usado na narrativa como metáfora do conflito entre a tradição e as mudanças na dinâmica social vividas pelos personagens do samba, como a religiosidade. A partir das vozes de seus integrantes, o documentário lança um olhar sobre a riqueza cultural do grupo por meio de falas e imagens de crianças, adolescentes, adultos e mulheres mais antigas, retratando o grupo durante o circuito de folclore por onde ele passa, como também em seu aspecto mais privado.

Ficha técnica
Ano: 2011
Direção e roteiro: Shaynna Pidori
Produção: Spline Multimídia/Pedro Celi, Shaynna Pidori e Marco Aurélio Rodrigues
Duração: 26 minutos
Apoio: Iphan/CNFCP";http://www.youtube.com/watch?v=7vjQGSwFw3Q;O LENÇO DO SAMBA;SP;http://portal.iphan.gov.br/sp/videos
"Documentário produzido com o apoio do Edital de Apoio à Produção de Documentários Etnográficos sobre o Patrimônio Cultural Imaterial (Etnodoc). O documentário acompanha os preparativos de uma edição do popular festejo. Tido como a mais sólida manifestação da cultura negra no município de Araraquara (SP), o Baile do Carmo é um símbolo de resistência e celebra a identidade desse grupo étnico. A partir dos relatos de pessoas envolvidas com o evento – organizadores e participantes –, a produção resgata a importância que essa tradicional festa possui para as gerações passadas e atuais, enfocando os anseios e expectativas que crescem na vida desses personagens conforme a realização do Baile se aproxima. Eles surgem sinceros e de corações abertos, expondo o poder transformador de uma única noite em seus cotidianos.

Ficha técnica
Ano: 2009
Direção e roteiro: Shaynna Pidori
Produção: Spline Multimídia/Daniel Hanai
Duração: 26 minutos
Apoio: Iphan/CNFCP";http://www.youtube.com/watch?v=9_owrWpDbWg;BAILE DO CARMO;SP;http://portal.iphan.gov.br/sp/videos
A presidente do Instituto do Patrimônio Histórico e Artístico Nacional (Iphan), Kátia Bogéa, fala sobre o Dia do Patrimônio Histórico, celebrado em 17 de agosto.;http://www.youtube.com/watch?v=_dOd6LZF3kU;DIA NACIONAL DO PATRIMÔNIO HISTÓRICO;SP;http://portal.iphan.gov.br/sp/videos
"Categoria Promoção e Comunicação
Ação: Projeto Turista Aprendiz
Proponente: Maracá Produções Artísticas e Culturais -- São Paulo/SP

Projeto Turista Aprendiz apresentado pela Maracá Produções Artísticas e Culturais, é desenvolvido pelo grupo musical A Barca, de São Paulo/SP.
Desde 2004, o grupo já viajou por mais de 10 mil quilômetros, passando por nove estados brasileiros visitando 26 localidades, desde quilombos e aldeias indígenas até periferias das grandes capitais. O projeto conectou uma rica rede de iniciativas e registrou um significativo acervo que inclui 400 horas de áudio e vídeo e oito mil fotos de mais de 40 comunidades e suas lideranças, mestres e artistas da tradição popular.

Vídeo realizado pelos parceiros da Casa do Patrimônio de Ouro Preto - TV Ufop/Base Criativa - com a colaboração da Casa do Patrimônio da Chapada do Araripe.
Edição e Montagem:
Douglas Aparecido
Eduardo Moreira
Geuder Martins
Helio Filho

Videografismo:
Leo Lopes

Audio:
PC Belchior
André Magalhães
Voz:
Geuder Martins
Textos:
Vanessa Louise Batista (Casa do Patrrimônio da Cahapada do Araripe) e equipe Ceduc/Iphan (a partir das informações cedidas pelos premiados)
Categoria
Educação";http://www.youtube.com/watch?v=oUPNhgEHrTM;A BARCA - TURISTA APRENDIZ;SP;http://portal.iphan.gov.br/sp/videos
Ação do Estado de São Paulo, premiada na 29ª Edição do Prêmio Rodrigo;http://www.youtube.com/watch?v=6kVod0zRJBo;MEMÓRIA DO CIRCO;SP;http://portal.iphan.gov.br/sp/videos
A presidente do Instituto do Patrimônio Histórico e Artístico Nacional (Iphan), Kátia Bogéa, fala sobre o Dia do Patrimônio Histórico, celebrado em 17 de agosto.;http://www.youtube.com/watch?v=_dOd6LZF3kU;DIA NACIONAL DO PATRIMÔNIO HISTÓRICO;TO;http://portal.iphan.gov.br/to/videos
A capoeira é uma prática cultural afro-brasileira multifacetada. Ao mesmo tempo que é luta é também dança. É compreendida como folclore, esporte e até como arte. A roda é onde acontece o jogo. Duas dimensões estão sempre presentes: O lado lúdico da festa, da brincadeira e o outro da resistência da reação contra o sistema opressor;http://www.youtube.com/watch?v=_HeWO3vmCXY;RODA DE CAPOEIRA - PATRIMÔNIO CULTURAL IMATERIAL DA HUMANIDADE;TO;http://portal.iphan.gov.br/to/videos
;http://www.youtube.com/watch?v=J9u0NUkm0wk;MODO DE FAZER BONECAS KARAJÁ E RITXÒKÒ: EXPRESSÃO ARTÍSTICA E COSMOLÓGICA DO POVO KARAJÁ;TO;http://portal.iphan.gov.br/to/videos
