,Abrangência/ Cobertura,Assunto/ palavras-chave,Data,Descrição,Identifier,Título
0,Rio de Janeiro||Rio de Janeiro||Brasil,02 Artes Visuais/Cinematográfica > 02.4 Estampa,03/08/18||1981,,MVM0218,“Paisagem”
1,Rio de Janeiro||Rio de Janeiro||Brasil,02 Artes Visuais/Cinematográfica > 02.4 Estampa,03/08/18||1981,,MVM0220,“Oxosse”
2,Rio de Janeiro||Rio de Janeiro||Brasil,02 Artes Visuais/Cinematográfica > 02.4 Estampa,03/08/18||1987,,MVM0221,“Galeria de Tipos Brasileiros: Mamãe Abaporu”
3,Rio de Janeiro||Rio de Janeiro||Brasil,02 Artes Visuais/Cinematográfica > 02.4 Estampa,03/08/18||1987,,MVM0222,Sem título [Mergulho na cidade do Rio de Janeiro]
4,Rio de Janeiro||Rio de Janeiro||Brasil,02 Artes Visuais/Cinematográfica > 02.4 Estampa,03/08/18||circa 1970,,MVM0223,“Terra Brasilis”
5,Rio de Janeiro||Rio de Janeiro||Brasil,02 Artes Visuais/Cinematográfica > 02.4 Estampa,03/08/18||circa 1970,,MVM0224,“Apoteose Tropical I”
6,Rio de Janeiro||Rio de Janeiro||Brasil,02 Artes Visuais/Cinematográfica > 02.4 Estampa,03/08/18||1980,,MVM0225,“onde há fumaça”
7,Rio de Janeiro||Rio de Janeiro||Brasil,02 Artes Visuais/Cinematográfica > 02.4 Estampa,03/08/18||1988,,MVM0226,“Aprender Fazendo”
8,Rio de Janeiro||Rio de Janeiro||Brasil,02 Artes Visuais/Cinematográfica > 02.4 Estampa,03/08/18||1981,,MVM0227,“Alegoria Tropical”
9,Rio de Janeiro||Rio de Janeiro||Brasil,02 Artes Visuais/Cinematográfica > 02.4 Estampa,03/08/18||1979,,MVM0228,“NUNCA FOMOS CATHECHISADOS FIZEMOS CRISTO NASCER NA BAHIA OU EM BELÉM DO PARÁ”
10,Rio de Janeiro||Rio de Janeiro||Brasil,02 Artes Visuais/Cinematográfica > 02.4 Estampa,03/08/18||1987,,MVM0229,“Bananas II°”
11,Rio de Janeiro||Rio de Janeiro||Brasil,02 Artes Visuais/Cinematográfica > 02.4 Estampa,03/08/18||1980,,MVM0230,“DOURADO (Salminus Maxillosus) no Rio Paraná”
12,Rio de Janeiro||Rio de Janeiro||Brasil,02 Artes Visuais/Cinematográfica > 02.4 Estampa,03/08/18||1980,,MVM0231,“Monumento Começado na Administração Anterior”
13,,02 Artes Visuais/Cinematográfica > 02.4 Estampa,03/08/18||1976,,MVM0232,“amadrinhando”
14,,02 Artes Visuais/Cinematográfica > 02.4 Estampa,03/08/18||1976,,MVM0233,“mate amargo”
15,,02 Artes Visuais/Cinematográfica > 02.4 Estampa,03/08/18||1976,,MVM0234,“preparando para laçar”
16,,02 Artes Visuais/Cinematográfica > 02.4 Estampa,03/08/18||1976,,MVM0235,“escapou do laço”
17,Rio de Janeiro||Rio de Janeiro||Brasil,02 Artes Visuais/Cinematográfica > 02.4 Estampa,"03/08/2018||1981||09/08/2018, Rafael Muniz de Moura",,MVM0217,“terra”
18,Rio de Janeiro||Rio de Janeiro||Brasil,02 Artes Visuais/Cinematográfica > 02.4 Estampa,"03/08/2018||1982||09/08/2018, Rafael Muniz de Moura",,MVM0216,“Conferência Continental Americana por La Paz”
19,Rio de Janeiro||Rio de Janeiro||Brasil,02 Artes Visuais/Cinematográfica > 02.4 Estampa,"03/08/2018||1993||09/08/2018, Rafael Muniz de Moura",,MVM0215,“Como era gostoso o meu francês”
20,Rio de Janeiro||Rio de Janeiro||Brasil,02 Artes Visuais/Cinematográfica > 02.4 Estampa,"03/08/2018||1987||09/08/2018, Rafael Muniz de Moura",,MVM0214,“Galeria de Tipos Populares: A Deusa Fortuna”
21,Rio de Janeiro||Rio de Janeiro||Brasil,02 Artes Visuais/Cinematográfica > 02.4 Estampa,"03/08/2018||1987||09/08/2018, Rafael Muniz de Moura",,MVM0213,“Galeria de Tipos Populares: O Malandro”
22,Rio de Janeiro||Rio de Janeiro||Brasil,02 Artes Visuais/Cinematográfica > 02.4 Estampa,"03/08/2018||1987||09/08/2018, Rafael Muniz de Moura",,MVM0212,“Galeria de Tipos Populares: Sebastião”
23,Rio de Janeiro||Rio de Janeiro||Brasil,02 Artes Visuais/Cinematográfica > 02.4 Estampa,03 de agosto de 2018||1987||10/08/2018,,MVM0211,“Galeria de Tipos Brasileiros: O Príncipe”
24,Paraguai,02 Artes Visuais/Cinematográfica > 02.2 Desenho,20/06/2017,,MVM0210,Estudo de embarcação||Desenho
25,Paraguai,02 Artes Visuais/Cinematográfica > 02.2 Desenho,20/06/2017,,MVM0209B/B,“Niterói” [estudo de proa de embarcação]||Desenho
26,Paraguai,02 Artes Visuais/Cinematográfica > 02.2 Desenho,20/06/2017,,MVM0209A/B,Estudo de embarcação||Desenho
27,Paraguai,02 Artes Visuais/Cinematográfica > 02.2 Desenho,20/06/2017,,MVM0208,Estudo de detalhe de embarcação||Desenho
28,Paraguai,02 Artes Visuais/Cinematográfica > 02.2 Desenho,20/06/2017,,MVM0207,Vapor Amazonas [estudo de proa de embarcação]||Desenho
29,Paraguai,02 Artes Visuais/Cinematográfica > 02.2 Desenho||Figuras humanas,20/06/2017,,MVM0205,Cabeça de homem||Desenho
30,Paraguai,02 Artes Visuais/Cinematográfica > 02.2 Desenho,20/06/2017,,MVM0204,Estudo de proa de embarcação||Desenho
31,Paraguai,02 Artes Visuais/Cinematográfica > 02.2 Desenho,20/06/2017,,MVM0206B/B,Estudo de proa de embarcação||Desenho
32,Paraguai,02 Artes Visuais/Cinematográfica > 02.2 Desenho,20/06/2017,,MVM0203A/B,Estudo de Mastros de embarcação||Desenho
33,Paraguai,02 Artes Visuais/Cinematográfica > 02.2 Desenho,20/06/2017,,MVM0203,Estudo de embarcação||Desenho
34,Paraguai,02 Artes Visuais/Cinematográfica > 02.2 Desenho,20/06/2017,,MVM0202,“Magé [estudo de embarcação]”||Desenho
35,Paraguai,02 Artes Visuais/Cinematográfica > 02.2 Desenho,20/06/2017,,MVM0201,Estudo para “Passagem do Humaitá”||Desenho
36,Paraguai,02 Artes Visuais/Cinematográfica > 02.2 Desenho,20/06/2017,,MVM0200,Estudo de embarcação||Desenho
37,Paraguai,02 Artes Visuais/Cinematográfica > 02.2 Desenho,20/06/2017,"“Em 1868 Vítor Meireles realizou vários estudos para o quadro “Passagem do Humaitá”, a bordo do navio-chefe da Divisão Brasil. O navio representado neste desenho é, possivelmente, o mesmo acima citado.” (texto retirado da Ficha Catalográfica Simba MNBA)",MVM0199,Brasil [estudo de embarcação]||Desenho
38,Florianópolis||Santa Catarina||Brasil,02 Artes Visuais/Cinematográfica > 02.2 Desenho,2016||2016||21/12/2016,,MVM0198,"“(Conjunto 2)”, da série “Desenhos de um real”"
39,Florianópolis||Santa Catarina||Brasil,02 Artes Visuais/Cinematográfica > 02.2 Desenho,2016||2016||21/12/2016,,MVM0197,"“(Conjunto 1)”, da série “Desenhos de um real”"
40,Amsterdã||Holanda do Norte||Holanda,02 Artes Visuais/Cinematográfica > 02.1 Construção Artística,21 de dezembro de 2016||2010||21/12/2016,,MVM0196,"“Ex-voto”, da série “Ex-votos”"
41,,02 Artes Visuais/Cinematográfica > 02.1 Construção Artística,17 de dezembro de 2015||2013||21/12/2016,,MVM0195,“Construção proibida”
42,,02 Artes Visuais/Cinematográfica > 02.4 Estampa,17 de dezembro de 2015||1982||21/12/2016,,MVM0194,Sem título
43,Florianópolis||Santa Catarina||Brasil,02 Artes Visuais/Cinematográfica > 02.4 Estampa,22/12/2015||29/12/2015||21/12/2016,,MVM0193,“Céu da boca&arparado”
44,Florianópolis||Santa Catarina||Brasil,02 Artes Visuais/Cinematográfica > 02.4 Estampa,22/12/2015||22/12/2015||21/12/2016,,MVM0192,“Oceano Pacífico”
45,Florianópolis||Santa Catarina||Brasil,,05 de janeiro de 2016||05/01/2016||21/12/2016,,MVM0191,"“entrenotícias”, da série “Nós em nós”"
46,Florianópolis||Santa Catarina||Brasil,02 Artes Visuais/Cinematográfica > 02.4 Estampa,22 de dezembro de 201||29/12/2015||21/12/2016,,MVM0190,“Evaporação”
47,Florianópolis||Santa Catarina||Brasil,02 Artes Visuais/Cinematográfica > 02.4 Estampa,22 de dezembro de 201||22/12/2015||21/12/2016,,MVM0189,“Lembrar para sobreviver”
48,Florianópolis||Santa Catarina||Brasil,02 Artes Visuais/Cinematográfica > 02.1 Construção Artística,20 de março de 2014||2014||21/12/2016,,MVM0188,"“Parede de azulejos, está tudo bem”"
49,Florianópolis||Santa Catarina||Brasil,02 Artes Visuais/Cinematográfica > 02.1 Construção Artística,2013||2013||21/12/2016,,MVM0187,“ruídosilenciosos dentrofora”
50,Paris||França,02 Artes Visuais/Cinematográfica > 02.6 Pintura,28 de julho de 2015||1870||03/08/2015,Representação do deus grego Apolo em sua carruagem.,MVM0186,Sem título
51,Ouro Preto||Minas Gerais||Brasil,02 Artes Visuais/Cinematográfica > 02.4 Estampa,22 de março de 2013||Agosto de 1977||05/12/2013,,MVM0185,“Telhados de Ouro Preto” (Exemplar: 101/200-9)
52,Rio de Janeiro||Rio de Janeiro||Brasil,02 Artes Visuais/Cinematográfica > 02.4 Estampa,22 de março de 2013||2004||03/12/2013,,MVM0184,"“‘A Taça de Vinho’, de J. Vermeer (Série: de I a VIII)”"
53,Rio de Janeiro||Rio de Janeiro||Brasil,02 Artes Visuais/Cinematográfica > 02.6 Pintura,05 de setembro de 201||2010||17/09/2013,,MVM0183,“A flor pelágica”||Pintura
54,,02 Artes Visuais/Cinematográfica > 02.2 Desenho,27 de julho de 2013||2013||09/09/2013,,MVM0182,“Paisagens sobre Fuji 22”||Desenho
55,Florianópolis||Santa Catarina||Brasil,02 Artes Visuais/Cinematográfica > 02.4 Estampa,agosto de 2012||13/11/2012,,MVM0181,Vue de L’Île de Ste. Catherine||Gravura
56,,02 Artes Visuais/Cinematográfica > 02.6 Pintura,03 de julho de 2012||24/05/2012,Busto de mulher com tecido branco sobre os cabelos louros e batom vermelho.,MVM0180,Sem título||Pintura
57,Itália,02 Artes Visuais/Cinematográfica > 02.6 Pintura,03 de julho de 2012||1854/1856 (circa)||24/05/2012,Este estudo de traje foi realizado durante o primeiro período de pensionato de Victor Meirelles na Itália (1853/1856).,MVM0179,Estudo de traje||Pintura
58,,02 Artes Visuais/Cinematográfica > 02.3 Escultura,07 de março de 2012||2007||28/02/2012,"Exemplar (n° 65) de uma tiragem especial de 100 números comercializáveis e 30 hors commerce, comemorativa dos 50 anos do nascimento de Leonilson.",MVM0178,“Espadinha”
59,,02 Artes Visuais/Cinematográfica > 02.4 Estampa,07 de março de 2012||1992 (circa)||28/02/2012,"A obra de arte faz parte do conjunto de gravuras encomendadas a 10 artistas para as comemorações municipais do centenário de Mário de Andrade, sob a curadoria de Aracy Amaral. A gravura foi encomendada pelo governo do Estado de São Paulo. Sua matriz e alguns exemplares pertencem à Pinacoteca do Estado de São Paulo.||Composição com corpo humano e rio, dois copos, banjo e harpa em linhas pretas e cinco bolas amarelas sobre fundo branco.",MVM0177,Sem título||Gravura
60,Rio de Janeiro||Rio de Janeiro||Brasil,02 Artes Visuais/Cinematográfica > 02.1 Construção Artística,2011||2000||16/11/2011,,MVM0176,“Vera Cruz”||Vídeo-arte
61,Rio de Janeiro||Rio de Janeiro||Brasil,02 Artes Visuais/Cinematográfica > 02.1 Construção Artística,2011||2011||16/11/2011,,MVM0175,“Uyuni Sutra”||Vídeo-arte
62,Rio de Janeiro||Rio de Janeiro||Brasil,02 Artes Visuais/Cinematográfica > 02.1 Construção Artística,2011||2011||16/11/2011,,MVM0174,“Kundalini Freedom”||Vídeo-arte
63,Rio de Janeiro||Rio de Janeiro||Brasil,02 Artes Visuais/Cinematográfica > 02.1 Construção Artística,2011||11/2009||16/11/2011,"Vídeo monocanal realizado a partir de tomadas feitas na Ilha da Reunião, França Ultramarina, em novembro de 2006.",MVM0173,“Bouk [Ring/Loop]”||Vídeo-arte
64,Rio de Janeiro||Rio de Janeiro||Brasil,02 Artes Visuais/Cinematográfica > 02.1 Construção Artística,2011||2011||16/11/2011,,MVM0172,“Anuloma-Viloma Azteca”||Vídeo-arte
65,Rio de Janeiro||Rio de Janeiro||Brasil,02 Artes Visuais/Cinematográfica > 02.4 Estampa,09 de novembro de 2010||1995||03/01/2011,,MVM0171,“9503”||Gravura
66,Rio de Janeiro||Rio de Janeiro||Brasil,02 Artes Visuais/Cinematográfica > 02.4 Estampa,09 de novembro de 2010||1994||03/01/2011,,MVM0170,“9406”||Gravura
67,Curitiba||Paraná||Brasil,02 Artes Visuais/Cinematográfica > 02.4 Estampa,22 de junho de 2010||2009,"A obra é esticada sobre chassis de madeira e fixada no verso com grampos de ferro. O suporte é em tecido 100% lã texturizada, nas tonalidades de azul, cinza e preto. O desenho, que possui tom de cinza, é impresso com serigrafia e a tinta adquire relevo após ser submetida a altas temperaturas com soprador térmico. Obra composta por uma forma geométrica rotacionada e sobreposta, gerando aspecto similar a grades ou linhas assimátricas localizada na parte superior e inferior da obra sobre fundo de lã azul marinho.",MVM0169,Sem título||Gravura
68,Curitiba||Paraná||Brasil,02 Artes Visuais/Cinematográfica > 02.4 Estampa,22 de junho de 2010||2009,"A obra é esticada sobre chassis de madeira e fixada no verso com grampos de ferro. O suporte é em tecido 100% lã texturizada, nas tonalidades de azul, cinza e preto. O desenho, que possui tom de cinza, é impresso com serigrafia e a tinta adquire relevo após ser submetida a altas temperaturas com soprador térmico. Obra composta por uma forma geométrica rotacionada e sobreposta, gerando aspecto similar a grades ou linhas assimátricas localizada no canto inferior esquerdo da obra sobre lã texturizada.",MVM0168,Sem título||Gravura
69,Florianópolis||Santa Catarina||Brasil,10 Comunicação > 10.1 Documento,12 de agosto de 2009||2007||31/08/2009,"Díptico formado por duas fotografias. Na fotografia à esquerda, figura feminina de costas sentada sobre pano azul na praia, olhando para livro aberto. Na fotografia à direita, figura feminina de costas sentada sobre pano azul em uma sacada de apartamento, olhando para livro aberto atrás de duas cortinas azuis.",MVM0167,“Azul marinho: díptico”||Fotografia
70,Rio de Janeiro||Rio de Janeiro||Brasil,02 Artes Visuais/Cinematográfica > 02.4 Estampa,16 de junho de 2009||1996||31/08/2009,"Desenho abstrato central em azul, branco, roxo e preto em fundo ocre impresso na cor laranja.",MVM0166,“9806”||Gravura
71,Rio de Janeiro||Rio de Janeiro||Brasil,02 Artes Visuais/Cinematográfica > 02.4 Estampa,16 de junho de 2009||2001||31/08/2009,"Desenho abstrato central em  marrom e nas laterais direita e esquerda listas em azuis, roxo e laranja azul em fundo ocre.",MVM0165,“2101”||Gravura
72,Rio de Janeiro||Rio de Janeiro||Brasil,02 Artes Visuais/Cinematográfica > 02.4 Estampa,16 de junho de 2009||2001||13/08/2009,"No centro da obra um círculo amarelo na lateral central a esquerda e no centro prolongando-se para o canto superior direito “ramos” de cor rocha. Completando o plano central sob esses dois desenhos uma faixa de cor amarela e uma de cor laranja finalizadas com uma faixa estreita azul claro em cada extremidades. As margens possuem duas cores, a metade superior é preta e a metade inferior é azul.",MVM0164,“2103”||Gravura
73,Rio de Janeiro||Rio de Janeiro||Brasil,02 Artes Visuais/Cinematográfica > 02.4 Estampa,16 de junho de 2009||1980||13/08/2009,,MVM0163,“8013”||Gravura
74,Florianópolis||Santa Catarina||Brasil,02 Artes Visuais/Cinematográfica > 02.4 Estampa,10 de março de 200||1997||13/03/2009,,MVM0162,“3 campos”||Gravura digital
75,,02 Artes Visuais/Cinematográfica > 02.6 Pintura||Natureza morta,março de 2009||13/03/2009,Flores em tons de branco dentro de vaso de plantas em tons de branco com detalhes em tons de azul sobre mesa com toalha e objetos.,MVM0161,Natureza morta||Pintura
76,,02 Artes Visuais/Cinematográfica > 02.6 Pintura,março de 2009||1915||13/03/2009,"Barco à vela sobre o mar. Ao fundo, montanhas e outras embarcações.",MVM0160,Barco à vela||Pintura
77,,02 Artes Visuais/Cinematográfica > 02.6 Pintura,março de 2009||13/03/2009,"Figura feminina de coque, virada de lado, com o rosto voltado à direita.",MVM0159,Cabeça de mulher||Pintura
78,Rio de Janeiro||Rio de Janeiro||Brasil,02 Artes Visuais/Cinematográfica > 02.2 Desenho||Paisagem marinha,março de 2009||1921||13/03/2009,Barcos sobre o mar atracados em terra. Árvores à esquerda.,MVM0158,Embarcações||Desenho
79,Paris||França,02 Artes Visuais/Cinematográfica > 02.2 Desenho,março de 2009||1893/1894 (circa)||13/03/2009,"Figura masculina nua, virada à esquerda, com a perna direita estendida e o joelho esquerdo dobrado. Mão esquerda sobre joelho dobrado.",MVM0157,Estudo de nu masculino||Desenho
80,,02 Artes Visuais/Cinematográfica > 02.1 Construção Artística,março de 2009||2008||13/03/2009,"Fotografia de forro antigo, com variações de cor entre o preto, amarelo e branco.",MVM0156,“W. L. 140 – Setembro 08 – 07/09”||Fotografia
81,Curitiba||Paraná||Brasil,02 Artes Visuais/Cinematográfica > 02.2 Desenho,18/11/2008||2003||13/03/2009,,MVM0155,"Sem título, da série “O homem permanecido”||Desenho"
82,Curitiba||Paraná||Brasil,02 Artes Visuais/Cinematográfica > 02.2 Desenho,18/11/2008||2003||13/03/2009,,MVM0154,"Sem título, da série “O homem permanecido”||Desenho"
83,Curitiba||Paraná||Brasil,02 Artes Visuais/Cinematográfica > 02.2 Desenho,18/11/2008||2004||13/03/2009,,MVM0153,"Sem título, da série “O homem permanecido”||Desenho"
84,Curitiba||Paraná||Brasil,02 Artes Visuais/Cinematográfica > 02.2 Desenho,18/11/2008||2004||13/03/2009,,MVM0152,"Sem título, da série “O homem permanecido”||Desenho"
85,Curitiba||Paraná||Brasil,02 Artes Visuais/Cinematográfica > 02.2 Desenho,18/11/2008||2004||13/03/2009,,MVM0151,"Sem título, da série “O homem permanecido”||Desenho"
86,Curitiba||Paraná||Brasil,02 Artes Visuais/Cinematográfica > 02.2 Desenho,18/11/2008||2004||13/03/2009,,MVM0150,"Sem título, da série “O homem permanecido”||Desenho"
87,Curitiba||Paraná||Brasil,02 Artes Visuais/Cinematográfica > 02.2 Desenho,18/11/2008||2003||13/03/2009,,MVM0149,"Sem título, da série “O homem permanecido”||Desenho"
88,Curitiba||Paraná||Brasil,02 Artes Visuais/Cinematográfica > 02.2 Desenho,18/11/2008||2003||13/03/2009,,MVM0148,"Sem título, da série “O homem permanecido”||Desenho"
89,Curitiba||Paraná||Brasil,02 Artes Visuais/Cinematográfica > 02.2 Desenho,18/11/2008||2003||13/03/2009,,MVM0147,"Sem título, da série “O homem permanecido”||Desenho"
90,Curitiba||Paraná||Brasil,02 Artes Visuais/Cinematográfica > 02.2 Desenho,18/11/2008||2003||13/03/2009,,MVM0146,"Sem título, da série “O homem permanecido”||Desenho"
91,Curitiba||Paraná||Brasil,02 Artes Visuais/Cinematográfica > 02.2 Desenho,18/11/2008||2003||13/03/2009,,MVM0145,"Sem título, da série “O homem permanecido”||Desenho"
92,Curitiba||Paraná||Brasil,02 Artes Visuais/Cinematográfica > 02.2 Desenho,18/11/2008||2003||13/03/2009,,MVM0144,"Sem título, da série “O homem permanecido”||Desenho"
93,Curitiba||Paraná||Brasil,02 Artes Visuais/Cinematográfica > 02.2 Desenho,18/11/2008||2003||13/03/2009,,MVM0143,"Sem título, da série “Mergulho”||Desenho"
94,Curitiba||Paraná||Brasil,02 Artes Visuais/Cinematográfica > 02.2 Desenho,18/11/2008||2006||13/03/2009,,MVM0142,"Sem título, da série “Mergulho”||Desenho"
95,Curitiba||Paraná||Brasil,02 Artes Visuais/Cinematográfica > 02.2 Desenho,18/11/2008||2006||13/03/2009,,MVM0141,"Sem título, da série “Mergulho”||Desenho"
96,Curitiba||Paraná||Brasil,02 Artes Visuais/Cinematográfica > 02.2 Desenho,18/11/2008||2006||13/03/2009,,MVM0140,"Sem título, da série “Mergulho”||Desenho"
97,Curitiba||Paraná||Brasil,02 Artes Visuais/Cinematográfica > 02.2 Desenho,18/11/2008||2006||13/03/2009,,MVM0139,"Sem título, da série “Mergulho”||Desenho"
98,Curitiba||Paraná||Brasil,02 Artes Visuais/Cinematográfica > 02.2 Desenho,18/11/2008||2006||13/03/2009,,MVM0138,"Sem título, da série “Mergulho”||Desenho"
99,Curitiba||Paraná||Brasil,02 Artes Visuais/Cinematográfica > 02.2 Desenho,18/11/2008||2003||13/03/2009,,MVM0137,"Sem título, da série “Mergulho”||Desenho"
100,,02 Artes Visuais/Cinematográfica > 02.6 Pintura||Pintura histórica,19 de agosto de 2008||1874/1878 (circa)||13/03/2009,Este é um estudo para obra Batalha dos Guararapes que encontra-se no Museu Nacional de Belas Artes do Rio de Janeiro. Ela foi realizada por encomenda do governo. A Batalha do Guararapes retrata a expulsão dos holandeses ocorrida na Província de Pernambuco em 1648.||Busto de velho com barba e chapéu virado à direita.,MVM0136,Estudo para “Batalha dos Guararapes”||Pintura
101,,10 Comunicação > 10.1 Documento,05 de dezembro de 2007||1996||13/03/2009,Referências a obras do pintor espanhol Velázquez.||Livro com capa e folhas internas com imagens e textos de aparência embaçada.,MVM0135,“O Livro Velázquez”||Livro
102,,10 Comunicação > 10.1 Documento,05 de dezembro de 2007||1996||13/03/2009,Referências a obras do pintor espanhol Velázquez.||Livro com capa e folhas internas com imagens e textos de aparência embaçada.,MVM0134,“O Livro Velázquez”||Livro
103,,02 Artes Visuais/Cinematográfica > 02.1 Construção Artística,16 de abril de 2008||2007||13/03/2009,,MVM0133,“Desterro”||Vídeo-arte
104,Estocolmo||Suécia,02 Artes Visuais/Cinematográfica > 02.1 Construção Artística,12 de maio de 2008||2003||13/03/2009,"“Baseado no mito de Narciso, o trabalho trata das questões do masculino e de comportamentos construídos historicamente, modificando imagens e noções que formam a percepção de nós mesmos. De que forma a palavra amor reverbera/reflete no mundo de hoje. O que mudou dentro dos padrões do desejo após as revoluções e contra revoluções sexuais das últimas décadas.” – Texto extraído do Termo de Doação.",MVM0132,“Dis-cursus”||Vídeo-arte
105,Florianópolis||Santa Catarina||Brasil,10 Comunicação > 10.1 Documento,09 de novembro de 2007||2002||18/03/2009,Fotografia colorida de intervenção urbana na praia Mole – SC feita com peça de cerâmica em formato de boca.,MVM0131,“Pedras-grito”||Fotografia
106,Florianópolis||Santa Catarina||Brasil,02 Artes Visuais/Cinematográfica > 02.6 Pintura,setembro de 2007||2007||18/03/2009,,MVM0130,“Grátis”||Pintura
107,Itália,02 Artes Visuais/Cinematográfica > 02.2 Desenho,01 de outubro de 2007||1810/1820 (circa)||24/10/2007,"Duas figuras de um velho sentado com compasso e prancheta e, ao centro, braço e prancheta.",MVM0129,Due figure di vecchio seduto con compasso e tavoletta; particolare dello stesso||Desenho
108,São Paulo||São Paulo||Brasil,02 Artes Visuais/Cinematográfica > 02.4 Estampa,Abril de 2007||1953,,MVM0128,“Íncubo e Súcubo #2”||Gravura
109,São Paulo||São Paulo||Brasil,02 Artes Visuais/Cinematográfica > 02.4 Estampa,Abril de 2007||1953,,MVM0127,“Íncubo e Súcubo”||Gravura
110,São Paulo||São Paulo||Brasil,02 Artes Visuais/Cinematográfica > 02.4 Estampa,Abril de 2007||1951,,MVM0126,“Harpias n° 1”||Gravura
111,São Paulo||São Paulo||Brasil,02 Artes Visuais/Cinematográfica > 02.4 Estampa,Abril de 2007||1951,,MVM0125,“Apocalipse”||Gravura
112,São Paulo||São Paulo||Brasil,02 Artes Visuais/Cinematográfica > 02.4 Estampa,2001,,MVM0124,“Ciranda”||Gravura
113,São Paulo||São Paulo||Brasil,02 Artes Visuais/Cinematográfica > 02.4 Estampa,2006,,MVM0123,“Ciranda negra”||Gravura
114,São Paulo||São Paulo||Brasil,02 Artes Visuais/Cinematográfica > 02.6 Pintura,28 de março de 200||2005,,MVM0122,Sem título||Pintura
115,Florianópolis||Santa Catarina||Brasil,10 Comunicação > 10.1 Documento,Agosto de 2006||2003,,MVM0121,"“Butano eclipsed island, blackout night worklab”"
116,Florianópolis||Santa Catarina||Brasil,02 Artes Visuais/Cinematográfica > 02.1 Construção Artística,Agosto de 2006||2003,,MVM0120,“Coleção de nuvens”
117,Florianópolis||Santa Catarina||Brasil,02 Artes Visuais/Cinematográfica > 02.1 Construção Artística,Agosto de 2006||2005,,MVM0119,“Oração – Intenção à Tarkovsky”
118,Florianópolis||Santa Catarina||Brasil,02 Artes Visuais/Cinematográfica > 02.1 Construção Artística,2004||2002-2004,,MVM0118,“Fora [do ar]”
119,,02 Artes Visuais/Cinematográfica > 02.6 Pintura,2005,"Imagem centralizada no papel composta por tons de cinza e preto. Na parte superior da imagem, forma que remete a idéia de espremedor de frutas. Na parte inferior, forma preenchida em tons de cinza. No verso, ao centro e na parte inferior, resquícios de tinta da fase de produção da obra.",MVM0117,Sem título||Pintura
120,,02 Artes Visuais/Cinematográfica > 02.4 Estampa,27 de março de 2006||2005,"Por toda extensão da obra, linhas negras sinuosas que se encontram, dando diferentes volumes e formas à composição. No verso, seta indicativa da posição da obra.",MVM0116,“Preciosos vasos condutores extraidores de vida de uma plumagem já falecida”||Gravura
121,Porto Alegre||Rio Grande do Sul||Brasil,02 Artes Visuais/Cinematográfica > 02.4 Estampa,1989,"Quadrado negro ao centro. Na parte superior ao quadrado à esquerda, pequena forma com 2 linhas negras cruzadas. Na parte inferior ao quadrado à direita, pequena forma de linhas negras com 2 pontas distintas. No interior do quadro, linha sinuosa vazada.",MVM0115,Sem título||Gravura
122,São Paulo||São Paulo||Brasil,10 Comunicação > 10.1 Documento,2003,,MVM0114,“Pequenos formatos (scottish mountains)”
123,Florianópolis||Santa Catarina||Brasil,02 Artes Visuais/Cinematográfica > 02.1 Construção Artística,2005,,MVM0113,"Sem título, da série “Cidades inventadas”"
124,,02 Artes Visuais/Cinematográfica > 02.2 Desenho,2005,,MVM0112,Sem título
125,,10 Comunicação > 10.1 Documento,março de 2005||2000,,MVM0111,Sem título||Fotografia
126,São Paulo||São Paulo||Brasil,02 Artes Visuais/Cinematográfica > 02.4 Estampa,31 de março de 2005||1986,,MVM0110,“Mistélia 20/60”||Gravura
127,,02 Artes Visuais/Cinematográfica > 02.4 Estampa,dezembro de 1997,,MVM0109,Sem título||Gravura
128,Florianópolis||Santa Catarina||Brasil,02 Artes Visuais/Cinematográfica > 02.4 Estampa,10 de novembro de 1999||1998/1999 (circa),,MVM0108,“Sombras”||Gravura
129,Fortaleza||Ceará||Brasil,02 Artes Visuais/Cinematográfica > 02.2 Desenho,2001,,MVM0107,"“Corpo emerso percurso oscilante”, da série “Canais do Aparelho Humano”||Desenho"
130,Fortaleza||Ceará||Brasil,02 Artes Visuais/Cinematográfica > 02.2 Desenho,2002,,MVM0106,"“Exíguos tentáculos das coisas amálgamas do homem”, da série “Canais do Aparelho Humano”||Desenho"
131,Florianópolis||Santa Catarina||Brasil,02 Artes Visuais/Cinematográfica > 02.1 Construção Artística,abril de 1999||1999,"Três rostos de figuras humanas (dois em cse e um em ebc), duas formas que remetem à ideia de coração estilizado (csd) e dois quadriláteros inscritos em um quadrado (cid).",MVM0105,Sem título
132,Curitiba||Paraná||Brasil,02 Artes Visuais/Cinematográfica > 02.2 Desenho,,Emaranhado de linhas circulares em grafite (c).,MVM0104,Sem título||Desenho
133,Florianópolis||Santa Catarina||Brasil,02 Artes Visuais/Cinematográfica > 02.1 Construção Artística,2004||2002-2004,,MVM0103,“Fora [do ar]”
134,Florianópolis||Santa Catarina||Brasil,10 Comunicação > 10.1 Documento,junho de 1998,"14 páginas de 14 x 32,5 cm cada/ frente e verso",MVM0102,“Das caixas”||Livro de artista
135,Florianópolis||Santa Catarina||Brasil,02 Artes Visuais/Cinematográfica > 02.2 Desenho,,,MVM0101,Sem título||Desenho
136,Florianópolis||Santa Catarina||Brasil,02 Artes Visuais/Cinematográfica > 02.2 Desenho,agosto de 2003,,MVM0100,Sem título||Desenho
137,Florianópolis||Santa Catarina||Brasil,10 Comunicação > 10.1 Documento,04 de fevereiro de 200||2003,,MVM0099,“Neblina”||Livro de artista
138,Florianópolis||Santa Catarina||Brasil,02 Artes Visuais/Cinematográfica > 02.2 Desenho,1999||12/06/1999,"Desenho em preto e branco da Rua Saldanha Marinho, no centro da cidade de Florianópolis. É possível observar os fundos do Museu Victor Meirelles no centro à direita do desenho.",MVM0098,“R. Sal. Marinho”||Desenho
139,,02 Artes Visuais/Cinematográfica > 02.6 Pintura,dezembro de 200||2000,"Doze círculos preenchidos por aguadas de nanquim em tons de preto, alinhados de quatro em quatro horizontalmente e de três em três verticalmente. Embaixo de cada círculo, número.",MVM0097,“Superfície saturada”||Pintura
140,Blumenau||Santa Catarina||Brasil,02 Artes Visuais/Cinematográfica > 02.6 Pintura,1999||1993,Rosto de figura humana composto por manchas negras. Olho esquerdo escondido pelo cabelo.,MVM0096,Sem título||Pintura
141,Florianópolis||Santa Catarina||Brasil,02 Artes Visuais/Cinematográfica > 02.2 Desenho,1994||1990 (circa),Desenho de casa na cor laranja (c).,MVM0095,“A última olaria da rua dos ... (Atual Av. Mauro Ramos)”||Desenho
142,,10 Comunicação > 10.1 Documento,2003,"Fotografia das costas de duas mãos fechadas que se encontram sobre um fundo branco, no centro da obra.",MVM0094,“Encaixe”||Fotografia
143,Florianópolis||Santa Catarina||Brasil,10 Comunicação > 10.1 Documento,1999,Fotografia de um homem que tem sua cabeça substituída por um ovo.,MVM0093,“Invisível a ovo nu”||Fotografia
144,Florianópolis||Santa Catarina||Brasil,02 Artes Visuais/Cinematográfica > 02.4 Estampa,agosto de 1996||1995,"Obra figurativa, com menina no canto direito árvore ao centro e gato no centro do canto esquerdo da obra.",MVM0092,Sem título||Gravura
145,,02 Artes Visuais/Cinematográfica > 02.4 Estampa,Dezembro de 2004||1998,"Quadrado formado por linhas negras na vertical e na horizontal que se entrecruzam. Deste encontro, surgem linhas vazadas resultantes de manchas chapadas. Na parte inferior do quadrado, área em que não prevalecem linhas de cor, com inscrições.",MVM0091,“Amo a regra que corrige”||Gravura
146,Florianópolis||Santa Catarina||Brasil,02 Artes Visuais/Cinematográfica > 02.2 Desenho,1995||1991,Desenho de barco à vela ocupando toda a extensão do suporte.,MVM0090,Sem título||Desenho
147,Florianópolis||Santa Catarina||Brasil,02 Artes Visuais/Cinematográfica > 02.6 Pintura,1997||1997,"Casario e igreja do bairro de Santo Antônio de Lisboa em Florianópolis.||Casario com paredes em tons de branco e rosa, janelas e portas em tons de azul e marrom e igreja. Ao centro, rua por onde circulam pessoas em direção à igreja. Céu com nuvens.",MVM0089,Sem título||Pintura
148,Florianópolis||Santa Catarina||Brasil,10 Comunicação > 10.1 Documento,2001||1997,,MVM0088,"“Ateliê de Cléber Teixeira, Ed. Noa Noa, Fpolis”||Fotografia"
149,Rio de Janeiro||Rio de Janeiro||Brasil,02 Artes Visuais/Cinematográfica > 02.3 Escultura,dezembro de 2004||2002/2003,,MVM0087,"Sem título, da série “Amílcares”||Escultura, livro"
150,Florianópolis||Santa Catarina||Brasil,02 Artes Visuais/Cinematográfica > 02.4 Estampa,maio de 1995||1994,,MVM0086,“Fiat Lux”||Gravura
151,São Paulo||São Paulo||Brasil,02 Artes Visuais/Cinematográfica > 02.2 Desenho,2002||1991,"Paisagem retratada por mancha colorida em diagonal da parte superior esquerda à inferior direita, mancha colorida retangular no canto à esquerda da obra e mancha colorida por toda parte inferior da obra. Figura humana ao centro.",MVM0085,“Pescador de camarão debaixo da Ponte (Lagoa)”
152,,02 Artes Visuais/Cinematográfica > 02.4 Estampa,1979,,MVM0084,“Os primeiros raios deste amanhecer”||Gravura
153,,02 Artes Visuais/Cinematográfica > 02.4 Estampa,2002||1996,"Formas que remetem a figuras humanas de diferentes tamanhos. À direita, a maior delas com o braço esticado. Na parte inferior da obra, forma que puxa veículo de tração. À esquerda, emaranhado de linhas negras.",MVM0083,“Homens de Papel (23)”
154,Cabo Frio||Rio de Janeiro||Brasil,02 Artes Visuais/Cinematográfica > 02.2 Desenho,1995,"Aproximadamente em dois terços da obra, mancha em tons de azul, branco e rosa, e, na parte inferior, mancha em tons de verde e marrom. Assinatura do autor (ebc), por onde se estende mancha clara.",MVM0082,Sem título
155,Florianópolis||Santa Catarina||Brasil,02 Artes Visuais/Cinematográfica > 02.4 Estampa,fevereiro de 199||1998,,MVM0081,Sem título||Gravura
156,Florianópolis||Santa Catarina||Brasil,02 Artes Visuais/Cinematográfica > 02.4 Estampa,outubro de 199||1997,,MVM0080,“...Los caminos se aglomeran en vano: despertar es somar los caminos...”||Gravura
157,Rio de Janeiro||Rio de Janeiro||Brasil,02 Artes Visuais/Cinematográfica > 02.4 Estampa||Abstrato,1997||1990,"Sobre fundo em tom grafite, quadrilátero preenchido por linhas negras de diferentes espessuras que convergem para distintas direções.  Compondo com as linhas negras, 3 faixas em tons de terra em posições diagonais. No canto inferior à direita ao quadrado, assinatura e data e, à esquerda, “P/A”.",MVM0079,Sem título||Gravura
158,São Leopoldo||Rio Grande do Sul||Brasil,02 Artes Visuais/Cinematográfica > 02.4 Estampa,2001||2000,"Sobre fundo em tons de azul, na parte inferior ao centro, em TNT, forma triangular em tons de magenta /rosa/vermelho inserido em polígono da mesma cor.",MVM0078,“Entrar no Azul é Passar para o Outro Lado do Espelho III”||Gravura
159,Kassel||Hessen||Alemanha,02 Artes Visuais/Cinematográfica > 02.1 Construção Artística,junho de 1999||11/1998 - 02/1999,Corredor do Mercado Público de Florianópolis retratado ao centro do papel sobre quadrado em tons de laranja com textura.,MVM0077,“Memória insular – mercado”
160,Belo Horizonte||Minas Gerais||Brasil,02 Artes Visuais/Cinematográfica > 02.4 Estampa,1997||1992,,MVM0076,Sem título||Gravura
161,Florianópolis||Santa Catarina||Brasil,02 Artes Visuais/Cinematográfica > 02.4 Estampa,junho de 1996||1996,A obra de formas abstratas possui duas “bolas” pretas e uma faixa central na cor vermelha. No canto inferior esquerdo há uma mancha na cor cinza.,MVM0075,“Verão”||Gravura
162,Dresden||Saxónia||Alemanha,02 Artes Visuais/Cinematográfica > 02.2 Desenho,2010||1995,"Figuras retas e em forma de cones, cobertos por coloração cinza, azul e verde.",MVM0074,“Paisagem a caminho de Dresden”||Desenho
163,Rio de Janeiro||Rio de Janeiro||Brasil,02 Artes Visuais/Cinematográfica > 02.1 Construção Artística,2001||2001,"Sobre fundo branco, três quadriláteros grandes, sendo 1 negro e 2 em tons de cinza. Sobre quadrilátero à esquerda em tons de cinza, 3 quadrados pequenos pretos e 2 quadros brancos na parte superior. Sobre quadrilátero à direita, negro, o quadrilátero em tons de cinza e sobre este 3 retângulos brancos e 2 retângulos em tons de laranja. Ao longo da obra, 3 linhas sinuosas em tons de laranja.",MVM0073,Sem título||Colagem
164,,02 Artes Visuais/Cinematográfica > 02.2 Desenho,2010||2000,"No primeiro plano, busto de figura humana de perfil e forma vazada branca. No segundo plano, fundo com laterais em tons de marrom e centro em tons de azul. No verso, marcas de tinta, sujidades e, na parte inferior à direita, “5”.",MVM0072,“Cyber”||Desenho
165,Grenoble||Delfinado||França,02 Artes Visuais/Cinematográfica > 02.2 Desenho,setembro de 1995||1995 (circa),Desenho de manto e pés de forma retorcida com um dos pés sobre uma base. Asa desenhada no canto superior esquerdo da obra.,MVM0071,Sem título||Desenho
166,,02 Artes Visuais/Cinematográfica > 02.2 Desenho,,Utilização da língua do artista para confecção das manchas.||Manchas negras que formam arestas de quadrilátero de traços não contínuos.,MVM0070,Sem título
167,Curitiba||Paraná||Brasil,02 Artes Visuais/Cinematográfica > 02.4 Estampa,22 de agosto de 2003||2002,"Duas manchas (cse, ebc) formadas por linhas negras de distintas espessuras.",MVM0069,Sem título||Gravura
168,Florianópolis||Santa Catarina||Brasil,02 Artes Visuais/Cinematográfica > 02.4 Estampa,1994||1994,Modificações no panorama da cidade de Florianópolis vista a partir de um mesmo ângulo em diferentes tempos. É retratada a ocupação da cidade.||Cinco panoramas da cidade de Florianópolis em diferentes tempos alinhados verticalmente.,MVM0068,“Florianópolis – perfis”||Cartaz
169,Florianópolis||Santa Catarina||Brasil,10 Comunicação > 10.1 Documento,2010||__/01/2004,"Visto do interior do túnel ‘Deputada Maria Antonieta de Barros’, Florianópolis, SC||Trecho curvilíneo de túnel. Iluminação desigual vinda do lado esquerdo.",MVM0067,Sem título||Fotografia
170,Ilha Ischia||Itália,02 Artes Visuais/Cinematográfica > 02.6 Pintura,1854,"Este estudo de traje foi realizado durante o primeiro período de pensionato de Victor Meirelles na Itália (1853/1856).||Figura religiosa masculina em pé, em ambiente externo, com vestes vermelha e branca, touca vermelha, segurando uma folha de papel na mão esquerda. Cabelos e barbas castanho-claro.",MVM0066,Estudo de traje||Pintura
171,Ilha Ischia||Itália,02 Artes Visuais/Cinematográfica > 02.6 Pintura,1854,"Este estudo de traje foi realizado durante o primeiro período de pensionato de Victor Meirelles na Itália (1853/1856).||Figura feminina sentada em ambiente externo, com uma construção com torre ao fundo, voltada para esquerda com braço esquerdo apoiado nas pernas e braço direito apoiado em uma possível almofada. Blusa branca, saia azul. Pele e toucado brancos, colar marrom.",MVM0065,Estudo de traje||Pintura
172,,02 Artes Visuais/Cinematográfica > 02.2 Desenho,2004||1859/1860 (circa),"Este é um estudo para a obra “A Primeira Missa do Brasil”, que retrata a segunda cerimônia aqui realizada e simbolizava a conquista da terra e sua cristianização.||Duas mãos, direita acima da esquerda, segurando objeto em forma de bastão.",MVM0064,Estudo para “Primeira missa no Brasil” (mãos)||Desenho
173,Rio de Janeiro||Rio de Janeiro||Brasil,02 Artes Visuais/Cinematográfica > 02.2 Desenho,28/04/1951||1871/1872 (circa),"Este é um estudo para obra ‘Batalha Naval do Riachuelo’, pertencente ao Museu Histórico Nacional, no Rio de Janeiro. A Batalha Naval do Riachuelo ocorreu na manhã de 11 de junho de 1865, durante a Guerra do Paraguai.||Homem de costas deitado com o corpo reclinado apoiado sobre o cotovelo direito, com perna esquerda flexionada. Camisa de manga comprida, calça. Atravessado sobre as costas um cinturão, preso uma pequena bolsa na cintura.",MVM0063,Estudo para “Batalha Naval do Riachuelo”||Desenho
174,,02 Artes Visuais/Cinematográfica > 02.2 Desenho,28/04/1951||1874/1878,Este é um estudo para obra Batalha dos Guararapes que encontra-se no Museu Nacional de Belas Artes do Rio de Janeiro. Ela foi realizada por encomenda do governo. A Batalha do Guararapes retrata a expulsão dos holandeses ocorrida na Província de Pernambuco em 1648.||Antebraço e mão direita com insinuação de indumentária. Mão segura um bastão.,MVM0062,Estudo para “Batalha dos Guararapes”||Desenho
175,Rio de Janeiro||Rio de Janeiro||Brasil,02 Artes Visuais/Cinematográfica > 02.2 Desenho,1970||1874/1878 (circa),Este é um estudo para obra Batalha dos Guararapes que encontra-se no Museu Nacional de Belas Artes do Rio de Janeiro. Ela foi realizada por encomenda do governo. A Batalha do Guararapes retrata a expulsão dos holandeses ocorrida na Província de Pernambuco em 1648.||Esboço de soldados de perfil com armas em punho.,MVM0061,Esboço para “Batalha dos Guararapes”||Desenho
176,Itália,02 Artes Visuais/Cinematográfica > 02.6 Pintura,28/04/1951||1854/1856 (circa),Este estudo de traje foi realizado durante o primeiro período de pensionato de Victor Meirelles na Itália (1853/1856).||Figura feminina sentada de lado. Pé direito sobre uma almofada amamentando uma criança. Vestido marrom de manga comprida com avental creme. Toucado listrado sobre o toucdo bege descendo sobre os ombros até a cintura.,MVM0060,Estudo de traje||Pintura
177,Rio de Janeiro||Rio de Janeiro||Brasil,02 Artes Visuais/Cinematográfica > 02.2 Desenho||Pintura histórica,1970||1874/1878 (circa),Este é um estudo para obra Batalha dos Guararapes que encontra-se no Museu Nacional de Belas Artes do Rio de Janeiro. Ela foi realizada por encomenda do governo. A Batalha do Guararapes retrata a expulsão dos holandeses ocorrida na Província de Pernambuco em 1648.||Um braço direito com mão fechada e apoiada ao chão e um braço direito segurando um bastão. Ambos ostentam manga comprida,MVM0059,Estudo para “Batalha dos Guararapes”||Desenho
178,Rio de Janeiro||Rio de Janeiro||Brasil,02 Artes Visuais/Cinematográfica > 02.2 Desenho,28/04/1951||1852 (circa),Mão e braço direito segurando bastão com parte de vestimenta aparente.,MVM0058,Sem título||Desenho
179,Rio de Janeiro||Rio de Janeiro||Brasil,02 Artes Visuais/Cinematográfica > 02.2 Desenho,28/04/1951||1871/1872 (circa),"Este é um estudo para obra ‘Batalha Naval do Riachuelo’, pertencente ao Museu Histórico Nacional, no Rio de Janeiro. A Batalha Naval do Riachuelo ocorreu na manhã de 11 de junho de 1865, durante a Guerra do Paraguai.||Homem em posição de corrida sem camisa e com calça. Braço direito levantado na altura da cabeça.",MVM0057,Estudo para “Batalha Naval do Riachuelo”||Desenho
180,Florianópolis||Santa Catarina||Brasil,02 Artes Visuais/Cinematográfica > 02.6 Pintura||Paisagem,1970||1846 (circa),"Vista do largo da praça Matriz, hoje atual Praça XV. Ao fundo a Igreja Nossa Senhora do Rosário. Na lateral do largo da praça o Palácio do Governo, anterior a reforma do século XIX. No canto esquerdo da composição as torres da Igreja São Francisco. No largo da praça o autor retrata os diferentes tipos sociais, duas escravas, um casal branco mais dois homens de cartola e casaca que na época representava pertencerem a uma classe social mais rica. Um homem a cavalo com os mesmos trajes.||Casario por toda composição. Ao fundo esquerdo duas torres de igreja. A direita vista de uma igreja com inscrição ilegível abaixo.",MVM0056,Vista parcial da cidade de Nossa Senhora do Desterro (atual Florianópolis)||Pintura
181,Florianópolis||Santa Catarina||Brasil,02 Artes Visuais/Cinematográfica > 02.6 Pintura||Paisagem,1956||1846 (circa),"Panorama da baía sul da cidade Nossa Senhora do Desterro (atual Florianópolis). Movimento portuário devido a atividade comercial (“comércio de cabotagem”). Aparecem torres da Igreja do Rosário e o palácio do governador. No alto à direita, um edifício com torres (atual Hospital de Caridade). Na parte inferior do hospital, reproduz o antigo bairro da Toca, periferia da cidade.||Vista parcial de uma cidade. Em primeiro plano, à direita, porto e mar com embarcações. No lado esquerdo inferior, sobrados e casas de porta e janela, destacando-se as torres das igrejas. Ao fundo, morros com vegetação.",MVM0055,Vista parcial da cidade de Nossa Senhora do Desterro (atual Florianópolis)||Pintura
182,Itália,02 Artes Visuais/Cinematográfica > 02.6 Pintura,28/04/1951||1854/1856 (circa),"Este estudo de traje foi realizado durante o primeiro período de pensionato de Victor Meirelles na Itália (1853/1856).||Figura feminina, sentada de perfil. Cabeça reclinada para baixo, pé direito sobre uma pedra, mão direita apoiada sobre as pernas e esquerda sobre uma pedra. Saia azul, avental branco, blusa branca de manga comprida , cabelo de cor preta, preso com fivela  e um torçado duplo avermelhado em volta do coque.",MVM0054,Estudo de traje||Pintura
183,Itália,02 Artes Visuais/Cinematográfica > 02.6 Pintura,28/04/1951||1854/1856 (circa),"Este estudo de traje foi realizado durante o primeiro período de pensionato de Victor Meirelles na Itália (1853/1856).||Figura feminina sentada, voltada para esquerda com rosto apoiado na mão direita. Mão esquerda apoiada no joelho esquerdo, blusa branca, avental com quatro saias, sendo uma branca com lista azul, uma vermelha com barra azul, uma branca com diversas listras coloridas. Toucado azul com enfeite vermelho preso na cabeça e descendo pelas costas, colar de contas e sapato marrom com meia branca.",MVM0053,Estudo de traje||Pintura
184,Itália,02 Artes Visuais/Cinematográfica > 02.6 Pintura,28/04/1951||1854/1856 (circa),"Este estudo de traje foi realizado durante o primeiro período de pensionato de Victor Meirelles na Itália (1853/1856).||Figura feminina de pé de perfil. Corpo para esquerda, cabeça  para direita, braços apoiados na cintura. Vestindo saia azul com avental marrom, blusa manga comprida branca, colete marrom com laço vermelho no ombro direito, cabelo escuro preso com lenço vermelho e fivela dourada, brincos e colar.",MVM0052,Estudo de traje||Pintura
185,Itália,02 Artes Visuais/Cinematográfica > 02.6 Pintura,28/04/1951||1854/1856 (circa),"Este estudo de traje foi realizado durante o primeiro período de pensionato de Victor Meirelles na Itália (1853/1856).||Figura feminina de pé de costas. Cabeça de perfil para a direita, vestindo saia azul com barrado branco, blusa de mangas compridas vemelha com xale e avental brancos. Cabelo preto preso em coque com mantilha fixada descendo até abaixo do quadril.",MVM0051,Estudo de traje||Pintura
186,Itália,02 Artes Visuais/Cinematográfica > 02.6 Pintura,28/04/1951||1854/1856 (circa),"Este estudo de traje foi realizado durante o primeiro período de pensionato de Victor Meirelles na Itália (1853/1856).||Figura feminina de meio corpo de costas. Rosto de perfil para direita. Vestindo blusa branca, saia vermelha e avental branco. Na cabeça, toucado bege.",MVM0050,Estudo de traje||Pintura
187,Itália,02 Artes Visuais/Cinematográfica > 02.6 Pintura,28/04/1951||1854/1856 (circa),"Este estudo de traje foi realizado durante o primeiro período de pensionato de Victor Meirelles na Itália (1853/1856).||Figura feminina de pé de perfil. Cabeça inclinada para baixo. Dedo indicador esquerdo apoiado ao queixo e braço direito cruzado na cintura. Veste hábito religioso bege, avental negro, toucado cinza com barra preta. Porta rosário junto à cintura.",MVM0049,Estudo de traje||Pintura
188,Itália,02 Artes Visuais/Cinematográfica > 02.6 Pintura,28/04/1951||1854/1856 (circa),"Este estudo de traje foi realizado durante o primeiro período de pensionato de Victor Meirelles na Itália (1853/1856).||Figura feminina de pé de perfil virada para esquerda. Braços flexionados para frente apoiados na barriga. Saia azul com avental e blusa branca. Brincos, colares de pedra vermelha e um torçado de tecido amarrado em volta do coque.",MVM0048,Estudo de traje||Pintura
189,Itália,02 Artes Visuais/Cinematográfica > 02.2 Desenho,28/04/1951||1853/1856,Este estudo foi realizado durante o primeiro período de pensionato de Victor Meirelles na Itália (1853/1856).||Três figuras. Figura feminina corpo inteiro nu de perfil. Os braços e mãos esticados para frente. Pé esquerdo apoiado sobre uma base e a perna direita esticada para frente. Na lateral direita figuras nuas de costas sentadas com o torço inclinado para frente.,MVM0047b,Sem título||Desenho
190,Itália,02 Artes Visuais/Cinematográfica > 02.2 Desenho,28/04/1951||1855 (circa),"Este estudo de panejamento foi realizado durante o primeiro período de pensionato de Victor Meirelles na Itália (1853/1856).||Todas as figuras estão vestidas e adornadas com lenços, xales e chapéus. Algumas figuras estão sentadas e outras em pé.",MVM0047a,Estudo dos tipos populares||Desenho
191,Itália,02 Artes Visuais/Cinematográfica > 02.2 Desenho,28/04/1951||1854/1856 (circa),"Este estudo de panejamento foi realizado durante o primeiro período de pensionato de Victor Meirelles na Itália (1853/1856).||Figura masculina de perfil em pé, envolto em tecido. Cabeça virada para frente com bigode, barba e cabelo em cima da orelha.",MVM0046,Estudo de Panejamento||Desenho
192,Itália,02 Artes Visuais/Cinematográfica > 02.2 Desenho,28/04/1951||1854/1856 (circa),"Este estudo de panejamento foi realizado durante o primeiro período de pensionato de Victor Meirelles na Itália (1853/1856).||Figura masculina de perfil ajoelhada sobre degrau com almofada. Cabelos presos em coque, corpo envolto em planejamento e parte da mão direita descoberta.",MVM0045,Estudo de Panejamento||Desenho
193,Itália,02 Artes Visuais/Cinematográfica > 02.2 Desenho,28/04/1951||1854/1856 (circa),"Este estudo de panejamento foi realizado durante o primeiro período de pensionato de Victor Meirelles na Itália (1853/1856).||Figura masculina de perfil em pé, envolto em planejamento. Mão direita apoiada na cintura para dentro do planejamento e mão esquerda apoiando-se no peito.",MVM0044,Estudo de Panejamento||Desenho
194,Itália,02 Artes Visuais/Cinematográfica > 02.6 Pintura,23/11/1984||1855 (circa),"Salomé recebe a cabeça de São João Batista, assistida por Herodides. A cabeça de São João é ofertada, segurando-a pelos cabelos pelo Carrasco.",MVM0043,Degolação de São João Batista||Pintura
195,Florianópolis||Santa Catarina||Brasil,02 Artes Visuais/Cinematográfica > 02.6 Pintura||Paisagem,2000||1851 (circa),"Panorama da baía sul da Cidade Nossa Senhora do Desterro (atual Florianópolis), vista do adro da Igreja Nossa Senhora do Rosário e São Benedito. No canto esquerdo, identifica-se a Catedral da cidade e, do lado direito, as torres da igreja de São Francisco das Chagas.||Em primeiro plano, piso quadriculado finalizado por mureta. No segundo plano, ao centro, eixo na vertical formado por rua ladeada por casario. No canto direito, localiza-se edificação religiosa. Ao fundo, mar com algumas embarcações e montes recobertos por vegetação. A parte superior da obra é ocupada por representação do céu.",MVM0042,Vista parcial da cidade de Nossa Senhora do Desterro (atual Florianópolis)||Pintura
196,Rio de Janeiro||Rio de Janeiro||Brasil,02 Artes Visuais/Cinematográfica > 02.6 Pintura||Pintura histórica,28/04/1951||1874/1878 (circa),"Este é um estudo para obra Batalha dos Guararapes que encontra-se no Museu Nacional de Belas Artes do Rio de Janeiro. Ela foi realizada por encomenda do governo. A Batalha do Guararapes retrata a expulsão dos holandeses ocorrida na Província de Pernambuco em 1648.||Em primeiro plano, figuras masculinas distribuídas ao longo da obra. No centro, homens a cavalo portando espadas e lanças. Ao fundo, pouca vegetação e céu nebuloso.",MVM0041,Esboceto para “Batalha dos Guararapes”||Pintura
197,Rio de Janeiro||Rio de Janeiro||Brasil,02 Artes Visuais/Cinematográfica > 02.6 Pintura,23/11/1984||1898 (circa),"No primeiro plano, duas figuras de mendigo e uma criança no chão. Em pé à esquerda o Bispo diante da visão da Virgem Maria com menino nos braços, aparecendo entre as nuvens. À direita e ao fundo figuras e trechos de rua.",MVM0040,Estudo para “Invocação à Virgem”||Pintura
198,,02 Artes Visuais/Cinematográfica > 02.6 Pintura||Figuras humanas | Retrato,28/04/1951,"Cabeça de mulher de perfil deitada sobre travesseiro branco. Cabelos castanhos longos e lisos, olhos cerrados e brinco de argola dourado.",MVM0039,A morta||Pintura
199,Rio de Janeiro||Rio de Janeiro||Brasil,02 Artes Visuais/Cinematográfica > 02.6 Pintura||Figuras humanas | Retrato,28/04/1951||1865 (circa),"Homem calvo de barba e bigode brancos, cabeça inclinada para a esquerda da pintura, olhar expressivo para o canto direito inferior, corpo envolto por um manto vermelho. Parte da mão esquerda descoberta. Fundo em tons de verde.",MVM0038,Cabeça de Velho||Pintura
200,Rio de Janeiro||Rio de Janeiro||Brasil,02 Artes Visuais/Cinematográfica > 02.6 Pintura||Pintura histórica,28/04/1951||1874/1878 (circa),"Este é um estudo para obra Batalha dos Guararapes que encontra-se no Museu Nacional de Belas Artes do Rio de Janeiro. Ela foi realizada por encomenda do governo. A Batalha do Guararapes retrata a expulsão dos holandeses ocorrida na Província de Pernambuco em 1648.||Homem deitado com as pernas para cima. Perna direita levantada, inacabada. Homem louro calvo, barba e bigodes louros. Veste túnica vermelha, faixa verde com laço atrás, calça verde de outro tom.",MVM0037,Estudo para “Batalha dos Guararapes” (guerreiro holandês caído)||Pintura
201,Itália,02 Artes Visuais/Cinematográfica > 02.6 Pintura,23/11/1984||1854/1856 (circa),"Este estudo de traje foi realizado durante o primeiro período de pensionato de Victor Meirelles na Itália (1853/1856).||Figura masculina portando chapéu, camisa clara, colete com a frente vermelho e botões dourados. Calça verde escura, sapato com perneira marrom. Montado em cavalo com vara na mão direita e rédea na mão esquerda.",MVM0036,Estudo de traje||Pintura
202,Itália,02 Artes Visuais/Cinematográfica > 02.6 Pintura,23/11/1984||1854/1856 (circa),"Este estudo de traje foi realizado durante o primeiro período de pensionato de Victor Meirelles na Itália (1853/1856).||Mulher sentada de perfil com cabeça virada para o ombro direito. Torçado vermelho de três voltas preso aos cabelos com fivela. Veste blusa branca, colete amarelo, saia verde com barrado vermelho sob avental vermelho.",MVM0035,Estudo de traje||Pintura
203,,02 Artes Visuais/Cinematográfica > 02.6 Pintura,23/11/1984,Figura feminina de perfil à direita. Veste blusa branca com renda no decote e mangas curtas. Ombro direito nu e cabelo preto preso em coque.,MVM0034,Cabeça de mulher||Pintura
204,Rio de Janeiro||Rio de Janeiro||Brasil,02 Artes Visuais/Cinematográfica > 02.6 Pintura,23/11/1984||1864 (circa),"Cena do casamento da Princesa Isabel com Conde d´Eu, príncipe Gastão de Orleans realizado na Catedral Metropolitana do Rio de Janeiro, em 1864.",MVM0033,Estudo para “Casamento da Princesa Isabel”||Pintura
205,,10 Comunicação > 10.1 Documento||Retrato,1952||1915 (circa),"Retrato de frente, em preto e branco, retocado em lápis. Paletó, colete, camisa branca e gravata borboleta.",MVM0032,Retrato de Victor Meirelles||Fotografia
206,Rio de Janeiro||Rio de Janeiro||Brasil,02 Artes Visuais/Cinematográfica > 02.2 Desenho||Pintura histórica,28/04/1951||1874/1878 (circa),"Este é um estudo para obra Batalha dos Guararapes que encontra-se no Museu Nacional de Belas Artes do Rio de Janeiro. Ela foi realizada por encomenda do governo. A Batalha do Guararapes retrata a expulsão dos holandeses ocorrida na Província de Pernambuco em 1648.||Busto de homem, com olhos arregalados, cabelos lisos pretos, bigode e cavanhaque. Chapéu preto com penas verde, vermelha e amarela. Capote verde, gola branca, cordão dourado envolto no pescoço com cruz pendente. Escudo preso no braço esquerdo. Ao fundo figura esboçada de chapéu.",MVM0031,Estudo para “Batalha dos Guararapes” (Felipe Camarão)||Desenho
207,,02 Artes Visuais/Cinematográfica > 02.6 Pintura||Figuras humanas | Retrato,23/11/1984,"Homem com cabeça flexionada para baixo, com barba e olhando à direita. Veste camisa branca , paletó verde claro e manta verde musgo.",MVM0030,Cabeça de homem||Pintura
208,,02 Artes Visuais/Cinematográfica > 02.6 Pintura||Figuras humanas | Retrato,28/04/1951,"Cabeça de homem, olhar ligeiramente estrábico. Cabelos alongados castanhos, bigode e barba em tons mais claros, vestimenta marrom e ponta de pequena gravata por sob a barba.",MVM0029,Cabeça de homem||Pintura
209,,02 Artes Visuais/Cinematográfica > 02.6 Pintura||Paisagem,28/04/1951||1868/1872 (circa),"Este é um estudo para obra Passagem do Humaitá, pertencente ao Museu Histórico Nacional. A obra, realizada por encomenda do Ministro da Marinha, retrata o domínio da navegação no Rio Paraguai pelo feito do capitão-de-mar-e guerra Delfim de Carvalho durante a Guerra da Tríplice Aliança, para onde o artista foi em 1868, instalando-se a bordo do Brasil, navio chefe da Divisão. Durante meses Victor Meirelles esteve embarcado, assistindo aos bombardeios, presenciando então a rendição de Humaitá (25/06/1868). A passagem de Humaitá foi conseguida a 19/02/1868 com 6 navios brasileiros: Baía, Alagoas, Rio Grande, Barroso, Tamandaré e Pará, eram esses navios encouraçados em sua primeira fase.||Paisagem tendo em primeiro plano um barranco de terra vermelha. Árvores à esquerda e ao fundo vegetação. Céu com poucas nuvens.",MVM0028,Esboço de paisagem para “Passagem do Humaitá”||Pintura
210,Rio de Janeiro||Rio de Janeiro||Brasil,02 Artes Visuais/Cinematográfica > 02.6 Pintura||Figuras humanas | Retrato,18 de agosto de 2017||1870,"Retrato da baronesa Ribeiro de Almeida, esposa do almirante João Ribeiro de Almeida (1827-1908), chefe do Corpo de Saúde Naval e conselheiro médico da família imperial brasileira. O barão Ribeiro de Almeida foi também membro da Academia de Medicina e do Instituto Histórico e Geográfico Brasileiro (Ver Ficha Catalográfica MNBA).||Figura feminina representada até a altura do busto, voltada para a esquerda, pele branca e cabelos escuros presos para trás e caindo em cachos. Usa um traje escuro, com um decote baixo e quadrado, deixando visível a parte superior da blusa branca, que está por dentro, de decote também quadrado, com renda na borda, da mesma cor. Os adornos que usa são, um fio de pérolas grandes com um pendente dourado e oval ao centro, e um brinco com pendente dourado e oval, à mostra na orelha esquerda, à direita da composição.",MVM0027,Retrato de senhora com traje de 1870||Pintura
211,Itália,02 Artes Visuais/Cinematográfica > 02.6 Pintura,23/11/1984||1853/1856 (circa),"Meio perfil de menina com os olhos para o alto, cabelos pretos sobre os ombros. Vestimenta escura com pequena renda clara no decote.",MVM0026,Estudo de cabeça de menina||Pintura
212,Paris||França,02 Artes Visuais/Cinematográfica > 02.6 Pintura||Cópia,23/11/1984||1856/1858 (circa),"Em Paris, Meirelles dedicou-se a uma atividade fecunda, pintou enormemente, realizou cópias de quadros célebres e compôs telas próprias. Foi o momento de plena expansão de sua capacidade na Europa. Reproduziu a obra de Ary Schaefer “As Mulheres Suliotas”. Fez uma verdadeira neurose, repetidos estudos fragmentários, conservando tal hábito por toda a sua vida.||Em primeiro plano figuras femininas e crianças seminuas. Ao fundo cena de batalha.",MVM0025,Mulheres suliotas||Pintura
213,Paris||França,02 Artes Visuais/Cinematográfica > 02.6 Pintura,28/04/1951||1859/1860 (circa),"Este é um estudo para obra Primeira Missa no Brasil que se encontra no Museu Nacional de Belas Artes do Rio de Janeiro. A obra Primeira Missa no Brasil representa a realização da primeira missa católica realizada pelos portugueses em território brasileiro.||Fundo acinzentado. Na parte superior, capacete de metal cinza chumbo com dourado e na parte inferior da composição, ombreira de metal.",MVM0024,Estudo para “Primeira Missa no Brasil”||Pintura
214,Paris||França,02 Artes Visuais/Cinematográfica > 02.6 Pintura||Cópia,23/11/1984||1857/1858 (circa),,MVM0023,“Le Rodeau de la Meduse” [O Naufrágio da Medusa]||Pintura
215,,02 Artes Visuais/Cinematográfica > 02.6 Pintura||Cópia,23/11/1984,"Cena bíblica com Cristo e os apóstolos. Cristo aparece em um momento de bastante aflição no mar, sobre as águas. O apóstolo Pedro vem em sua direção comprovando a sua fé.||Na porção média da obra, homem à esquerda veste túnica vermelha com manto azul e apresenta braço esquerdo estendido em direção à figura masculina próxima a uma pequena embarcação movida a remo, ocupada por nove homens em posições diversas.",MVM0022,Cristo sobre as ondas||Pintura
216,,02 Artes Visuais/Cinematográfica > 02.6 Pintura||Paisagem | Pintura histórica,23/11/1984||1868/1870 (circa),"Este é um estudo para obra Passagem do Humaitá, pertencente ao Museu Histórico Nacional. A obra, realizada por encomenda do Ministro da Marinha, retrata o domínio da navegação no Rio Paraguai pelo feito do capitão-de-mar-e guerra Delfim de Carvalho. Esse esboceto foi feito no próprio cenário da Guerra da Tríplice Aliança, para onde o artista foi em 1868, instalando-se a bordo do Brasil, navio chefe da Divisão. Durante meses Victor Meirelles esteve embarcado, assistindo aos bombardeios, presenciando então a rendição de Humaitá (25/06/1868). A passagem de Humaitá foi conseguida a 19/02/1868 com 6 navios brasileiros: Baía, Alagoas, Rio Grande, Barroso, Tamandaré e Pará, eram esses navios encouraçados em sua primeira fase.||Em primeiro plano, homens em pequenas embarcações. No plano médio, embarcação maior ocupada por soldados. A porção superior do quadro é tomada pelo céu e nuances de fumaça advindos da embarcação.",MVM0021,Estudo para “Passagem do Humaitá”||Pintura
217,,02 Artes Visuais/Cinematográfica > 02.6 Pintura,23/11/1984,Busto de velho com barba longa e bigode brancos. Mão direita segurando um bastão apoiada à cabeça olhando a frente.,MVM0020,Cabeça de Velho||Pintura
218,Florianópolis||Santa Catarina||Brasil,02 Artes Visuais/Cinematográfica > 02.6 Pintura||Paisagem,1970||1849 (circa),"Vista parcial do centro da antiga Nossa Senhora do Desterro, atual cidade de Florianópolis (provavelmente do alto da Rua Felipe Schmidt). Ao fundo torres das Igrejas Nossa Senhora do Rosário e São Benedito, da Catedral Metropolitana e da Igreja de São Francisco de Assis.||Em primeiro plano casario tendo os telhados em maior evidência. Ao fundo, vegetação, campanário e torres de igrejas.",MVM0019,Vista parcial da cidade de Nossa Senhora do Desterro (atual Florianópolis)||Pintura
219,,02 Artes Visuais/Cinematográfica > 02.2 Desenho,28/04/1951,Vista de baía. À esquerda árvores. À direita embarcações a ela. Ao fundo casas e montanhas. Ao centro pequena construção.,MVM0018,Estudo de paisagem||Desenho
220,Rio de Janeiro||Rio de Janeiro||Brasil,02 Artes Visuais/Cinematográfica > 02.2 Desenho||Desenho histórico,28/04/1951||1874/1878 (circa),"Este é um estudo para obra Batalha dos Guararapes que encontra-se no Museu Nacional de Belas Artes do Rio de Janeiro. Ela foi realizada por encomenda do governo. A Batalha do Guararapes retrata a expulsão dos holandeses ocorrido na Província de Pernambuco em 1648.||Croqui de figuras não definidas em posição de combate em toda parte superior do suporte. À direita, figuras com armas e tambores. Ao centro para esquerda, figuras empinando cavalos. Na parte inferior do suporte, texto com pequena descrição da composição (vide inscrição).",MVM0017,Estudo para “Batalha dos Guararapes”||Desenho
221,,02 Artes Visuais/Cinematográfica > 02.2 Desenho,28/04/1951,Antebraço e mão direita segurando um livro entreaberto pelo dedo indicador.,MVM0016,Estudo para retrato||Desenho
222,Rio de Janeiro||Rio de Janeiro||Brasil,02 Artes Visuais/Cinematográfica > 02.2 Desenho||Desenho,1970||1879 (circa),Este é um estudo para obra Batalha dos Guararapes que encontra-se no Museu Nacional de Belas Artes do Rio de Janeiro. Ela foi realizada por encomenda do governo. A Batalha do Guararapes retrata a expulsão dos holandeses ocorrida na Província de Pernambuco em 1648.||Braço direito com blusa de manga comprida. Mão com a palma semi aberta virada para cima.,MVM0015,Estudo para “Batalha dos Guararapes”||Desenho
223,,02 Artes Visuais/Cinematográfica > 02.2 Desenho,1970,"Estudo de mão direita, com dedos levemente flexionados para dentro da palma da mão. Insinuação de punhos de manga. (Revisto por Rafael Muniz de Moura, 21/01/2013).",MVM0014,Estudo para retrato||Desenho
224,Rio de Janeiro||Rio de Janeiro||Brasil,02 Artes Visuais/Cinematográfica > 02.6 Pintura||Retrato,1970,"Pedro Peres (1841 – 1923), aluno de Victor Meirelles, pinta retrato do professor na Academia Imperial de Belas Artes (Rio de Janeiro/RJ).||Busto de homem (identificado). Rosto virado para a direita, cabelos e bigodes brancos. Camisa branca com gravata borboleta azul e lapela marrom.",MVM0013,Retrato de Victor Meirelles||Pintura
225,Rio de Janeiro||Rio de Janeiro||Brasil,02 Artes Visuais/Cinematográfica > 02.2 Desenho||Desenho histórico,28/04/1951||1874/1878 (circa),"Este é um estudo para obra Batalha dos Guararapes que encontra-se no Museu Nacional de Belas Artes do Rio de Janeiro. Ela foi realizada por encomenda do governo. A Batalha do Guararapes retrata a expulsão dos holandeses ocorrido na Província de Pernambuco em 1648.||Composição da Batalha, área central, homem montado no cavalo empinado com espada na mão direita levantado, outras figuras em posição de combate. Na parte inferior direita outros esboços de figura humana.",MVM0012,Estudo para “Batalha dos Guararapes”||Desenho
226,Paris||França,02 Artes Visuais/Cinematográfica > 02.2 Desenho,28/04/1951||1859/1860 (circa),"Este é um estudo para a obra “A Primeira Missa do Brasil”, que retrata a segunda cerimônia aqui realizada e simbolizava a conquista da terra e sua cristianização.||Estudos de pernas e pés em várias posições, tomando todos os espaços do papel.",MVM0011,Estudo para “Primeira Missa no Brasil”||Desenho
227,Itália,02 Artes Visuais/Cinematográfica > 02.6 Pintura,28/04/1951||1854/1856 (circa),"Este estudo de traje foi realizado durante o primeiro período de pensionato de Victor Meirelles na Itália (1853/1856).||Figura feminina sentada, com pé direito apoiado sobre uma almofada, rosto virado para a esquerda, braço esquerdo apoiado no joelho esquerdo, vestindo uma saia marrom, avental branco, blusa com mangas azuis, luvas brancas, cabelos de cor preta, toucado marrom e fita vermelha nos cabelos.",MVM0010,Estudo de traje||Pintura
228,Itália,02 Artes Visuais/Cinematográfica > 02.6 Pintura,28/04/1951||1854/1856 (circa),"Este estudo de traje foi realizado durante o primeiro período de pensionato de Victor Meirelles na Itália (1853/1856).||Figura feminina apoiada com pé direito, e esquerdo com sapato preto, mãos direita segurando um jarro de cerâmica e mão esquerda apoiando um jarro de cerâmica, blusa branca com decote aberto, saia azul com faixa na barra vermelha, branco e azul, toucado branco na cabeça.",MVM0009,Estudo de traje||Pintura
229,Itália,02 Artes Visuais/Cinematográfica > 02.6 Pintura,28/04/1951||1854/1856 (circa),"Este estudo de traje foi realizado durante o primeiro período de pensionato de Victor Meirelles na Itália (1853/1856).||Figura feminina ajoelhada em almofada cinza, hábito de freira bege, véu cinza, mãos postas em posição de oração.",MVM0008,Estudo de traje||Pintura
230,Itália,02 Artes Visuais/Cinematográfica > 02.6 Pintura,28/04/1951||1854/1856 (circa),"Este estudo de traje foi realizado durante o primeiro período de pensionato de Victor Meirelles na Itália (1853/1856).||Figura feminina em pé, de perfil, mão direita cruzada sobre a cintura, rosto virado a direita, mão esquerda levantada na altura da cintura, vestindo saia azul com barrado branco, sobresaia branca, blusa branca, colar e brincos, cabelos pretos amarrados atrás.",MVM0007,Estudo de traje||Pintura
231,Itália,02 Artes Visuais/Cinematográfica > 02.6 Pintura,28/04/1951||1854/1856 (circa),"Este estudo de traje foi realizado durante o primeiro período de pensionato de Victor Meirelles na Itália (1853/1856).||Figura feminina de pé e perfil, vestindo saia marrom, com blusa bufante branca sobreposta a outra vermelha de punho branco, avental azul com decoração branca, vermelho e azul no barrado, lateral e cintura, colar de contas vermelho com duas voltas, toucado branco, sapatos pretos.",MVM0006,Estudo de traje||Pintura
232,Itália,02 Artes Visuais/Cinematográfica > 02.6 Pintura,28/04/1951||1854/1856 (circa),"Este estudo de traje foi realizado durante o primeiro período de pensionato de Victor Meirelles na Itália (1853/1856).||Figura feminina em pé, corpo de frente, cabeça levemente virada à esquerda, mão direita apoiada num muro, mão esquerda dobrada na cintura, vestindo sai amarela, avental branco, blusa de mangas comprida branca, corpete azul, vermelho e branco, brincos, cabelos pretos preso atrás.",MVM0005,Estudo de traje||Pintura
233,Itália,02 Artes Visuais/Cinematográfica > 02.6 Pintura,28/04/1951||1854/1856 (circa),"Este estudo de traje foi realizado durante o primeiro período de pensionato de Victor Meirelles na Itália (1853/1856).||Figura feminina sentada com mãos sobre as pernas, lenço amarelo no cabelo, avental azul, saia marrom, blusa branca com mangas compridas.",MVM0004,Estudo de traje||Pintura
234,Itália,02 Artes Visuais/Cinematográfica > 02.6 Pintura,28/04/1951||1854/1856 (circa),"Este estudo de traje foi realizado durante o primeiro período de pensionato de Victor Meirelles na Itália (1853/1856).||Figura feminina de perfil olhando para a direita, braços cruzados sobrepondo a mão esquerda na cintura, vestindo saia em tons de bege e cinza, avental azul, casaco curto azul, cabelos pretos presos com uma fita bege, brincos de pérola.",MVM0003,Estudo de traje||Pintura
235,,02 Artes Visuais/Cinematográfica > 02.2 Desenho,1970,"Estudo de mão direita e mão esquerda estendidas para baixo. Mão direita com dedos estendidos e polegar escondido. Mão esquerda com dedos levemente flexionados para dentro da palma da mão. Insinuação de punhos de manga. (Revisto por Rafael Muniz de Moura, 14/01/2013).",MVM0002,Estudo para retrato||Desenho
236,Ronciglione||Viterbo||Itália,02 Artes Visuais/Cinematográfica > 02.2 Desenho||Paisagem,28/04/1951||1853/1856 (circa),"Este estudo para paisagem foi realizado durante o primeiro período de pensionato de Victor Meirelles na Itália (1853/1856)||Agrupamento de edificações sobre um morrote. No lado esquerdo terminando em barranco com algumas casas em baixo. Pedras soltas rodeadas por vegetação “morro”.
Paisagem com vista da cidade de Ronciglione, Itália. Na porção esquerda, conjunto de edificações térreas e com no máximo três pavimentos. Destaca-se próxima à margem esquerda igreja com uma cúpula e uma torre. Na porção direita, traços soltos para representar a vegetação. Na porção central, hachuras. No canto inferior à direita representação de rochas soltas. No canto inferior à esquerda, traços soltos que constituem um morro onde as construções estão apresentadas. Pequeno grupo de casas embaixo no centro. Terço superior destinado ao céu (sem traços). Por Fernando Chíquio Boppré, 09/11/2011.",MVM0001,Vista de Ronciglione||Desenho
