,Abrangência/ Cobertura,Assunto/ palavras-chave,Autor,Data,Descrição,Identifier,Título
0,Não identificado,02 Artes Visuais/Cinematográfica > 02.3 Escultura,Não identificado,Não identificada||Século XX,Cristo em broze e cruz de madeira com detalhes geométricos em toda a sua extensão. Detalhes em plastico branco duro  e detalhes em madrepérola.,GO.99.029.848,Escultura||Crucifixo
1,Não identificado,02 Artes Visuais/Cinematográfica > 02.3 Escultura,Não identificado,Não identificada||Não identificada,Cristo crucificado em bronze. Cruz de madeira e a imagem de Nossa Senhora na parte inferior feita de bronze.,GO.99.029.849,Escultura||Cruz com Cristo e Nossa Senhora
2,Itália,02 Artes Visuais/Cinematográfica > 02.3 Escultura,Não identificado,Não identificada||Século XX,Tamanho diversos. Com douramento dentro delas parecidas com ouro desfragmentados dentro delas.,GO.99.029.520,Escultura||Presépio
3,Não identificado,02 Artes Visuais/Cinematográfica > 02.3 Escultura,Sandra,Não identificada||Não identificada,Peças feita de argila com madeira.,GO.99.029.880,Escultura||Presépio
4,Não identificado,02 Artes Visuais/Cinematográfica > 02.3 Escultura,Ailton,Não identificada||Não identificada,Presépio esculpido com casca de cajá,GO.99.029.891,Escultura||Presépio
5,Brasil > Goiás,02 Artes Visuais/Cinematográfica > 02.3 Escultura,Ailton,Não identificada||Não identificada,Presépio esculpido em pedra sabão,GO.99.029.879,Escultura||Presépio
6,Não identificado,09 Objetos Cerimoniais > 09.3 Objeto de Culto,Não identificado,Não identificada||Século XX,"Cristo crucificado. Escultura em madeira policromada, de pé com braços e pernas presos na cruz, cabeça levemente inclinada para baixo.",GO.99.029.265,Escultura||Cristo Morto
7,Brasil > Goiás > Cidade de Goiás,02 Artes Visuais/Cinematográfica > 02.3 Escultura,José Joaquim da Veiga Valle,1971||Século XIX,"Figura masculina de pé, esculpida em madeira, preso ao tronco, corpo nu.",GO.99.029.461,Escultura||São Sebastião
8,Não identificado,09 Objetos Cerimoniais > 09.3 Objeto de Culto,José Joaquim da Veiga Valle,Não identificada||Século XIX,"Escultura do Menino Deus em madeira esculpida e policromada. Base quadrada, almofada com bambolins, na cabeça resplendor de ouro.",GO.99.029.340,Escultura||Menino Deus
9,Não identificado,09 Objetos Cerimoniais > 09.3 Objeto de Culto,José Joaquim da Veiga Valle,Não identificada||Século XIX,"Escultura de São Jerônimo esculpida e policromada, pintada em preto.",GO.99.029.254,Escultura||São Jerônimo
10,Não identificado,09 Objetos Cerimoniais > 09.3 Objeto de Culto,Não identificado,Não identificada||Século XVIII,"Escultura em marfim de Jesus crucificado, entalhada. Perizônio decorado com bolas, gregas e frisos.",GO.99.029.211,Escultura||Jesus Crucificado
11,Não identificado,09 Objetos Cerimoniais > 09.3 Objeto de Culto,José Joaquim da Veiga Valle,Não identificada||Século XIX,"Sant'Ana Mestra em madeira esculpida e policromada, dourado, rosa, azul escuro e claro, vermelho, carnação rosa, marmorizado.",GO.99.029.208,Escultura||Sant'Ana Mestra
12,Não identificado,09 Objetos Cerimoniais > 09.3 Objeto de Culto,Não identificado,Não identificada||Século XVIII,"Imagem de Cristo crucificado,entalhado  em marfim, com chagas pelo corpo.",GO.99.029.212,Escultura||Jesus Crucificado
13,Não identificado,09 Objetos Cerimoniais > 09.3 Objeto de Culto,José Joaquim da Veiga Valle,Não identificada||Século XIX,"Nossa Senhora das Mercês em madeeira cedro esculpida e policromada, peanha quadrangular, almofada com bambolins, braços abertos, coroa na cabeça.",GO.99.029.342,Escultura||Nossa Senhora das Mercês
14,Brasil > Goiás,09 Objetos Cerimoniais > 09.3 Objeto de Culto,José Joaquim da Veiga Valle,Não identificada||Século XIX,Escultura em madeira cedro esculpida. Braços e mãos articulados.,GO.99.029.458,Escultura||Nossa Senhora das Dores
15,Não identificado,09 Objetos Cerimoniais > 09.3 Objeto de Culto,Não identificado,Não identificada||Século XX,"Figura feminida sentada, em porcelana píntada em policromia.",GO.99.029.506,Escultura||Sant'Ana
16,Não identificado,09 Objetos Cerimoniais > 09.3 Objeto de Culto,Não identificado,Não identificada||Século XVIII,Escultura em madeira esculpida e policromada. Menino Deus encaixado no manto da Virgem.,GO.99.029.462,Escultura||Nossa Senhora do Rosário
17,Portugal,09 Objetos Cerimoniais > 09.3 Objeto de Culto,Não identificado,Não identificada||Século XVIII,"Imagem de Santa Luzia em madeira esculpida e policromada em amarelo, rosa azul claro, azul escuro, prata e dourado.",GO.99.029.463,Escultura||Santa Luzia
18,Não identificado,09 Objetos Cerimoniais > 09.3 Objeto de Culto,Não identificado,Não identificada||Século XIX,Peça esculpida em madeira.,GO.99.029.465,Escultura||São Sebastião
19,Não identificado,09 Objetos Cerimoniais > 09.3 Objeto de Culto,Henrique Veiga Valle,Não identificada||Século XIX,Figura de menino de pé em posição frontal.,GO.99.029.466,Escultura||Menino Jesus
20,Não identificado,09 Objetos Cerimoniais > 09.3 Objeto de Culto,Não identificado,Não identificada||Século XIX,"Imagem em madeira policromada, esculpida, pintada, com carnação bege e chagas no corpo.",GO.99.029.474,Escultura||Cristo Morto
21,Brasil > Goiás > Cidade de Goiás,09 Objetos Cerimoniais > 09.3 Objeto de Culto,Henrique Veiga Valle,Não identificada||Século XIX,"Peça em madeira cedro, base em cor vermelha que sustenta o menino Jesus.",GO.99.029.476,Escultura||Menino Jesus
22,Não identificado,09 Objetos Cerimoniais > 09.3 Objeto de Culto,José Joaquim da Veiga Valle,Não identificada||Século XIX,"Peça em madeira cedro século XIX, esculpida pelo artista Veiga Valle, base quadrada em vermelho.",GO.99.029.474,Escultura||Menino Jesus
23,Não identificado,09 Objetos Cerimoniais > 09.3 Objeto de Culto,Não identificado,Não identificada||Século XVIII,Peça em madeira policromada do sécuo XIX de autoria desconhecida. Base em madeira  octagonal em cores vermelho e verde.,GO.99.029.480,Escultura||Nossa Senhora do Amparo
24,Portugal,09 Objetos Cerimoniais > 09.3 Objeto de Culto,Não identificado,Não identificada||Século XVIII,"Figura feminina de pé, segurando menino Jesus. Peça esculpida em madeira com pintura em policromia.",GO.99.029.481,Escultura||Nossa Senhora do Rosário
25,Não identificado,09 Objetos Cerimoniais > 09.3 Objeto de Culto,Não identificado,Não identificada||Século XIX,,GO.99.029.479,Crucifixo||Crucifixo com Cristo
26,Portugal,09 Objetos Cerimoniais > 09.3 Objeto de Culto,Não identificado,Não identificada||Século XVIII,Cristo Cruxificado em Madeira policromada.,GO.99.029.478,Escultura||Cristo crucificado
27,Não identificado,09 Objetos Cerimoniais > 09.3 Objeto de Culto,Não identificado,Não identificada||Século XX,Peça em madeira com asas semi-abertas inacabada.,GO.99.029.564,Escultura||Águia
28,Não identificado,02 Artes Visuais/Cinematográfica > 02.3 Escultura,Não identificado,Não identificada||Século XX,"Figura masculina de meia idade de pé, com uma mão aberta e outra apontando para o coração.",GO.99.029.094,Escultura||Sagrado Coração de Jesus
29,Não identificado,02 Artes Visuais/Cinematográfica > 02.3 Escultura,Não identificado,Não identificada||Século XVIII,Figura feminina em posição frontal.,GO.99.029.008,Escultura||Nossa Senhora
30,Não identificado,02 Artes Visuais/Cinematográfica > 02.3 Escultura,Não identificado,Não identificada||Século XIX,Figura masculina segurando cajado com a mão direita. Peça se abre formando um pequeno oratório com passagem bíblica.,GO.99.029.009,Escultura||Bispo
31,Brasil > Goiás > Goiânia,02 Artes Visuais/Cinematográfica > 02.3 Escultura,José Joaquim da Veiga Valle,Não identificada||Século XIX,"Figura feminina de pé posição frontal cabeça erguida, cabelos longos partidos ao meio caindo sobre os ombros, braço direito flexionado, mão espalmada apoiada à frente e  esquerdo flexionado com a mão espalmada segurando o manto e o menino Deus com corpo torcido olhando para a virgem. Pernas flexionadas braço esquerdo estendido, véu curto vermelho caindo em pontas nas costas, ricamente ornamentado, círculos com buquês de flores ramadas em barra de ouro. Xale sobre os ombros drapeado pintado nas cores de verde, azul, rosa e vermelho. Veste túnica azul pastel longa presa na cintura estampado em flores e ramagens douradas. Manga dobrada na altura do cotovelo com uma manga justa vermelha de coração quadriculada com pequenas bolas douradas. Manto azul ultramar com verso vermelho caindo sobre o ombro esquerdo e volta ao corpo terminado em ponta.  Ornato compõem todo o campo, medalhão emoldurado com volutas ramagens rosas flores de acantos, quadrinhos com bolas. Perna direita flexionada apoiada no pedestal formando de nuvens nas cores azul, vermelho e amarelo com bolinhas douradas. Na frente três cabeças de anjos. Penha oitava em vermelho.",GO.99.029.128,Escultura||Nossa Senhora do Parto
32,Não identificado,02 Artes Visuais/Cinematográfica > 02.3 Escultura,Não identificado,Não identificada||Século XIX,"Figura masculina de pé cabeça erguida. Olhos ao longe, barba longa cerrada, bigode, cabelos longos para trás com mechas partido ao meio. Braço direito flexionado para cima, mão semi aberta com o dedo indicador estendido, braço esquerdo flexionado, mão em posição de segurar firmando o breviário na cintura e uma cruz longa. Sobre o breviário um Cordeiro. Túnica de pastor curta preso na cintura por um cinto preso. A direita uma cabaça pernas retas a direita um pouco flexionados à frente, peanha quadrada com cantos batidos com um galho de árvores pintado de verde marmorizado.",GO.99.029.127,Escultura||São João do Deserto
33,Não identificado,02 Artes Visuais/Cinematográfica > 02.3 Escultura,Não identificado,Não identificada||Século XVIII,"Figura feminina, posição frontal, sentada. Cabelos longos. Cabeça levemente inclinada a esquerda. Olhos baixos de vidro. Braços flexionados, o direito para frente, o esquerdo apoiado nas costas de Nossa Senhora. Livro aberto apoiado no joelho esquerdo. Pernas flexionadas a direita um pouco a frente, sapatos pretos. Túnica longa cintada. Manto longo, envolvendo o corpo com vestígio de pintura vermelha com flores douradas. Nossa Senhora de pé, de perfil, cabeça inclinada para frente. Cabelos em mechas caído nas costas. Olhar voltado para o livro. Braços flexionados. Veste túnica longa com vestígio de pintura, cintada. Manto longo envolvendo todo o corpo. Cadeira com pés em cachimbo, vermelha. Peanha retangular com ângulos batidos.",GO.99.029.024,Escultura||Sant'Ana Mestra
34,Brasil > Goiás > Goiânia,02 Artes Visuais/Cinematográfica > 02.3 Escultura,José Joaquim da Veiga Valle,Não identificada||Século XIX,"Figura feminina em pé e posição frontal. Veste túnica longa azul claro, decorado com ramagem e flores douradas, na cintura forma a blusa mangas três quartos, abaixo manga longa justa. Manto longo com barra dourada, ornamentada com folhas de cicauto, ramagem, volutas, medalhões com borda dourada. Véu curto. Base formada por nuvens com cabeças de anjos. Peanha oval marmorizada em verde. O braço esquerdo segura o menino despido.",GO.99.029.106,Escultura||Nossa Senhora do Parto
35,Não identificado,02 Artes Visuais/Cinematográfica > 02.3 Escultura,Não identificado,Não identificada||Século XX,"Figura feminina deitada em esquife de madeira policromada com pequeno desenho em alto relevo. Veste túnica de cetim branca damascado com fita azul na cintura, manto azul cobrindo a cabeça contornado por galão dourado, olhos entreabertos, cabelo postiço e coroa artesanal em tecido. Braços móveis com mãos espalmadas postas junto ao peito. Pés calçam sandálias.",GO.99.029.108,Escultura||Nossa Senhora da Boa Morte
36,Não identificado,02 Artes Visuais/Cinematográfica > 02.3 Escultura,Não identificado,Não identificada||Século XIX,"Imagem de cristo morto, cabeça caída para direita, cabelos longos caídos sobre os ombros e costas, partido do meio. Olhos fechados nariz aquilíneo, barba cerrada longa com bigode. Braços estendidos em V. Perisônio branco atado por um cordão com ponta caindo à direita. Corpo magro. Perna direita flexionada com pé sobre o pé esquerdo, com orifício para cravo. Chagas nas costas, joelhos pernas e tórax,  escorrendo sangue sobre todo corpo. crucifixo com base semi-circular composta por frisos côncavos e convexos. Cruz de travas retas, chanfrados, título em metal com pontas recortadas e letras em relevo.",GO.99.029.021,Escultura||Crucifixo
37,Não identificado,02 Artes Visuais/Cinematográfica > 02.3 Escultura,José Joaquim da Veiga Valle,Não identificada||Século XIX,"Figura masculina de pé, de frente, corpo levemente pendido a esquerda, cabeça reta. Cabelos dourados partidos do lado esquerdo com mechas anelados e curtos. Topete alto a esquerda, penteado para trás juntado nas costas. Olhos de vidro.boca fechada. Queixo curto e grosso. Pescoço curto. Braço direito flexionado, mão semi aberta em posição de benção. O esquerdo na diagonal afastado do corpo. Pernas firmes, a direita flexionada a esquerda servindo de apoio. pés com afastamento a direita um pouco a frente. Corpo despido com a presença dos genitais, encaixado na almofada por pino, almofada vermelha bronze retangular com xadrez dourado, nos cantos bambolim dourado. Globo azul ultramar. Pecúlio oitavada marmorizada.",GO.99.029.022,Escultura||Menino Jesus
38,Não identificado,02 Artes Visuais/Cinematográfica > 02.3 Escultura,Não identificado,Não identificada||Século XIX,"Imagem de pé, de frente, cabeça levemente pendida, olhos baixos, nariz reto, boca fechada com leve sorriso. Fisionomia serena. Cabelos lisos, incisos, calvos. Barba curta, incisa e inteira. Pescoço curto e atarracado. Braços flexionados, mão esquerda segurando manto. Pés com grande afastamento. Túnica longa, vermelha com decoração dourada, decote em V, debruado de dourado. Manto longo, arredondado caído sobre o ombro esquerdo e envolvendo corpo e cruzado à frente; vermelho com fundo azul decorado de flores vermelhas. Peanha retangular com ângulos batidos, verde. Furo na cabeça onde se fixava resplendor. Policromia.",GO.99.029.228,Escultura||São Joaquim
39,Não identificado,02 Artes Visuais/Cinematográfica > 02.3 Escultura,Não identificado,Não identificada||Século XIX,"Cristo de frente, cabeça pendida a esquerda, olhos fechados, boca entreaberta, cabelos incisos lisos, compridos, barba curta incisa. Perizônio preso com cordão duplo e panejamento. Policromia.",GO.99.029.246,Escultura||Cristo crucificado
40,Não identificado,02 Artes Visuais/Cinematográfica > 02.3 Escultura,Não identificado,Não identificada||Não identificada,"Base e cruz em madeira. Cristo morto, fundido em metal com um circulo na cabeça que assemelha se a um chapéu chinês virado para cima. ",GO.1958.029.888,Escultura||Crucifixo
41,Não identificado,02 Artes Visuais/Cinematográfica > 02.3 Escultura,Não identificado,Não identificada||Século XIX,"Figura masculina em pé e posição frontal. Barba partida ao meio, boca fechada. Olhos de vidro com círios e sobrancelhas grandes. Túnica lilas com dourado e manto sobre o ombro esquerdo amarelo e azul com decorações em fitomórficos. Cabelos compridos e usa botas. Peanha retangular.",GO.99.029.499,Escultura||São José
42,Não identificado,02 Artes Visuais/Cinematográfica > 02.3 Escultura,Não identificado,Não identificada||Século XIX,"Figura masculina de pé na posição frontal. Olhos de vidro. Boca pequena. Rosto sereno, cabelos curtos com textura. Pés afastados e descalços. Hábito beneditino preso a cintura. Peanha retangular vermelha. Policromia com carnação bege, túnica marrom e dourado, livro vermelho, peanha vermelha e azul.",GO.99.029.498,Escultura||Santo Antônio
43,Não identificado,02 Artes Visuais/Cinematográfica > 02.3 Escultura,Não identificado,Não identificada||Século XX,"Figura masculina de pé em posição frontal. Cabelos longos encaracolados, partido ao meio caindo sobre os ombros. Olhos para baixo, boca grande e fechada, barba cerrada e fisionomia triste. Túnica longa bege presa na cintura por cordão. Coração ferido em alto relevo no tórax. Policromia em bege, vermelho e marrom.",GO.99.029.497,Escultura||Sagrado Coração de Jesus
44,Não identificado,02 Artes Visuais/Cinematográfica > 02.3 Escultura,Não identificado,Não identificada||Século XIX,"Figura masculina, meia idade, de pé, posição frontal, cabelos em estrias, orelhas recortadas, olhar direcionado. Braço direito ligeiramente flexionado e braço esquerdo flexionado com mão segurando a bíblia. Perna direita levemente flexionada, esquerda reta, pés distanciados calçados com botas. Veste habito com túnica preta atada com cordão de dourado, com ponta reta e nó na cintura e uma bíblia fechada vermelha. Peanha retangular com quinas chanfradas e um lado do pé esquerdo com pintura verde.",GO.99.029.471,Escultura||São Bento
45,Não identificado,02 Artes Visuais/Cinematográfica > 02.3 Escultura,Não identificado,Não identificada||Século XX,"Menino Jesus com cabeça levemente inclinada, cabelos curtos ondulados, olhos bem abertos, boca entreaberta, nariz aquilino. Corpo robusto, semi-nu, braço esquerdo estendido, braço direito elevado, pé esquerdo sobre o direito. Perizônio branco com viés dourado. Carnação bege rosada.",GO.99.029.530,Escultura||Menino Jesus
46,Não identificado,02 Artes Visuais/Cinematográfica > 02.3 Escultura,Não identificado,Não identificada||Século XVIII,"Figura masculina de pé, posição frontal. Cabelos curtos em mechas. Barba cerrada, bigode longo. Braço direito flexionado com a mão espalmada sobre o peito. Perna direita flexionada e a esquerda serve de apoio. Veste túnica longa azul de friso dourado no decote e na barra, cintada por cordão. Manto laranjado forro azul claro com barra dourada. Base retangular formando volutas nos cantos e no centro reto atrás.",GO.99.029.239,Escultura||São Pedro
47,Não identificado,02 Artes Visuais/Cinematográfica > 02.3 Escultura,Não identificado,Não identificada||Século XIX,"Imagem de pé, posição frontal, cabeça levantada, olhar para baixo e para frente, cabelos longos caídos nas costas, cobertos por véu curto. Braços flexionados, mãos em posição de segurar, veste túnica longa em verde, manto azul marinho e vermelho. Pisa sobre um globo em forma de nuvens. Peanha quadrada de forma piramidal.",GO.99.029.504,Escultura||Nossa Senhora da Abadia
48,Não identificado,02 Artes Visuais/Cinematográfica > 02.3 Escultura,Não identificado,Não identificada||Século XIX,"Imagem de pé, posição frontal, ligeiramente inclinada para a esquerda, cabelos partidos ao meio, longos lisos caindo sobre os ombros. Braços flexionados, mãos postas. Túnica longa azul com estamparia em flores. Manto azul com verso vermelho. Base oval com desenhos fitomorfos e a lua quarto crescente. Peanha oval. Orifício interno na base da imagem. Policromia. Carnação em bege.",GO.99.029.503,Escultura||Nossa Senhora da Conceição
49,Não identificado,02 Artes Visuais/Cinematográfica > 02.3 Escultura,Não identificado,Não identificada||Século XIX,"Imagem de pé, posição frontal, cabelos curtos com tonsura, na mão direita um livro. Pés afastados, túnica longa sendo hábito beneditino atado a cintura por cordão, gola com capuz de forma triangular. Peanha retangular preta. Policromia.",GO.99.029.502,Escultura||Santo Antônio
50,Não identificado,02 Artes Visuais/Cinematográfica > 02.3 Escultura,Não identificado,Não identificada||Século XIX,"Menino jesus de frente, cabeça levemente inclinada a direita. Olhos abertos direcionados ao longe. Cabelos dourados com mechas as pontas. Braço direito flexionado em ângulos para cima. Pernas direita com ligeiro flexionado e esquerda reta em afastamento. Nos pés pequenos buracos para a sustentação.",GO.99.029.238,Escultura||Menino Jesus
51,Não identificado,02 Artes Visuais/Cinematográfica > 02.3 Escultura,Não identificado,Não identificada||Século XIX,"Figura de criança de pé, posição frontal, cabelos encaracolados e presos à nuca. Veste túnica branca até a altura do joelho, fazendo bico na frente. Manto caindo do ombro esquerdo. Um livro na mão esquerda. Pernas meio afastadas. Pisa uma peanha de forma octogonal.",GO.99.029.501,Escultura||Menino Deus
52,Não identificado,02 Artes Visuais/Cinematográfica > 02.3 Escultura,Não identificado,Não identificada||Século XIX,"Figura masculina sentada de frente. Cabeça pendida a frente, olhos baixos, nariz reto. Cabelos curtos. Barba longa partida ao meio. Braço direito flexionado para o alto mão fechada com os dedos médio e e polegar reto. Pernas flexionadas em afastamento, pé direito descalço. Veste túnica longa. manto caindo dos ombros arredondados. Peanha retangular e recortada formando nuvens com três querubins a frente.",GO.99.029.237,Escultura||Divino Pai Eterno
53,Não identificado,02 Artes Visuais/Cinematográfica > 02.3 Escultura,Não identificado,Não identificada||Século XIX,"Figura de criança de pé, posição frontal, cabeça reta, cabelos anelados, embutidos nas pontas. Tórax cheio, ventre saliente. Olhos pintados, nariz chato e boca pequena. Corpo nu, aparecendo os genitais. Pernas retas meio afastadas. Está encaixado na almofada por um pino. Globo azul, peanha octogonal pintada de vermelho.",GO.99.029.500,Escultura||Menino Deus
54,Não identificado,02 Artes Visuais/Cinematográfica > 02.3 Escultura,José Joaquim da Veiga Valle,Não identificada||Século XIX,"Peça de madeira, tendo o corpo de pé e asas abertas. Cabeça ligeiramente flexionada para a esquerda. Olhos abertos, bico vermelho para frente, pernas flexionadas. Pés para frente. Pintada de prata com riscos dourados imitando penas.",GO.99.029.249,Escultura||Pomba do Divino
55,Não identificado,02 Artes Visuais/Cinematográfica > 02.3 Escultura,Não identificado,Não identificada||Século XIX,"Figura feminina de pé sobre nuvens, posição frontal. Cabelos longos caídos nos ombros, cabeça coberta por véu curto caído em ponta nas costas. Perna direita flexionada a esquerda firme. Veste túnica longa. Decote redondo, drapeado, presa a cintura por faixa azul clara estampada com flores vermelhas e douradas. Manto longo caindo dos ombros envolta do corpo preso sob o braço esquerdo cai em ponta. Peanha quadrada com frisos e cantos cortados.",GO.99.029.236,Escultura||Nossa Senhora da Conceição
56,Não identificado,02 Artes Visuais/Cinematográfica > 02.3 Escultura,Não identificado,Não identificada||Século XIX,"Figura de cristo, cabeça erguida, cabelos longos, barba longa, olhos abertos. Braços estendidos em forma de y, mãos abertas com furos. Tórax com as costelas salientes, perizônio amarrado do lado direito, com ponta caída. Pernas paralelas, pé direito por cima do esquerdo, com um cravo no centro",GO.99.029.259,Escultura||Crucifixo
57,Não identificado,02 Artes Visuais/Cinematográfica > 02.3 Escultura,Não identificado,Não identificada||Século XIX,"Figura masculina de pé, posição frontal. Braço esquerdo estendido, mão espalmada apoiando um  livro, capa vermelha, dorso dourado com um pino no meio no qual deveria estar o menino jesus. Corpo pendido a direita veste hábito franciscano preso a cintura por cordão formado de três nós caído do lado direito. Perna flexionada, esquerda reta. Base quadrada com os cantos cortados.",GO.99.029.235,Escultura||Santo Antônio
58,Não identificado,02 Artes Visuais/Cinematográfica > 02.3 Escultura,Não identificado,Não identificada||Século XIX,"Mestra Sant'Ana de pé, posição frontal, cabelos partidos ao meio cobertos por véu rosa arredondado caindo nas costas.  Túnica azul claro, manto vermelho. Braço esquerdo a figura de menina que segura um livro aberto. Menina em posição frontal, cabelos partidos ao meio em bandó. Braços estendidos com as mãos esquerda espalmada segurando o livro a direita fechada com dedo polegar apontando o livro. Túnica longa, branca com drapeado a cintura por cinto. Manto caindo do ombro esquerdo envolta ao corpo preso as pontas no braço esquerdo. Ambas com furo na cabeça. Perna direita flexionada esquerda reta. Base octogonal. Policromia clara.",GO.99.029.242,Escultura||Mestra Sant'Ana
59,Não identificado,02 Artes Visuais/Cinematográfica > 02.3 Escultura,Não identificado,Não identificada||Século XIX,"Pescoço musculoso. Pernas finas. A direita com joelho levemente flexionado, perna esquerda estendida. Perisônia branca com  estamparia dourada, entrelaçada. Preso por um nó. Nas costas vermelho representando as chagas de Jesus.",GO.99.029.257,Escultura||Senhor bom Jesus da coluna
60,Não identificado,02 Artes Visuais/Cinematográfica > 02.3 Escultura,Não identificado,Não identificada||Século XIX,"Imagem de pé, posição frontal, cabelos inciso longos partido ao meio, braço direito estendido com a mão semi aberta. O esquerdo flexionado sobre o peito, mão espalmada. Túnica longa, manto preso no braço esquerdo envolta ao corpo uma ponta preso a cintura lado esquerdo. Pisando sobre nuvens e volutas no centro um anjo. Perna esquerda reta a direita com flexionamento. Peanha oitavada.",GO.99.029.241,Escultura||Nossa Senhora dos Anjos
61,Não identificado,02 Artes Visuais/Cinematográfica > 02.3 Escultura,Não identificado,Não identificada||Século XIX,"Figura masculina de pé, posição frontal. Olhos direcionados, barba cerrada, cabelo curto, braço direito estendido, braço esquerdo estendido segurando um livro de capa vermelha e dorso dourado. Veste túnica preta longa com capuz com ponta em v caindo nas costas com a barra dourada. Pés em afastamento com sapatos pretos. Peanha quadrada.",GO.99.029.231,Escultura||São Bento
62,Não identificado,02 Artes Visuais/Cinematográfica > 02.3 Escultura,Não identificado,Não identificada||Século XIX,"Figura feminina de pé, posição frontal, cabeça levemente inclinada para baixo.  Olhos abertos, cabelos longos e lisos cobertos por véu. Braços flexionados e quebrados. Túnica e manto escurecido deixando algumas partes douradas. na base contém cabeças de arcanjos.",GO.99.029.250,Escultura||Nossa Senhora da Conceição
63,Não identificado,02 Artes Visuais/Cinematográfica > 02.3 Escultura,Não identificado,Não identificada||Século XX,Figura feminina em posição frontal. Cabelos longos caindo mechas nos ombros e costas. Túnica longa presa a cintura por cordão e decote drapeado. Peanha retangular com ângulos abatidos e três cabeças de anjos na parte superior.,GO.99.029.229,Escultura||Nossa Senhora com Menino
64,Não identificado,02 Artes Visuais/Cinematográfica > 02.3 Escultura,Não identificado,Não identificada||Século XIX,"Figura masculina em pé, posição frontal. Barba e bigode. Peça esculpida em um único bloco, policromada de amarelo, dourado, rosa, azul claro. Florões esgrafiados. Orifício para resplendor na cabeça. Túnica longa vermelha decorada com flores douradas.",GO.99.029.227,Escultura||São José de Botas
65,Não identificado,02 Artes Visuais/Cinematográfica > 02.3 Escultura,Não identificado,Não identificada||Século XVII,"Figura feminina em pé, posição frontal.  Braço direito estendido a frente com a mão segurando o pé do menino jesus. Menino Jesus sentado de frente com o braço direito estendido na horizontal tendo na mão o globo. Veste túnica branca longa presa na cintura por um cordão dourado, mato longo azul caindo do ombro esquerdo envolvendo o corpo preso abaixo da mão direita. Peanha ovalada com base em madeira com três rostos.",GO.99.029.230,Escultura||Nossa Senhora Com menino Jesus
66,Não identificado,02 Artes Visuais/Cinematográfica > 02.3 Escultura,Não identificado,Não identificada||Século XIX,"Figura masculina em pé, posição frontal. Escultura composta de um só parte, carnação clara, policromia, túnica pele curta, manto em vermelho e verso amarelo.",GO.99.029.226,Escultura||São João Batista
67,Não identificado,02 Artes Visuais/Cinematográfica > 02.3 Escultura,Não identificado,Não identificada||Século XIX,"Sant'Ana de pé, sentada, mão espalmada apoiada nas costas de Nossa Senhora, direita flexionada para frente, mão segurando o livro aberto que tem orla dourada apoiada na perna. Túnica azul longa cintada, véu curto. Nossa Senhora de pé, de perfil, cabelos longos coberto com véu curto, túnica longa estampada e manto longo azul. Cadeira de assento reto. Peanha fixa, vermelha e retangular com ângulos sem arestas. Policromia azul turquesa, verde água, amarelo, vermelho, carnação clara, douramento, ramagem.",GO.99.029.218,Escultura||Sant'Ana Mestra
68,Não identificado,02 Artes Visuais/Cinematográfica > 02.3 Escultura,Não identificado,Não identificada||Século XIX,"Sant'Ana sentada, posição frontal, cabelos escuros longos partidos ao meio para trás, véu curto, braço direito flexionado para frente, mão segurando o livro aberto apoiado ao joelho esquerdo. Mão esquerda apoiada nas costas de Nossa Senhora. Túnica marrom com manto ciando ombro esquerdo. Cadeira e pés  e espaldar reto. Nossa Senhora de pé de perfil, cabeça inclinada a direita, cabelo partido ao meio longo caído nas costas, dedo indicador direito apontando o livro, braço esquerdo sobre o livro. Túnica longa azul faixa vermelha na cintura. Peanha triangular. Policromada, carnação clara.",GO.99.029.240,Escultura||Sant'Ana e Nossa Senhora
69,Não identificado,02 Artes Visuais/Cinematográfica > 02.3 Escultura,Não identificado,Não identificada||Século XIX,"Figura feminina de pé, cabeça erguida, na testa sinal de sangue, resplendor de prata em formato de leque desenho de bola e ramo na base, orifício no meio da cabeça. Mão em posição de segurar e outra segurando cruz de ferro. Coifa branca, capa preta longa presa ao pescoço por fivela. Véu preto curto. Base octagonal marrom com verde.",GO.99.029.143,Escultura||Santa Rita
70,Não identificado,02 Artes Visuais/Cinematográfica > 02.3 Escultura,Não identificado,Não identificada||Século XIX,"Senhora Sant'Ana sentada, posição frontal, mão espalmada segurando um livro aberto, apoiado no joelho, mão esquerda sobre as costas de Nossa Senhora, calça sapatos pretos, túnica longa rosa com flores douradas. Nossa Senhora de pé, de frente, braço direito flexionado com a mão sobre o livro, túnica azul com estampa barra dourada, manto azul com vermelho liso. Cadeira de assento reto, espaldar alto. Base quadrada com cantos cortados",GO.99.029.217,Escultura||Sant'Ana e Nossa Senhora
71,Não identificado,02 Artes Visuais/Cinematográfica > 02.3 Escultura,Não identificado,Não identificada||Século XX,"Figura feminina de pé em posição frontal. Esculpido em terracota formada de uma só parte. Policromia de cor vermelha, azul, dourada, rosa e laranja. Barrados dourados.",GO.99.029.225,Escultura||Santa Bárbara
72,Não identificado,02 Artes Visuais/Cinematográfica > 02.3 Escultura,Não identificado,Não identificada||Século XIX,"Senhora Sant'Ana sentada, de frente, mão direita segurando o livro aberto e esquerda nas costas de Nossa Senhora. Túnica vermelha, manto longo caído no joelho direito. Nossa Senhora de pé, levemente de perfil. Túnica e manto longo azul verso vermelho caindo nas costas. Véu curto. Cadeira pé reto. Peanha retangular ângulos dianteiro batido atrás reto. Policromia azul, vermelho e amarelo.",GO.99.029.215,Escultura||Sant'Ana Mestra
73,Não identificado,02 Artes Visuais/Cinematográfica > 02.3 Escultura,Não identificado,Não identificada||Século XIX,"Figura feminina em pé e posição frontal. Boca fechada, braços cruzados no peito. Túnica longa azul claro com rosas. Véu longo caindo nas costas azul com flores. Peanha em forma de montes.",GO.99.029.224,Escultura||Nossa Senhora das Dores
74,Não identificado,02 Artes Visuais/Cinematográfica > 02.3 Escultura,Não identificado,Não identificada||Século XIX,"São Sebastião de pé, posição frontal, amarrado ao tronco, mãos espalmadas, braço direito flexionado para o alto e esquerdo para baixo. Peça formada em dois blocos, carnação, policromia, cores verde, branco e preto. Pequena peanha sextavada.",GO.99.029.214,Escultura||São Sebastião
75,Não identificado,02 Artes Visuais/Cinematográfica > 02.3 Escultura,Não identificado,Não identificada||Século XIX,"Figura masculina de pé em posição frontal. Olhos baixos, boca fechada, cabelos curtos. Segura um livro de capa vermelha. hábito preto decorado de dourado de ordem franciscana, calça sandálias. Peanha oval com cantos batidos",GO.99.029.223,Escultura||Santo Antônio
76,Não identificado,02 Artes Visuais/Cinematográfica > 02.3 Escultura,Não identificado,Não identificada||Século XIX,"Figura masculina, posição frontal. Cabelos escuros aparados. Olhar direcionado. Barba curta e bigode. Braço direto flexionado a frente com a mão em posição de segurar. Pernas firmes com pés em afastamento. Veste hábito de ordem longo preso a cintura em tom cinza. Capa sacerdotal rosa preso no peito por presilha. Base octogonal.",GO.99.029.222,Escultura||São Camilo de Lelis
77,Não identificado,02 Artes Visuais/Cinematográfica > 02.3 Escultura,Não identificado,Não identificada||Século XVIII,"Figura feminina. de pé, posição frontal. Cabeça erguida, ligeiramente inclinada a esquerda, olhar direcionado. Cabelos partidos ao meio longo com mechas caindo nos ombros. Braços flexionados (possivelmente tinha as mãos postas). Veste túnica longa branca cintada, mangas longas decorado bolas douradas. Manto azul com verso rosa caindo no ombro direito envolta ao corpo. Véu curto cinza. Base oval formada por nuvens e a lua quarto crescente. Peanha quadrada com cantos abatidos.",GO.99.029.221,Escultura||Nossa Senhora da Conceição
78,Não identificado,02 Artes Visuais/Cinematográfica > 02.3 Escultura,Não identificado,Não identificada||Século XVIII,"Peça em marfim , esculpida em dois blocos e encaixada por um pino, composta de várias figuras, sendo humana, de cordeiro, aves, água, pássaros, folhas, desenhos geométricos, cantil, embornal, grutas e leões. Bom Pastor em posição frontal, mão direita no queixo, cabeça levemente inclinada à direita, pastoreando ovelhas.",GO.99.029.210,Escultura||Bom Pastor
79,Não identificado,09 Objetos Cerimoniais > 09.3 Objeto de Culto,Não identificado,Não identificada||Século XX,"Cruz com base torneada, cruz com traves retas e recortadas , com decorações em metal prateado, placa de metal com a inscrição INRI, abaixo um resplendor e parte inferior com uma pequena imagem de Nossa senhora.",GO.99.029.142,Cruz||Cruz
80,Não identificado,02 Artes Visuais/Cinematográfica > 02.3 Escultura,Não identificado,Não identificada||Século XIX,"Figura masculina de pé, posição frontal, olhar baixo, barba com bigode. Cabelo longo partido ao meio em mechas cacheados caindo nas costas. Braço direito estendido a frente segurava os bastão e o esquerdo flexionado mão espalmada segurando o manto e/o menino Jesus. Túnica na altura dos joelhos cor rosa decorada com flores e frisos dourados. Manto Longo caído nos ombros envolta ao corpo com rosas douradas e verso verde. Calça bota marrom de cano longo. Peanha recortada de cor verde. Menino Jesus sentado, despido, cabeça levemente levantada; cabelos curtos e claro. Braço esquerdo sobre o peito e a direita segurando uma bala dourada. Pernas levemente flexionadas a esquerda.",GO.99.029.140,Escultura||São José de Botas
81,Não identificado,02 Artes Visuais/Cinematográfica > 02.4 Estampa,Não identificado,Não identificada||Século XX,"Gravura representando as Três Marias, sendo Nossa Senhora das Dores de joelhos, de pé Maria Madalena e a esquerda Maria Cleofas joelho segurando N. Srª das Dores. Todas vestem indumentária branca com azul. Moldura de madeira em forma de pilastra, pintada de dourado tendo terminação em frontão triangular dourado e o centro azul com flores douradas. Suporte de metal preso à parte superior traseira.",GO.99.029.200,Quadro||Aos Pés da Cruz
82,Não identificado,02 Artes Visuais/Cinematográfica > 02.3 Escultura,Não identificado,Não identificada||Século XIX,"Nossa Senhora Sant'Ana sentada, de frente, cabeça pendida à esquerda, boca fechada, nariz aquilino, fisionomia serena, cabelos incisos, pescoço grosso. Braços flexionados, o direito segurando um livro, o esquerdo as costas de Nossa Senhora. Véu curto arredondado em tom azul, parte interna azul com barra dourada com panejamento e uma ponta caindo no joelho direito. Nossa Senhora de pé, levemente de perfil, cabeça pendida à direita, olhos voltados à direita. Boca fechada, cabelos incisos meio curtos. Túnica em fundo verde com estamparia florida debruada de dourado no decote. Manto azul com interior vermelho, debruado de dourado. Cadeira com espaldar alto com terminação em vieira estilo D. João V. Braços flexionados, o direito apontando o livro e o esquerdo com mão espalmada sobre ele. Peanha retangular com ângulos dianteiros batidos, traseiro de ângulos batidos de madeira escurecida.",GO.99.029.199,Escultura||Sant'Ana Mestra
83,Não identificado,02 Artes Visuais/Cinematográfica > 02.3 Escultura,Não identificado,Não identificada||Século XIX,"Figura feminina, sentada em banqueta, tendo ao colo a figura de Cristo morto. Cabeça voltada para a direita, olhos baixos pintados direcionados. Boca fechada, nariz aquilino, braço direito flexionado com a mão segurando o corpo do Cristo, o esquerdo flexionado com a mão espalmada apoiada no braço esquerdo do Cristo. Túnica branca com flores douradas. Manto longo, fundo roxo caindo sobre os ombros, pernas em afastamento, pés firmes. Figura do Cristo morto no colo, cabeça de perfil, olhos fechados, boca fechada, cabelos longos em mechas, barba longa, braço direito caído na vertical, o esquerdo estendido sobre o corpo. Mãos espalmadas, pernas flexionada, pés separados. Perizônio branco com dourado. Banqueta retangular com pé de cachimbo dourado, assento vermelho, peanha retangular, azul marinho e roxo. Carnação e policromia.",GO.99.029.196,Escultura||Nossa Senhora da Piedade
84,Não identificado,02 Artes Visuais/Cinematográfica > 02.3 Escultura,José Joaquim da Veiga Valle,Não identificada||Século XIX,"Menino Jesus deitado, olhos abertos, nariz aquilino, cabelos meio longos dourados em mechas na testa e para trás. Braço direito flexionado com mão em posição de abençoar, o esquerdo flexionado na horizontal, perna direita flexionada para trás e esquerda para frente sobreposta à perna direita. Escultura policromada.",GO.99.029.194,Escultura||Menino Jesus
85,Brasil > Goiás > Goiânia,02 Artes Visuais/Cinematográfica > 02.3 Escultura,Sebastião Epifanio,Não identificada||Século XX,"Figura masculina, ajoelhado de frente. Cabeça ligeiramente inclinada a esquerda. Olhos direcionados ao alto. Cabelos curtos para trás. Barba cerrada média. Braços flexionados com as mãos postas. Veste tunica azul marinho mangas longas com cola e punhos vermelhos. Manto saindo dos ombros esquerdo envolta ao corpo prese no braço esquerdo.",GO.99.029.129,Escultura||São José
86,Não identificado,02 Artes Visuais/Cinematográfica > 02.3 Escultura,Não identificado,Não identificada||Século XVIII,"Figura feminina de pé, cabeça levemente a direita, olhos abertos de vidro. Boca fechada, nariz aquilíneo. Fisionomia serena. Cabelos longos (ilegível) e semeaberto pelo véu curto. Pescoço curto. Braços flexionados, mãos espalmadas com posição de segurar o manto. Veste túnica longa estampada de vermelho e dourado e manto azul longo caído sobre os ombros esquerdo e presa na dobra do braço direito.  A madeira entalhada é composta por cinco partes. A policromia é composta por azul, vermelho, bege e dourado.",GO.99.029.255,Escultura||Nossa Senhora da Abadia
87,Não identificado,02 Artes Visuais/Cinematográfica > 02.3 Escultura,José Joaquim da Veiga Valle,Não identificada||Século XIX,"Figura masculina, de pé, posição frontal, cabeça levemente pendida a esquerda, tez preta. Olhos abertos direcionados para a frente. Nariz aquilino. Boca entreaberta. Cabelos encaracolados e corte arrendondado. Pescoço longo, braços flexionados para frente, com as mãos espalmadas em posição de segurar o Menino Jesus. Veste túnica preta longa presa a cintura com cordão duplo com três nós dourado. Capa caindo nas costas com capuz, traje franciscano. Pés com pequeno afastamento na diagonal com sandálias em tiras. Menino Jesus deitado, olhos abertos nariz aquilinho, cabelos meio longos dourado com mechas na testa e para trás. Braço direito flexionado com mão em posição de abençoar, o esquerdo flexionado na horizontal, pernas flexionadas a frente da direita.",GO.99.029.171,Escultura||São Benedito
88,Não identificado,02 Artes Visuais/Cinematográfica > 02.3 Escultura,Não identificado,Não identificada||Século XIX,"Figura masculina de pé, posição frontal, apoiando na perna direita, cabeça inclinada à esquerda. Olhos abertos, baixos. Cabelos curtos negros, nariz aquilíneo, boca pequena. A imagem tem o corpo amarrado a um tronco de árvore, sendo os braços e os pés amarrados com corda prata. Corpo envolvido por perizônio vermelho sobre os quadris. Há alguns orifícios onde se encaixava as flechas. Peanha quadrada presa ao tronco da árvore.",GO.99.029.018,Escultura||São Sebastião
89,Não identificado,02 Artes Visuais/Cinematográfica > 02.3 Escultura,Não identificado,Não identificada||Século XVIII,"Figura feminina de pé, de frente, cabeça levemente a esquerda, cabelos longos em mechas caído nas costas. Véu curto com movimentação. Olhos pintados, boca fechada. Braço flexionado com mão espalmada servido de apoio para o Menino Jesus. Veste túnica longa, atado a cintura com cordão. Manto longo caindo sobre o ombro direito e outra abaixo braço esquerdo (vestígios de decoração verde em folha) Menino Jesus, sentado de frente, cabelos ondulados, cabeça voltada a esquerda. Olhos pintados, braço direito flexionado na vertical com mão espalmada, o esquerdo na horizontal com mão espalmada apoiada no peito. Pernas cruzadas com nuvens onde aparece a frente três cabeças de anjos. Base escalonada chanfrada com desenhos.",GO.99.029.202,Escultura||Nossa Senhora D'Abadia
90,Não identificado,02 Artes Visuais/Cinematográfica > 02.3 Escultura,Não identificado,Não identificada||Século XIX,"Virgem do parto, figura feminina de pé, posição frontal, olhar direcionado ao longe, perna direita com joelho flexionado. Veste túnica longa azul estampada com flores douradas. Manto longo, caindo nos ombros azul escuro, barra dourada com verso vermelho, decorado com flores douradas brancas. Cabeça coberta com véu curto verde claro estampada de flores e ramos dourados e branco, cabelos longos partidos ao meio com mechas no ombro esquerdo. Braços flexionados a frente, com as mãos espalmadas segurando o menino Jesus despido. Braço direito flexionado com a mão sobre o peito, esquerdo estendido com a mão espalmada. Peanha trapezoide marmorizada em azul.",GO.99.029.004,Escultura||Nossa Senhora do Parto
91,Não identificado,02 Artes Visuais/Cinematográfica > 02.3 Escultura,Não identificado,Não identificada||Século XIX,"Figura feminina posição frontal, sentada. Cabeça inclinada a esquerda. Olhos baixos. Cabelos partidos ao maio, longos cabelos com véu branco curto. Braço direito flexionado com mão espalmada segurando o libro aberto que esta apoiado na perna esquerda. Braço esquerdo estendido com mão sobre as costas de Nossa Senhora Menina. Perna direita flexionada para trás. A esquerda a frente. Veste túnica rosa longa cintada e calça sapato preto, decote drapeado branco. Manga longa justa. Manto ocre com verde caindo do ombro direito envolta ao corpo com uma ponta sobre a perna esquerda, barra dourada. Nossa Senhora de pé, de frente. Cabelos escuros partido ao meio com coque atrás. Braço direito estendido sobre o livro com a mão aberta para cima. Braço esquerdo flexionado com a mão segurando o livro. Veste túnica branca longa, decote drapeado. Manga azul com vermelho caindo no ombro direito envolta ao corpo preso a cintura lado direito, livro branco com capa vermelha. Base oval fixa a uma tábua oitavada. Cadeira de assento reto. A madeira esculpida é composta por cinco blocos. A Policromia em rosa, verde, ocre, azul, vermelho, branco e dourado. A carnação é rosa claro e os olhos de vidro.",GO.99.029.019,Escultura||Sant'Ana e Nossa Senhora
92,Não identificado,02 Artes Visuais/Cinematográfica > 02.3 Escultura,Não identificado,Não identificada||Século XIX,"Figura feminina de pé, posição frontal. Cabeça levantada, olhos para alto e para frente. Cabelos longos caídos nas costas, levemente ondulados e partidos ao meio. Sobrancelhas finas, nariz reto. Boca pequena, lábios finos e recortados, buço bem visível. Braços flexionados sobre o tórax, mão direita sobre a esquerda. Perna direita flexionada á frente da esquerda. Manto caindo nas costas, passando sobre o braço esquerdo. Ele é azul claro com fundo rosa claro, borda em friso dourado, acima da borda elementais florais. Pisa sobre nuvens com cabeça de três anjos. Panha octogonal pintada da marrom. A madeira cedro esculpida é composta por seis partes.",GO.99.029.252,Escultura||Imaculada Conceição
93,Não identificado,02 Artes Visuais/Cinematográfica > 02.3 Escultura,Não identificado,Não identificada||Século XVIII,"Figura feminina em pé de posição frontal, cabeça um pouco inclinada para esquerda, tem os olhos de vidro, nariz aquilíneo, boca semi-aberta, rosto redondo. Braço direito aberto e flexionado em posição de segurar. O braço esquerdo flexionado tendo nas mãos uma casa. Pernas direita flexionada sob a túnica. Veste habito de freira, sendo túnica marrom longa, manga bege sobre os ombros e véu preto e curto. Aos pés a metade do corpo de um homem mostrando um braço forte e parte da face, tendo barbas e cabelos longos. Peanha em forma de monte. A peça em madeira é esculpida e composta por três partes. A policromia é o bege, marrom, preto e verde. Apresenta um orifício na cabeça para o resplendor e outro na peanha para andor.",GO.99.029.507,Escultura||Santa Efigência
94,Não identificado,02 Artes Visuais/Cinematográfica > 02.3 Escultura,Não identificado,Não identificada||Século XIX,"Figura feminina em pé de posição frontal. Boca fechada, nariz aquilíneo, fisionomia serena. Cabelos longos e castanhos em mecha caído sobre os ombros e as costas. Pescoço longo. Braços flexionados com mãos postas. Apoiada na perna esquerdo com direito flexionada coberta pela túnica branca longa com pregas da cintura para baixo. Manto longo azul sobre os ombros com fundo vermelho. Base sendo uma peanha oval e furo na cabeça para resplendor. A peça é composta em cinco partes e a policromia em branco, azul e vermelho.",GO.99.029.256,Escultura||Nossa Senhora da Conceição
95,Não identificado,02 Artes Visuais/Cinematográfica > 02.3 Escultura,Não identificado,Não identificada||Século XVIII,"Figura feminina em pé, posição frontal, cabeça levemente inclinada á direita. Cabelos longos caindo para trás cobertos por um véu. Olhos pintados, nariz reto, boca pequena, veste túnica, presa á cintura um cordão. Manto saindo do ombro esquerdo, envolvendo o corpo e preso no braço esquerdo. Manto azul royal com flores e estrelas douradas, borda pintada em dourado, fundo vermelho. Pisa sobre o globo terrestre com três cabeças de anjo. Base da peanha em forma de pirâmide octogonal. Peanha pintada de vermelho e azul médio.",GO.99.029.253,Escultura||Nossa Senhora do Rosário
96,Não identificado,02 Artes Visuais/Cinematográfica > 02.3 Escultura,Não identificado,Não identificada||Século XIX,"Figura feminina, de pé, posição frontal, pés sob globo formato de nuvens, com três anjos na frente. Cabeça levemente inclinada a frete. Olhos direcionados nariz aquilino. Cabelos partidos ao meio caído nas costas. Coberto por véu caindo em ponta nas costas. Braço direito flexionado a frente com mão espalmada, esquerdo flexionada, mão espalmada servido de apoio para o menino. Perna direita flexionada e a esquerda reta. Veste túnica longa cobrindo o pé presa na cintura por faixa. Decote decorada com flores e barra dourada drapeada, com barras dourado. Manto caindo do ombro esquerdo cobrindo as costas junto as pontas juntas no braço esquerdo decorado com flores; verso vermelho, barra dourada. Base retangular com cantos batidos. A escultura foi feita com somente uma peça de madeira, os olhos pintados e carnação clara e lábios vermelhos.",GO.99.029.245,Escultura||Nossa Senhora Abadia com Menino
97,Não identificado,02 Artes Visuais/Cinematográfica > 02.3 Escultura,Não identificado,Não identificada||Século XIX,"Figura masculina de pé posição frontal. Inclinada para direita, o corpo e cabeça. Cabelos curtos. Barba curta serrada, partida ao meio. Braço direito flexionado, mão em posição de segurar. Pés descalços em afastamento, perna direita flexionada. Veste, habito religioso, cordão religioso, cordão amarrado na cintura, capa 3/4 caindo do ombro com capuz no pescoço.",GO.99.029.004,Escultura||São Nicolau
98,Não identificado,02 Artes Visuais/Cinematográfica > 02.3 Escultura,Não identificado,Não identificada||Século XIX,"Figura feminina, de pé, posição frontal, cabeça ligeiramente inclinada a esquerda. Olhos pintados voltados para o mesmo lado. Cabelos pretos semi longos lisos caindo sobre os ombros. Boca pequena fechada de cantos caídos. Braço esquerdo flexionado junto ao corpo na horizontal com mãos de segurar. Veste túnica semi longa rosa presa a cintura por um cordão formando uma saia com pregas, com motivos vermelhos. Manto longo vermelho caindo do ombro esquerdo passando pelas costas e drapeado na frente. Perna direita flexionada a frente. Perna esquerda firme para trás. Pés afastados, calça sapatos. Do lado esquerdo uma torre com base e cúpula com pintura na frente da torre representando uma janela gradeada, portas nos três lados da torre na cor preta. A pecúlia da figura feminina é quadrada com cantos batidos, sendo com a torre retangular. A imagem é composta de duas seções, sendo a torre encaixada na figura feminina. Escultura policromada.",GO.99.029.026,Escultura||Santa Bárbara
99,Não identificado,02 Artes Visuais/Cinematográfica > 02.3 Escultura,Não identificado,Não identificada||Século XIX,"Figura masculina, de pé, cabelos encaracolados em corte arredondado com tonsura. Braço direito afastado do corpo e direcionado para frente. Braço esquerdo flexionado, mão espalmada tendo preso ao cinto um buquê de flores, perna direita flexionada para trás e esquerda a frente reta. Vesta hábito preto franciscano com capuz. Cordão enrolado na cintura. Peanha arredondada com ângulos dianteiros batidos, frente abaulada, costas retas. Escultura policromada.",GO.99.029.020,Escultura||São Benedito das Flores
100,Não identificado,02 Artes Visuais/Cinematográfica > 02.3 Escultura,Não identificado,Não identificada||Século XIX,"Figura feminina de pé, posição frontal, olhos abertos, cabelos lisos caídos nas costas, aparecendo a parte das orelhas, coberto por véu em pontas. Veste túnica longa cobrindo os pés presa a cintura por cordão, cola de drapeada. Manto envolvendo as costas preso as pontas sob braço esquerdo. Pernas firmes pisando na lua com base formando por nuvens com querubins a frente. Peanha oitavada. A madeira é cortada em quatro blocos, imagem pecúlia e as mãos. Policromia carnação rosa pálido. Olhos pintados, pintura de flores no manto e na túnica, cores tuca azul claro, manto azul escuro, verso vermelho, véu e asa de anjo vermelha, flores douradas, nuvens azul e dourado, pecúlia vermelha.",GO.99.029.244,Escultura||Nossa Senhora da Conceição
101,Não identificado,02 Artes Visuais/Cinematográfica > 02.3 Escultura,Não identificado,Não identificada||Não identificada,"Figura masculina de pé , frontal, cabeça pendida a direita, cabelos penteados para trás, caindo sobre os ombros, capacete azul com moldura dourada e pequeno penacho. Olhos pequenos, sobrancelhas finas, nariz aquilíneo, boca pequena, rosto sereno. Braço esquerdo estendido com a mão segurando um bastão e braço direito estendido com a mão segurando uma balança, tendo em cada bacia e metade da figura humana. Perna direita erata apoiada sobre as nuvens e esquerda flexionada com pé em plano mais alto. Usa sandálias de cano até altura dos joelhos. Túnica ou armadura junto ao corpo, saiote curto. (...) tons rosa, azul e dourado. Policromia. Manto em movimento esvoaçante saindo do ombro esquerdo, em cores verde, vermelho, dourado e com desenhos fitomórficos. Asas nasce nas costas, estão abertas, apresentando três cores. Base em forma de nuvens esvoaçantes e pedra retangular com cantos chanfradas.",GO.99.029.505,Escultura||São Miguel
102,Não identificado,02 Artes Visuais/Cinematográfica > 02.3 Escultura,José Joaquim da Veiga Valle,Não identificada||Século XIX,"Figura masculina, de pé, posição frontal, cabeça pendida a esquerda, cabelos calvo e cacheado. Olhos altos de vidros, nariz aquilino. Boca entreaberta. Barba serrada partida no queixo. Braço esquerdo flexionado com a mão espalmada sobre o peito. O direito somente ante braço afastado do corpo. Perna direita flexionada a altura do joelho com o pé em afastamento. Perna esquerda firme na diagonal. Sapato preto com decoração dourada. Túnica longa purpura com decoração dourada. Sobre túnica azul com flores dourada e branca. Manto longo caído sobre o ombro esquerdo envolta ao corpo com planejamento acentuado com grandes losangos no ocre, debruado de azul e dourado. Base redonda Vermelha.",GO.99.029.198,Escultura||São Pedro
103,Não identificado,02 Artes Visuais/Cinematográfica > 02.3 Escultura,Não identificado,Não identificada||Século XIX,"Nossa Senhora sentada em banco com a cabeça levemente pendida a direita. Olhos baixos boca fechada. Cabelos longos caído nos ombros coberto por um véu arredondado. Braço direito flexionado com a mão segurando a cabeça de Cristo, braço esquerdo flexionado à frente com a mão espalmada apoiada no joelho de Cristo. Veste túnica branca longa. Manto caindo dos ombros envolta ao corpo preso no colo, roxo com vermelho. No colo o corpo de Cristo com o braço direito caído a frente, o esquerdo sobre o corpo pernas flexionadas apoiadas no chão. Cristo está nu, envolvido apenas por perizônio branco. Peanha retangular com ângulos batidos. Escultura policromada.",GO.99.029.016,Escultura||Nossa Senhora da Piedade
104,Não identificado,02 Artes Visuais/Cinematográfica > 02.3 Escultura,José Joaquim da Veiga Valle,Não identificada||Século XIX,"Figura Feminina de pé sobre o globo com as pontas da lua crescente. Cabelos partidos ao  meio longos para trás, posição frontal, cabeça ligeiramente inclinada a esquerda. Olhar direcionado. Braços flexionados, veste túnica longa atada na cintura. Manto longo, caindo do ombro esquerdo e preso uma ponta no braço direito com acentuado planejamento. Pecúlia quadrada.",GO.99.029.006,Escultura||Nossa Senhora da Conceição
105,Não identificado,02 Artes Visuais/Cinematográfica > 02.3 Escultura,Não identificado,Não identificada||Século XIX,"Figura masculina de pé amarrado em um tronco, cabeça inclinada a esquerda, olhar direcionado, cabelos curtos para trás partido ao meio. Braço direito flexionado para cima punho junto ao galho, mão com dedos curvos. Braço esquerdo caído por trás de um galho. Perna esquerda reta, direita flexionada no joelho, pés firmes ligeiramente em diagonal. Veste apenas o perizônio amarelo, corpo nu, orifício para retas no braço, no tórax e nas pernas com respingo vermelho imitando sangue. Tronco verde com 6 galhos ligados a peanha escalonada marmorizada em verde friso vermelho canto batido atrás reto. Escultura policromada.",GO.99.029.015,Escultura||São Sebastião
106,Não identificado,02 Artes Visuais/Cinematográfica > 02.3 Escultura,Não identificado,Não identificada||Século XIX,"Figura masculina, de pé, frente com corpo levemente inclinado à esquerda, cabelos longos e escuros em mechas com movimentos para trás. Barba cerrada, bigodes longos. Boca fechada, olhos abertos e direcionados para direita. Braço direito estendido e o esquerdo flexionado, mão aberta apoiando o manto que serve de suporte para o Menino Jesus. Perna direita levemente flexionada e a esquerda em posição reta. Botas de canos longos, na cor preta com decoração em dourado. Veste túnica vermelha, decorada com florões dourados, manto dourado com elementos fitomorfos,verso escuro, decote debruado de vermelho. Usa na cintura uma faixa preta, manto longo, caindo sobre o ombro esquerdo, contorna o corpo, acentuado panejamento, decorado c/ flores douradas e vermelhas, fundo escuro. Peanha redonda, vermelha. Escultura em madeira, policromada, dourada, florões esgrafiados. Orifício para resplendor na cabeça.",GO.99.029.003,Escultura||São José de Botas
107,Não identificado,02 Artes Visuais/Cinematográfica > 02.3 Escultura,Não identificado,Não identificada||Século XIX,"Figura de pé, de frente cabeça levemente inclinada para frente. Olhos abertos de vidro para baixo. Boca fechada com sorriso de ponta para cima nariz aquilino. Cabelos longos, incisos em mechas e meio cobertos pelo véu. Pescoço curto . Braços Flexionados sendo o direito na lateral e esquerdo apoiando o manto sob o menino. Mãos de segurar apoiada na perna esquerda com flexão no joelho direito. Véu Curto branco debruado, manto azul longo debruado com fundo vermelho. Túnica longa Rosa debruada de marrom presa ao alto. criança com cabelo em bandó. Olhos abertos de vidro para baixo. pescoço curto. Despido. Globo na mão esquerda apoiado no manto. Nuvens com 5 anjos .Peanha marrom oitavada com pontas douradas.",GO.99.029.204,Escultura||Nossa Senhora da Penha
108,Não identificado,02 Artes Visuais/Cinematográfica > 02.3 Escultura,Não identificado,Não identificada||Século XVIII,"De pé de frente. Cabeça levemente pendida a esquerda Olhos Baixos. Boca fechada.  Nariz aquilino. Fisionomia triste. Cabelos talhados, longos com pontas cacheados. Barba talhada em duas pontas. Pescoço curto, Braços Flexionados, o direito na diagonal e o esquerdo segurando o menino Jesus. Perna Direita com o joelho flexionado, em passo. Pés com botas pretas de cano longo. Túnica curta, vermelha, debruada e decorada de dourado com friso azul, fundo verde com flores prateadas,  com dourado. Caído sobre o ombro esquerdo e envolvendo o corpo. Na mão esquerda pano branco decorado de dourado. Menino Jesus: Sentado de frente despido. Cabeça levemente pendida à frente. Olhos abertos. Bola fechada. Nariz achatado. Cabelos incisos e curtos. Braços flexionados, direito em angulo para cima e o esquerdo para baixo. pernas flexionadas, cruzadas, esquerda sobre a direita. Peanha retangular, cinza.",GO.99.029.495,Escultura||São José de Botas c/menino
109,Não identificado,02 Artes Visuais/Cinematográfica > 02.3 Escultura,Não identificado,Não identificada||Século XIX,"Figura feminina de pé, cabeça levemente a direita. Olhos abertos ao longe. Boca fechada. Nariz reto. Cabelos longos encaracolados de véu curto branco e decorado de dourado. Pescoço grosso, braço flexionados, o direito com mão segurando palma verde, o esquerdo com a mão espalmada. Perna esquerda com joelhos flexionados. Pés com médio afastamento com sapatos brancos com dourados. Policromada. Túnica branca e decoração em flores e ramas douradas e decorada com prega dourada. Sobretudo azul com saia branca. Manto 3/4 vermelho.",GO.99.029.393,Escultura||Santa Luzia
